person_age,person_income,loan_amnt,loan_int_rate
22,59000,35000,16.02
21,9600,1000,11.14
25,9600,5500,12.87
23,65500,35000,15.23
24,54400,35000,14.27
21,9900,2500,7.14
26,77100,35000,12.42
24,78956,35000,11.11
24,83000,35000,8.9
21,10000,1600,14.74
22,85000,35000,10.37
21,10000,4500,8.63
23,95000,35000,7.9
26,108160,35000,18.39
23,115000,35000,7.9
23,500000,30000,10.65
23,120000,35000,7.9
23,92111,35000,20.25
23,113000,35000,18.25
24,10800,1750,10.99
25,162500,35000,7.49
25,137000,34800,16.77
22,65000,34000,17.58
24,10980,1500,7.29
22,80000,33950,14.54
24,67746,33000,12.68
21,11000,4575,17.74
23,11000,1400,9.32
24,65000,32500,9.99
21,11389,4000,12.84
21,11520,2000,11.12
25,120000,32000,6.62
26,95000,31050,14.17
25,306000,24250,13.85
26,300000,7800,13.49
21,12000,2500,7.51
22,48000,30000,18.39
24,64000,30000,14.54
25,75000,30000,16.89
26,62050,30000,17.99
24,12000,2500,12.69
26,300000,20000,7.88
23,300000,24250,19.41
26,300000,10000,10.38
26,300000,25000,15.33
25,300000,18000,16.45
26,80690,30000,7.49
22,66300,30000,12.69
26,89028,30000,6.62
23,78000,30000,18.62
23,92004,30000,15.23
23,97000,30000,10.65
25,120000,30000,7.9
26,280000,10000,15.96
26,277104,20000,11.48
25,128000,30000,7.29
21,131000,30000,5.99
22,275000,12000,11.58
25,221850,25000,15.7
22,70000,29100,15.99
22,12000,1500,14.84
26,260000,28000,10.99
25,259000,20000,14.42
24,255000,9600,6.99
25,250000,25000,13.49
21,12000,3000,13.61
23,65000,28000,7.9
26,85000,28000,7.49
26,12000,6100,7.51
22,88000,28000,9.91
21,12000,4200,13.48
22,12000,4750,7.14
24,83004,28000,15.99
24,250000,18000,12.98
144,250000,4800,13.57
25,100000,28000,12.69
26,110000,28000,8.9
23,151200,28000,11.11
21,12000,3250,15.68
22,70000,27500,13.06
26,73200,27050,15.62
24,83000,27000,13.49
23,62500,26000,11.71
23,120000,25600,12.69
24,12360,1600,13.57
22,60000,25475,10.99
25,234000,20000,14.27
24,234000,20000,8.88
26,234000,21600,12.18
25,221004,11900,14.42
26,232500,25000,14.17
25,230000,35000,13.99
23,83000,25300,10.99
25,12600,1750,13.61
21,42500,25000,12.73
25,12816,3000,12.87
24,12960,3650,9.91
26,226000,20000,11.49
25,225000,30000,19.91
26,213000,35000,10.65
24,12960,4500,11.83
23,12996,2400,13.49
22,42000,25000,14.59
26,48000,25000,9.64
25,12996,3600,14.59
25,42360,25000,16.35
21,49000,25000,10.99
25,225000,25000,18.67
26,225000,3000,9.32
23,225000,7500,8.63
26,225000,25000,10.08
22,49464,25000,11.83
23,50000,25000,7.9
25,50000,25000,5.99
24,44000,25000,15.33
23,50000,25000,11.83
22,50004,25000,10.36
22,50004,25000,12.23
22,52000,25000,11.11
23,13200,4950,7.9
24,220000,25000,11.58
23,216000,21000,8.9
25,216000,25000,16.07
26,216000,20000,14.22
23,215000,35000,14.79
26,215000,12000,7.88
23,52000,25000,13.22
26,46000,25000,11.86
22,53000,25000,13.43
26,47000,25000,15.28
23,47000,25000,17.93
23,13200,1400,9.25
21,13200,4500,12.98
22,210000,16000,10.62
26,210000,22000,11.83
26,48000,25000,18.43
23,55000,25000,11.36
23,55000,25000,15.65
24,55164,25000,13.22
26,56000,25000,12.87
24,203500,20000,13.04
23,190000,22000,17.58
23,13920,7750,17.04
24,60000,25000,10.99
24,60000,25000,11.11
26,54000,25000,14.83
24,200000,12000,12.69
24,200000,12000,13.49
21,200000,16000,14.65
25,54000,25000,16.82
23,60000,25000,12.73
23,60000,25000,10.25
21,60000,25000,10.99
25,61959,25000,12.73
22,56400,25000,14.96
21,200000,25000,13.99
24,200000,24000,7.49
26,200000,15000,14.79
25,200000,15500,11.99
24,200000,10000,8.49
24,66000,25000,9.91
22,66000,25000,13.06
22,200000,9000,6.17
144,200000,6000,11.86
25,200000,18000,16.32
25,200000,12000,10.38
25,200000,23050,14.35
26,66996,25000,15.21
23,67000,25000,7.9
24,67000,25000,10.99
24,68000,25000,14.09
25,69000,25000,17.49
25,200000,12000,11.48
26,188000,20000,17.74
26,200000,3000,13.92
25,69996,25000,15.21
22,14400,4000,10.99
24,70000,25000,11.86
24,14400,6000,7.49
24,56100,25000,16.49
25,66000,25000,15.33
26,66000,25000,11.58
25,14400,5375,5.79
25,72612,25000,13.11
23,74000,25000,10.36
25,75000,25000,10.36
21,192000,20000,6.54
25,191000,10000,12.53
24,75000,25000,10.25
22,71000,25000,15.95
26,190000,20000,12.18
23,189996,24000,11.83
23,78000,25000,10.62
23,78504,25000,10.74
25,186000,10000,10.25
25,185000,15000,15.27
24,62050,25000,15.33
23,79416,25000,15.21
21,14400,6250,14.72
24,79631,25000,15.7
24,79632,25000,13.35
24,80000,25000,6.62
26,80000,25000,13.61
22,185000,25000,11.36
26,185000,5000,7.68
24,184992,22000,14.46
23,184000,2500,11.83
24,172000,20000,13.47
24,183000,20000,11.49
25,182952,15000,6.03
23,74004,25000,16.35
25,81000,25000,7.29
23,81600,25000,11.36
24,82000,25000,10.25
24,83000,25000,11.12
24,83000,25000,12.92
24,180000,18000,18.64
23,180000,28000,7.51
23,14400,4000,16.7
22,14400,2100,11.14
22,84500,25000,18.3
24,85000,25000,10.62
24,180000,14000,11.99
26,180000,12000,9.63
25,142800,10000,18.25
24,87000,25000,14.84
24,75000,25000,14.7
23,76000,25000,16.02
23,66215,25000,15.37
25,90000,25000,10.99
21,15000,6200,7.9
26,180000,25000,10.99
24,180000,21000,11.48
25,180000,20000,14.26
26,180000,10000,8.0
25,180000,9950,11.26
23,78000,25000,16.32
25,66300,25000,17.93
23,90000,25000,11.36
24,79000,25000,14.96
24,91800,25000,13.43
25,92000,25000,12.69
24,92000,25000,12.73
23,93600,25000,15.21
23,15000,1750,12.68
23,70550,25000,19.04
25,83800,25000,15.95
26,175000,2600,8.9
25,175000,8000,7.9
23,175000,21000,11.99
23,15000,4000,13.98
23,15000,4600,10.99
22,88000,25000,15.58
25,74800,25000,10.99
25,88000,25000,14.96
25,15000,1750,15.31
26,88000,25000,15.65
25,100000,25000,9.33
23,15000,3600,13.47
24,102400,25000,10.36
24,92000,25000,16.77
23,93000,25000,14.59
22,175000,3500,11.91
23,175000,7200,8.38
25,174708,9000,10.59
25,174000,8800,14.27
26,174000,12000,12.53
25,162000,25000,16.0
26,173467,10000,11.71
21,15000,3175,11.54
25,96000,25000,15.68
21,15120,1500,10.59
24,97908,25000,12.61
23,15204,2800,8.49
25,159600,30000,17.27
24,171500,18000,8.9
25,170004,10000,11.11
24,158004,25000,14.59
26,170000,13000,12.42
24,110000,25000,15.7
22,15360,2500,12.53
25,134300,5000,16.49
25,170000,20000,7.49
22,100580,25000,14.96
25,113000,25000,12.73
24,120000,25000,10.65
25,120000,25000,10.74
23,120000,25000,9.99
24,91800,25000,15.33
21,15600,1000,7.29
26,108000,25000,15.05
26,129996,25000,10.75
23,130000,25000,16.02
23,130000,25000,11.49
25,170000,20000,12.53
26,170000,12000,13.57
22,169000,14000,11.14
26,168750,24250,12.87
23,168600,20000,11.58
24,168288,1800,11.12
25,168000,35000,10.65
24,133300,25000,10.37
24,15600,3300,6.39
24,134000,25000,16.07
25,134000,25000,10.62
25,15600,3200,18.09
25,135000,25000,11.36
26,135660,25000,12.53
25,145000,25000,9.99
23,150000,25000,10.36
23,165000,9600,5.99
22,153000,24000,15.62
24,165000,20000,10.37
25,165000,25000,19.74
21,165000,20000,6.91
23,16000,6000,7.9
23,16000,2275,13.06
23,16000,2000,6.39
23,148000,25000,14.93
23,16000,5600,12.84
24,16020,3625,17.14
22,16094,5500,7.14
25,175000,25000,8.9
22,16200,2000,12.42
24,185000,25000,12.68
25,162000,25000,11.03
26,161000,30000,7.9
22,160000,35000,10.65
25,225000,25000,11.86
25,16400,5000,8.94
23,16500,4375,9.63
25,49500,24750,14.22
23,60000,24750,9.33
24,84200,24500,13.85
22,16800,2000,10.65
24,92000,24500,11.46
23,160000,35000,7.66
24,160000,12000,16.77
25,160000,12000,9.63
26,160000,25000,12.23
25,125800,10000,14.09
25,54000,24250,13.98
23,62500,24250,10.62
25,68400,24250,17.56
26,56045,24250,14.96
22,74000,24250,15.65
24,65453,24250,15.7
24,89908,24250,12.53
26,78000,24250,17.56
23,100000,24250,12.87
23,103000,24250,15.7
25,160000,15000,11.14
24,160000,20000,16.0
23,160000,25000,15.65
21,160000,15250,15.31
25,160000,20000,13.47
22,16800,4750,13.85
21,16800,6000,10.39
25,115200,24250,11.36
23,144000,24250,11.83
23,287000,24250,12.53
22,108000,24150,14.96
22,43000,24000,13.85
23,47004,24000,11.58
24,48000,24000,16.29
21,44964,24000,16.29
24,47000,24000,17.8
22,17400,1000,11.36
22,49000,24000,17.56
26,60000,24000,7.9
25,60000,24000,10.99
22,60000,24000,7.29
21,60000,24000,10.75
26,62004,24000,7.9
22,62400,24000,14.84
23,59000,24000,19.69
24,60000,24000,14.96
25,66143,24000,6.99
22,62250,24000,16.45
24,70000,24000,10.99
23,74000,24000,10.99
22,18000,3000,7.9
22,75000,24000,12.69
24,75000,24000,10.37
26,69000,24000,15.83
23,78000,24000,13.92
24,80000,24000,10.25
22,18000,3500,7.49
23,18000,4000,5.99
23,74700,24000,12.92
26,88596,24000,11.58
25,95000,24000,8.9
22,83000,24000,19.69
25,95000,24000,6.54
21,18000,4900,14.54
26,100000,24000,12.73
24,110000,24000,15.62
24,18000,6250,6.54
26,103872,24000,20.03
22,120000,24000,9.91
24,120000,24000,12.69
26,108000,24000,20.16
24,124080,24000,16.49
23,18000,2500,15.95
24,130000,24000,11.49
25,135000,24000,10.99
24,135000,24000,13.79
23,114750,24000,20.03
23,150000,24000,7.49
23,138000,24000,16.0
24,18000,13000,7.88
21,18000,6250,10.62
26,155000,24000,10.99
26,148000,24000,18.3
21,18000,2500,11.36
23,120000,23750,13.47
24,54996,23600,11.89
24,18000,10000,12.18
25,102000,23600,13.49
23,75000,23575,14.5
22,18000,5400,15.31
22,66960,23400,7.49
23,60000,23000,12.18
24,18000,1200,11.34
25,63208,23000,9.91
24,65000,23000,11.99
23,68000,23000,9.62
22,18000,3000,9.96
24,88000,23000,14.54
22,58600,22750,11.36
23,70000,22500,14.27
24,18287,3000,11.99
26,69846,22500,18.99
24,73000,22400,16.7
24,18500,5000,9.32
23,35000,22250,12.69
25,43000,22000,13.11
25,52000,22000,10.74
21,18701,4200,14.11
22,57000,22000,9.63
25,58000,22000,14.65
23,60000,22000,10.25
24,60000,22000,14.26
25,18840,3000,9.91
26,56000,22000,17.19
22,70000,22000,11.36
23,74064,22000,10.59
24,76597,22000,9.25
22,19000,3625,8.49
26,77000,22000,6.54
21,19000,6000,8.49
26,82600,22000,12.69
24,19000,7400,13.85
25,19000,4000,7.4
23,84000,22000,11.71
25,77650,22000,11.48
25,82000,22000,17.51
21,19012,3500,14.61
23,99996,22000,7.88
22,19200,4950,11.71
25,57000,21700,11.99
24,54000,21600,13.49
23,56000,21600,21.21
26,63000,21600,14.35
22,82000,21600,13.61
22,78000,21600,11.26
22,19200,2400,10.59
24,112140,21600,7.9
25,19200,3000,11.99
24,59000,21500,16.89
24,70000,21500,9.99
24,116000,21500,15.33
25,60000,21450,7.29
22,31000,21250,12.42
25,47052,21250,10.99
25,51060,21250,6.91
22,19200,5000,14.17
22,53000,21250,10.25
24,56000,21250,15.95
24,65000,21250,15.95
21,35000,21000,12.53
22,19200,1400,14.91
26,40000,21000,6.54
26,42000,21000,17.26
23,63000,21000,11.36
26,19200,4000,7.51
22,59000,21000,10.71
22,70500,21000,13.98
26,65219,21000,14.09
22,75000,21000,10.0
22,19200,5000,15.33
25,62047,21000,16.32
24,79000,21000,7.9
23,80000,21000,11.99
24,84000,21000,10.75
26,85000,21000,13.92
22,93000,21000,9.91
26,81000,21000,16.95
26,97000,21000,7.9
25,100000,21000,16.49
26,19200,7500,11.97
26,125000,21000,8.9
25,125000,21000,12.99
23,82000,20900,12.69
21,19500,15000,9.64
26,50000,20500,7.49
23,70000,20500,13.16
22,19800,2100,8.38
123,80004,20400,10.25
23,54000,20375,7.49
26,26000,20050,9.76
24,33000,20000,10.99
23,20000,5000,11.71
22,20000,9250,10.65
24,35364,20000,12.53
25,38000,20000,14.59
23,32000,20000,12.61
25,38004,20000,13.11
23,20000,6400,10.65
25,38556,20000,11.22
23,32900,20000,16.0
25,34000,20000,8.88
24,40000,20000,12.53
26,20000,4800,5.99
25,42000,20000,13.47
22,42224,20000,6.99
25,20000,5650,15.99
22,37212,20000,16.69
25,38000,20000,11.11
22,45000,20000,7.9
23,45000,20000,10.25
23,20000,1200,7.49
22,45000,20000,13.92
24,39000,20000,14.74
24,46500,20000,10.62
22,48000,20000,10.65
22,42000,20000,12.99
22,48500,20000,11.36
22,20000,7500,5.79
23,49400,20000,6.54
25,20000,4000,5.79
25,50000,20000,7.49
25,50000,20000,13.43
22,50000,20000,13.22
22,20000,5000,14.72
22,44000,20000,15.68
25,50950,20000,11.48
24,51000,20000,10.38
22,51000,20000,12.53
22,51000,20000,13.47
24,51500,20000,12.21
25,51996,20000,10.99
25,52000,20000,11.36
22,46000,20000,16.0
26,20000,1500,7.74
24,52000,20000,15.65
25,46000,20000,11.78
22,47000,20000,16.77
22,54000,20000,9.91
23,48000,20000,15.65
23,48000,20000,14.96
23,54000,20000,11.83
24,48912,20000,11.66
26,54996,20000,12.18
24,55000,20000,6.91
25,55000,20000,6.91
26,49000,20000,19.79
25,55000,20000,9.88
22,20000,16600,9.76
23,55000,20000,12.53
23,20004,7125,6.99
23,57000,20000,16.89
22,51012,20000,17.49
23,20004,2500,16.82
22,58000,20000,13.11
23,58800,20000,7.66
26,59000,20000,6.17
26,53000,20000,16.35
23,60000,20000,7.9
24,54000,20000,16.49
26,20280,7000,8.0
24,60000,20000,10.99
24,20352,7750,6.91
25,54000,20000,8.88
23,54000,20000,14.84
23,54000,20000,11.12
22,60000,20000,7.88
22,20400,6000,15.99
24,20400,5500,10.99
25,54000,20000,15.65
24,54000,20000,17.04
23,60000,20000,12.21
21,20400,1275,15.23
25,54000,20000,14.11
24,60000,20000,11.14
21,20400,2400,11.49
24,60000,20000,13.87
26,60000,20000,10.08
23,54504,20000,16.7
24,55000,20000,18.64
24,61000,20000,12.18
25,62000,20000,6.54
24,56000,20000,14.61
21,56000,20000,17.39
24,62400,20000,11.12
25,62400,20000,11.48
25,63000,20000,12.42
26,58000,20000,10.25
23,65000,20000,10.65
24,20800,5000,16.29
23,65000,20000,10.37
23,65000,20000,11.49
25,20868,5375,13.49
23,59000,20000,12.29
21,21000,3500,17.27
26,65004,20000,11.99
25,59004,20000,14.84
23,59004,20000,10.83
23,65500,20000,13.22
22,66996,20000,12.18
23,67000,20000,11.11
24,67000,20000,13.48
26,68000,20000,10.75
25,68000,20000,12.53
24,62400,20000,14.84
23,69500,20000,17.74
25,70000,20000,9.99
22,70000,20000,6.91
25,71004,20000,14.09
22,21000,3000,11.49
23,71004,20000,14.09
23,55392,20000,15.2
24,72000,20000,11.83
24,21000,6000,12.21
23,66000,20000,14.11
22,66000,20000,14.42
24,72000,20000,14.74
24,74000,20000,12.69
22,21120,1625,16.89
25,21221,8500,9.63
24,75000,20000,8.88
26,75000,20000,6.91
25,75000,20000,10.38
22,69000,20000,10.99
26,21600,5200,12.42
24,69000,20000,14.82
23,75600,20000,16.32
23,59497,20000,16.0
23,76000,20000,10.37
26,70000,20000,13.16
24,70000,20000,14.88
22,77004,20000,13.98
26,71004,20000,13.36
24,21600,8000,5.42
26,78000,20000,13.85
23,61200,20000,11.14
21,21600,3800,5.99
23,78000,20000,11.58
23,78500,20000,13.85
23,79000,20000,16.89
23,80000,20000,7.9
23,21600,6000,12.68
22,62900,20000,14.91
24,80000,20000,13.06
25,80000,20000,8.88
23,21600,2000,6.17
22,80000,20000,13.98
22,21600,8500,6.54
26,62900,20000,13.85
26,21600,1000,10.36
25,74004,20000,15.95
25,80004,20000,14.26
23,80700,20000,11.71
22,81000,20000,13.49
24,21600,2000,14.84
23,76042,20000,15.05
22,76654,20000,13.79
24,83500,20000,13.48
23,84000,20000,11.11
25,84000,20000,13.92
23,21600,4400,12.53
21,21600,10000,11.14
24,78996,20000,14.11
23,85000,20000,7.49
25,85000,20000,10.25
26,73000,20000,12.53
21,21816,1500,11.86
23,21840,9000,7.88
22,87000,20000,13.85
23,21996,6000,13.23
23,78000,20000,18.25
24,90000,20000,6.54
23,90000,20000,11.49
26,90000,20000,11.49
22,22000,7000,11.71
23,90000,20000,13.57
25,91229,20000,14.35
26,22000,3825,10.65
22,92000,20000,15.65
25,22000,5875,6.62
25,92407,20000,9.25
22,22000,2400,11.71
24,22000,8000,5.42
26,93492,20000,9.45
23,22000,1550,7.49
23,95000,20000,10.99
21,22000,7350,7.66
23,96000,20000,13.04
22,22000,7200,7.14
22,85200,20000,15.65
22,98000,20000,11.83
24,22000,3000,16.0
23,99000,20000,15.28
21,22000,4000,15.05
22,22000,8500,15.05
24,99996,20000,14.22
25,87996,20000,16.35
26,22000,7500,10.96
25,100000,20000,13.06
25,100000,20000,13.06
22,74800,20000,14.96
23,74800,20000,17.04
22,100000,20000,12.21
25,22260,6400,7.88
26,104000,20000,10.74
23,93000,20000,13.22
23,95000,20000,14.59
23,110000,20000,12.42
22,110000,20000,14.17
22,110000,20000,13.72
24,110000,20000,10.38
22,22800,2000,7.51
22,22800,7125,11.71
23,22800,3000,8.9
25,85000,20000,17.39
23,22800,4800,5.79
23,120000,20000,10.37
24,22800,4750,11.36
24,121000,20000,8.9
23,125000,20000,11.11
22,22800,3000,8.94
25,130000,20000,15.27
26,130000,20000,13.11
23,22884,6000,16.0
24,133000,20000,12.36
22,23000,10625,7.51
21,23000,7000,8.9
25,140000,20000,6.54
24,138000,20000,15.99
23,23000,3600,17.27
26,148000,20000,17.99
22,160000,20000,7.49
22,23000,4800,10.0
26,160000,20000,9.99
26,168000,20000,11.36
26,172500,20000,11.83
21,23000,3000,13.35
25,175000,20000,14.72
25,58000,19900,11.83
26,116000,19800,11.48
26,19500,500,11.41
21,19000,700,12.29
22,23000,7000,14.96
25,19000,750,12.29
22,10000,1000,14.74
22,23000,2400,9.63
21,23000,2400,12.21
22,11760,1000,13.98
25,12000,1000,10.65
21,12000,1000,13.98
22,12000,1000,13.57
22,12240,1000,14.96
21,14400,1000,16.29
23,23040,2000,11.11
22,14400,1000,16.69
21,23040,15000,8.94
22,15000,1000,14.3
21,16000,1000,15.65
22,16800,1000,13.48
24,19200,1000,12.53
23,39600,19000,10.62
22,39900,19000,12.18
25,47000,19000,11.99
25,50000,19000,10.99
24,23500,7000,10.38
26,47500,19000,16.7
23,54586,19000,11.14
26,62004,19000,7.49
22,70000,19000,8.88
23,72000,19000,10.99
24,73000,19000,10.62
23,78000,19000,8.9
25,23920,6000,14.59
26,96000,19000,13.22
24,105000,19000,12.29
24,175000,19000,11.48
26,55000,18800,6.99
22,70000,18750,10.38
22,36500,18725,6.54
22,43000,18550,11.83
24,24000,7100,12.42
24,34300,18500,10.71
21,36000,18500,10.91
22,38000,18500,7.66
25,55784,18500,13.61
23,74196,18500,11.26
25,75000,18500,7.49
24,73000,18500,7.9
22,24000,8000,9.91
21,24000,3000,7.9
24,78000,18500,15.33
26,145000,18500,12.87
22,24000,5000,7.9
22,48888,18400,13.16
22,50000,18400,9.99
23,120000,18400,8.9
22,24000,5000,14.65
25,24000,6000,13.49
22,34000,18250,10.25
24,35004,18250,11.49
25,34500,18250,17.04
23,42504,18250,10.25
22,24000,1300,5.42
22,36996,18250,14.61
24,45600,18250,13.35
23,46000,18250,10.75
25,46000,18250,14.26
25,55044,18250,17.56
22,50000,18250,16.7
23,50000,18225,10.74
26,44000,18225,14.91
24,36000,18200,8.88
25,36400,18200,9.91
22,36000,18200,11.71
24,55000,18200,10.99
23,27000,18000,11.54
23,24000,8000,15.62
23,33000,18000,9.91
21,30720,18000,13.48
23,39996,18000,9.25
25,40000,18000,13.11
22,24000,5000,10.99
25,42000,18000,6.17
24,24000,8000,5.99
24,24000,2400,7.49
24,42765,18000,11.03
24,43000,18000,7.9
22,44000,18000,13.57
24,44000,18000,12.18
25,39000,18000,17.19
22,46800,18000,15.23
24,42000,18000,14.46
24,24000,4200,6.99
24,43400,18000,16.63
24,50000,18000,12.42
24,50000,18000,7.9
23,24000,5000,15.99
26,50000,18000,13.11
22,50000,18000,13.79
22,24000,2500,10.59
22,24000,6000,12.68
25,52000,18000,12.98
22,52000,18000,13.85
25,52526,18000,12.21
22,46610,18000,10.71
24,48000,18000,6.54
23,24000,8000,5.79
25,55000,18000,12.84
25,55344,18000,10.99
23,24000,1375,11.11
24,56000,18000,13.48
21,50000,18000,14.74
21,52240,18000,19.69
26,53000,18000,17.19
22,60000,18000,16.32
22,60000,18000,9.33
25,61500,18000,13.23
26,24000,5000,7.66
22,62000,18000,13.85
23,24000,5600,9.63
24,24000,10000,6.92
22,63000,18000,9.63
23,63000,18000,10.99
23,63000,18000,13.57
25,65000,18000,13.99
24,59000,18000,14.96
26,59000,18000,16.0
26,60000,18000,16.29
25,66000,18000,10.25
21,68000,18000,10.65
24,70000,18000,9.88
25,54400,18000,16.0
25,70200,18000,16.45
25,65000,18000,15.33
26,71820,18000,11.83
24,66000,18000,14.54
24,72000,18000,7.88
24,24000,3000,13.98
25,24000,1200,15.21
23,75000,18000,12.73
25,24000,3500,15.58
23,75576,18000,9.88
21,24000,7000,11.86
26,78000,18000,13.49
21,80000,18000,7.9
23,80000,18000,8.49
22,80000,18000,10.99
26,80171,18000,13.85
23,81000,18000,13.98
23,24000,2800,16.07
23,76500,18000,10.65
24,24000,8500,15.7
26,24000,2100,13.11
22,82570,18000,15.27
26,24000,6000,10.99
25,84000,18000,9.88
22,24000,2500,7.14
25,85000,18000,11.71
26,86000,18000,8.49
23,87000,18000,11.89
23,88000,18000,13.16
23,90000,18000,8.88
24,95000,18000,8.49
26,95000,18000,15.31
24,102000,18000,12.53
24,110000,18000,12.18
23,87550,18000,7.51
26,116004,18000,11.83
24,121000,18000,18.3
22,125000,18000,14.79
25,24000,5000,10.95
22,144500,18000,13.72
24,155000,18000,10.62
22,24000,5000,12.21
21,75000,17950,10.91
25,24000,7000,9.63
23,62050,17800,16.35
23,24000,1500,12.21
22,48000,17750,13.49
22,65000,17700,11.49
26,24000,8000,9.76
24,24000,8000,11.34
22,24000,3975,13.87
23,45000,17625,8.9
22,65500,17600,10.74
24,70000,17600,10.62
21,24000,5000,8.7
23,24091,3500,12.99
24,72250,17600,17.19
25,32400,17500,15.95
23,36000,17500,14.22
21,37232,17500,12.53
21,24300,4500,11.83
21,24396,4000,15.05
24,40800,17500,10.62
22,24449,1800,11.89
25,44000,17500,12.53
23,47500,17500,13.61
22,49176,17500,13.85
23,49270,17500,13.85
23,53352,17500,6.54
24,54996,17500,17.19
24,58000,17500,13.49
23,59000,17500,9.25
26,60000,17500,6.54
26,75000,17500,7.9
22,24900,5500,13.16
25,95950,17500,11.71
21,24960,2000,13.99
23,40000,17475,9.91
21,45408,17475,9.91
23,24996,5000,12.69
22,58000,17475,7.51
24,82000,17400,11.99
24,96000,17400,10.37
24,133000,17400,11.71
24,95000,17200,17.58
23,35000,17000,10.37
26,29400,17000,12.99
21,24996,7000,15.58
22,40000,17000,10.65
22,41400,17000,12.87
22,42000,17000,7.66
24,43275,17000,13.47
24,45792,17000,10.38
23,47000,17000,9.99
25,49896,17000,16.82
24,50000,17000,13.79
23,24996,8000,11.26
23,51000,17000,8.49
25,52000,17000,12.98
21,24996,6500,11.34
23,52000,17000,11.58
23,54660,17000,9.88
24,55782,17000,7.51
23,53000,17000,10.25
22,25000,2400,14.27
23,60000,17000,11.11
25,60000,17000,6.91
25,62000,17000,5.99
26,65000,17000,13.47
23,70000,17000,8.88
24,75000,17000,12.53
24,75000,17000,9.33
23,78000,17000,10.99
21,25000,3600,9.91
23,85500,17000,13.11
22,89004,17000,9.63
26,66300,17000,16.77
23,90000,17000,10.59
26,95000,17000,11.49
22,96000,17000,11.48
25,114000,17000,10.37
26,175000,17000,9.88
21,49000,16950,18.25
24,72000,16875,6.54
26,25000,7000,6.99
23,25000,7200,8.49
22,34819,16800,10.99
22,50000,16800,12.53
22,25000,1800,8.49
22,60000,16800,14.65
24,60000,16800,6.54
23,60000,16800,13.85
26,54000,16800,12.67
22,25000,3000,9.99
22,66000,16800,13.49
22,58650,16800,16.77
24,74000,16800,15.65
26,97000,16800,12.42
26,97000,16800,6.17
23,103000,16800,13.11
24,125000,16800,12.42
25,25000,2000,14.17
23,36000,16750,15.28
22,44500,16750,10.75
26,45000,16750,12.41
23,46272,16750,11.99
24,25000,4000,11.11
26,42000,16750,17.58
22,50496,16750,13.11
24,54000,16750,20.11
23,54996,16700,10.37
25,59160,16600,14.18
26,70000,16525,13.92
25,98400,16525,15.28
22,40428,16500,10.75
23,47000,16500,10.62
22,48000,16500,8.9
25,25000,1500,6.76
25,56000,16500,12.8
25,57504,16500,9.32
24,25000,9000,7.14
26,25000,11500,7.88
25,25000,3000,6.76
26,83300,16500,16.77
24,45000,16425,13.49
24,61000,16400,10.99
26,47000,16250,12.42
21,25000,1000,7.51
22,54000,16075,10.37
25,39000,16050,17.14
23,30000,16000,13.23
22,33000,16000,10.99
26,35000,16000,6.03
26,25000,6250,15.31
24,35000,16000,11.71
23,25000,4750,13.57
22,36900,16000,7.9
25,38000,16000,12.87
25,39000,16000,15.65
24,39996,16000,10.71
22,25000,6000,11.89
25,25000,4800,12.53
25,40000,16000,11.71
23,40000,16000,12.99
22,40000,16000,8.88
21,40000,16000,11.83
22,34000,16000,13.24
21,41900,16000,12.84
24,42494,16000,11.71
23,25000,5000,9.32
22,25000,11100,9.63
24,42856,16000,8.9
25,43000,16000,11.49
25,25000,1525,10.95
24,25000,7000,9.32
23,44000,16000,8.49
24,44000,16000,7.49
26,25000,12000,12.09
22,38400,16000,11.54
24,25000,10000,8.0
24,39000,16000,19.91
22,45000,16000,10.59
21,25000,8800,9.33
24,39000,16000,13.06
24,25040,5000,5.79
22,25062,4000,16.49
23,25100,10800,14.59
26,25104,5400,16.49
23,39000,16000,11.36
25,39000,16000,14.11
22,25200,7000,6.03
23,48000,16000,10.0
22,42000,16000,16.0
25,50000,16000,17.58
24,25200,3200,15.23
24,50000,16000,13.99
25,25200,1200,15.99
24,50000,16000,10.62
22,44000,16000,16.35
24,51000,16000,13.85
23,45000,16000,16.45
21,52000,16000,15.7
22,53000,16000,7.9
22,25200,4000,12.73
21,55000,16000,8.94
21,25200,6500,14.26
22,25200,7000,13.92
25,52000,16000,13.98
23,25200,1000,11.48
22,25200,1000,11.48
22,52500,16000,12.69
26,60000,16000,7.49
24,54000,16000,15.65
26,54000,16000,14.83
24,25344,4000,16.49
23,62000,16000,7.49
23,25480,5000,9.99
23,25500,7850,13.49
22,25500,7000,6.99
22,57175,16000,17.15
26,25500,5600,11.91
22,57336,16000,17.27
25,25568,12000,13.47
23,64000,16000,10.74
24,58575,16000,19.47
22,64800,16000,10.37
21,65000,16000,9.91
24,25632,1500,9.91
22,65000,16000,8.49
22,25788,3500,12.18
22,65000,16000,7.88
24,59000,16000,16.45
23,65000,16000,14.59
22,25920,11325,10.65
22,65000,16000,13.47
22,59000,16000,16.32
25,66000,16000,10.0
22,25992,3000,9.45
23,60996,16000,16.0
23,62500,16000,14.54
23,63000,16000,14.42
25,26000,3825,11.71
20,64000,16000,15.31
24,72000,16000,13.06
26,74000,16000,14.84
24,74337,16000,11.86
26,74999,16000,17.27
26,26000,7000,10.99
23,26000,7800,10.59
26,75000,16000,13.35
23,26000,5000,7.91
24,69000,16000,11.89
21,20000,1000,14.26
23,26000,2000,10.36
22,26000,4000,9.25
21,26000,6000,5.79
25,23712,1000,11.49
24,24000,1000,17.99
21,24000,1000,10.99
22,24000,1000,12.84
21,24960,1000,13.98
26,25000,1000,14.65
22,25000,1000,15.95
26,26000,8500,16.45
21,26000,14500,14.61
24,26000,7000,7.74
22,28000,1000,16.29
25,28000,1000,7.51
22,26000,2000,7.4
22,28000,1000,10.25
24,28000,1000,12.53
23,28600,1000,7.9
22,29000,1000,7.29
22,26000,17000,12.84
26,29000,1000,7.74
24,30000,1000,7.51
21,30000,1000,10.99
23,26000,7000,14.93
22,26000,500,10.46
26,30000,1000,9.63
25,26004,10000,9.91
22,26004,5000,5.42
25,30035,1000,12.87
26,26004,6000,11.99
22,26004,5000,7.49
25,33000,1000,7.29
21,33388,1000,10.99
22,26004,12000,7.88
26,26004,10000,11.14
23,33600,1000,10.36
25,33600,1000,11.86
23,34000,1000,7.37
23,34800,1000,11.99
25,34800,1000,13.98
25,35000,1000,11.99
26,29000,1000,11.28
24,35100,1000,13.49
22,35100,1000,13.98
24,26400,6000,8.9
23,36000,1000,10.99
22,36000,1000,8.59
25,26400,7500,8.9
22,36000,1000,7.68
23,31000,1000,14.96
25,32000,1000,19.03
26,38000,1000,15.27
24,32000,1000,13.06
21,38400,1000,14.22
25,33600,1000,15.57
24,39996,1000,7.49
22,40000,1000,7.9
23,40000,1000,6.03
24,40000,1000,10.99
25,26400,5975,12.99
23,40000,1000,10.62
24,40000,1000,6.76
21,34500,1000,16.45
22,40800,1000,6.91
22,42000,1000,9.62
24,42000,1000,13.16
23,43000,1000,7.51
25,26400,4000,10.74
21,45000,1000,7.49
24,45000,1000,7.4
23,45000,1000,14.26
22,48000,1000,7.29
21,42000,1000,15.58
25,49000,1000,7.66
21,50000,1000,13.49
26,26400,8500,13.23
22,26400,4400,11.49
26,50400,1000,5.42
23,51000,1000,7.14
26,54000,1000,11.71
22,56000,1000,11.49
22,58000,1000,11.26
21,26400,4000,7.51
23,69000,1000,7.29
24,70399,1000,8.59
22,72000,1000,7.88
25,26453,7200,11.71
23,75000,1000,13.23
24,87000,1000,13.99
21,26500,6000,14.46
26,96000,1000,10.36
23,26500,6000,8.0
23,14400,1100,11.99
23,77000,1150,10.95
24,9960,1200,7.29
24,26650,1000,12.53
24,13000,1200,11.89
22,14400,1200,10.37
22,26796,3000,8.32
24,14400,1200,7.29
21,14400,1200,7.14
23,15600,1200,14.91
21,16200,1200,7.49
25,16800,1200,10.38
24,18000,1200,11.89
21,27000,9600,13.49
23,20400,1200,18.25
23,27000,6400,7.9
23,20400,1200,7.9
22,21600,1200,5.99
22,27000,4800,11.99
23,27000,1000,15.99
23,26400,1200,14.35
22,27600,1200,13.06
22,28000,1200,12.69
22,27000,10800,10.74
21,30000,1200,9.62
22,27000,7750,10.37
26,30000,1200,10.14
22,31200,1200,12.21
23,31500,1200,8.88
24,32400,1200,13.11
22,27000,6000,6.54
23,33000,1200,8.32
21,34000,1200,12.69
26,34000,1200,9.91
22,34560,1200,19.29
22,29004,1200,15.7
26,27000,3025,15.95
23,36000,1200,13.99
24,36000,1200,11.49
23,36000,1200,10.37
21,40000,1200,15.58
22,34000,1200,14.61
25,40000,1200,8.0
25,43000,1200,8.49
24,27000,9475,8.94
22,44664,1200,12.68
23,39000,1200,15.95
25,48000,1200,12.68
22,27000,5000,12.18
25,55000,1200,11.58
23,58000,1200,15.23
23,58700,1200,11.71
24,27000,7500,10.39
25,60000,1200,7.66
22,100000,1200,8.59
24,9600,1300,12.73
26,41000,1300,7.9
24,45000,1300,13.61
26,50000,1300,6.99
22,54000,1300,14.27
25,27048,8000,15.05
24,64000,1300,13.49
25,89000,1300,10.59
25,24000,1325,13.49
24,26000,1325,12.87
24,44400,1325,10.0
26,27138,2750,9.63
25,51500,1325,14.79
21,23004,1350,9.99
25,42000,1350,5.42
22,69600,1350,12.68
24,10000,1400,10.83
22,27302,3725,12.69
23,14650,1400,15.62
24,27360,8000,7.29
24,27442,5175,10.99
24,30000,1400,15.62
25,30000,1400,13.11
22,33000,1400,14.27
26,40000,1400,7.74
26,40044,1400,11.86
21,27568,3500,14.42
26,35652,1400,11.49
24,27600,2000,14.27
26,27600,2500,11.71
24,27600,7000,7.9
23,42000,1400,10.0
25,27600,11500,6.03
22,27600,8400,7.51
24,27600,6000,15.62
23,30000,1450,15.58
24,47000,1450,10.74
26,55560,1450,14.27
22,101000,1475,5.79
24,27000,1500,16.29
22,27040,1500,12.73
25,27996,1500,11.89
23,28000,1500,14.17
22,27600,9600,8.59
23,27600,1200,13.92
24,28596,1500,11.46
23,28800,1500,7.74
23,30000,1500,7.51
21,30000,1500,7.29
24,30000,1500,14.22
25,30000,1500,16.82
26,30000,1500,14.61
21,30000,1500,13.92
23,31000,1500,8.94
26,27983,6000,7.88
25,31200,1500,11.12
25,31500,1500,10.99
25,32000,1500,7.49
23,27996,4800,15.99
25,32000,1500,7.29
24,32000,1500,13.92
24,32304,1500,9.91
25,33000,1500,11.48
22,27996,5000,5.79
23,27996,4200,14.72
23,27996,9250,10.75
22,27996,3250,15.21
22,27996,5500,10.38
26,33600,1500,19.41
23,33996,1500,6.99
25,34942,1500,10.99
21,35000,1500,5.79
25,35000,1500,10.0
23,35000,1500,8.88
21,27996,10000,9.63
23,29004,1500,14.59
24,36000,1500,15.23
24,36000,1500,10.0
22,28000,12300,6.62
21,36000,1500,10.37
24,30996,1500,15.99
22,38000,1500,13.22
23,28000,9500,15.62
23,28000,2500,5.99
23,38000,1500,8.32
23,28000,7000,9.99
24,39000,1500,15.62
25,33996,1500,16.82
23,40000,1500,13.99
21,28000,1000,12.99
22,28000,10000,10.99
24,34000,1500,8.94
21,40000,1500,12.18
23,40000,1500,11.78
22,34980,1500,12.23
23,28000,8400,10.99
21,42000,1500,5.79
22,36000,1500,13.16
23,42000,1500,10.71
25,42769,1500,7.49
23,28000,4000,6.92
23,44400,1500,11.63
22,28000,8500,6.17
24,39000,1500,8.49
23,28000,5225,14.84
23,45000,1500,7.51
26,45000,1500,10.25
25,48000,1500,10.36
26,42000,1500,14.61
22,42500,1500,17.19
24,48720,1500,14.35
24,50000,1500,14.26
25,50500,1500,11.89
26,51996,1500,13.85
25,28000,12200,12.53
22,28000,10750,11.14
21,52000,1500,11.99
24,54000,1500,14.17
25,28000,5000,8.0
26,28000,4000,15.37
23,54000,1500,9.62
25,28000,4000,7.68
26,54000,1500,13.98
24,28000,9000,10.83
26,55400,1500,12.84
21,51000,1500,15.58
22,57160,1500,11.36
24,57996,1500,10.75
22,58000,1500,5.42
22,60000,1500,13.57
25,63000,1500,12.42
22,71000,1500,6.99
24,69764,1500,14.42
25,28176,1000,9.63
21,12000,1600,10.59
24,14400,1600,18.25
24,15120,1600,7.51
21,15360,1600,12.69
24,28500,3500,14.59
23,22800,1600,13.06
22,20000,1675,7.74
21,28500,4800,12.87
22,28500,8500,7.68
23,24960,1675,11.11
23,28800,1675,15.21
23,46300,1675,6.54
24,60000,1675,6.54
21,28596,2000,7.29
23,17688,1700,11.11
23,18600,1700,9.99
23,28644,10000,10.75
23,45000,1700,14.72
21,28692,3000,10.75
21,9600,1750,8.94
26,28800,6000,8.9
26,9840,1750,9.99
22,28800,8875,8.9
23,10000,1750,15.05
26,28800,5150,6.62
23,17000,1750,10.95
23,22800,1750,15.7
26,96000,1750,6.54
23,22800,1775,6.99
21,40000,1775,6.54
23,45000,1775,12.72
24,28800,1400,8.9
24,14400,1800,6.92
23,28800,5000,11.99
24,28800,6075,8.49
24,28800,3500,9.99
21,18000,1800,6.62
26,18000,1800,13.8
22,18000,1800,12.18
22,28800,10000,7.49
24,21000,1800,10.65
21,28800,5000,7.49
22,28800,10000,16.49
23,28800,6000,7.49
24,24000,1800,11.26
23,25000,1800,12.69
25,28000,1800,12.53
22,45000,1800,16.49
25,45000,1800,12.61
23,28800,3000,11.11
23,28800,8400,9.63
26,45000,1800,14.11
24,28800,6000,10.74
22,45336,1800,15.21
23,48000,1800,11.49
21,48000,1800,13.35
23,50960,1800,16.02
21,28800,5500,13.23
22,57000,1800,14.27
22,58000,1800,12.18
22,71004,1800,11.12
22,73000,1800,11.41
26,75000,1800,9.25
24,75000,1800,8.94
21,14400,1825,15.62
25,19200,1825,12.68
25,28800,6250,10.25
24,35000,1850,7.12
21,13200,1875,6.99
24,14400,1875,13.49
22,26500,1900,7.29
24,32000,1900,13.49
23,30000,1925,12.18
25,42000,1925,6.17
23,16800,1950,10.37
22,28880,2000,8.59
24,31200,1950,13.11
24,28900,5500,12.98
24,10000,2000,10.25
23,28989,10000,8.0
23,12000,2000,7.74
25,12000,2000,11.89
23,29000,11500,7.9
24,14400,2000,10.65
26,14400,2000,17.49
21,29000,4200,11.99
26,14400,2000,10.37
21,14400,2000,5.79
26,29000,7200,8.49
26,14400,2000,15.58
25,15000,2000,7.88
21,15600,2000,7.9
24,15915,2000,15.05
25,15996,2000,13.48
25,18000,2000,7.51
23,18000,2000,14.79
21,18000,2000,5.42
26,18000,2000,13.3
22,19176,2000,14.22
24,29000,20000,10.62
24,19200,2000,13.49
23,19200,2000,10.59
26,19200,2000,6.17
22,19728,2000,7.49
26,20004,2000,8.59
23,29004,6000,11.99
22,29004,5000,9.25
22,29004,2500,6.91
22,21000,2000,14.22
23,29004,2000,13.16
21,21600,2000,11.71
22,21600,2000,16.89
23,22000,2000,13.99
22,22000,2000,7.29
23,22004,2000,10.39
21,23040,2000,13.11
22,23587,2000,11.89
25,24000,2000,16.59
21,24000,2000,18.39
23,29120,6400,8.94
23,24000,2000,12.61
22,29124,8875,15.68
25,24000,2000,10.38
23,24000,2000,14.35
22,24000,2000,13.11
24,29200,2500,6.76
24,29232,11000,11.71
21,24000,2000,11.14
25,29328,10000,7.74
24,24000,2000,14.61
24,24000,2000,16.0
22,24432,2000,11.36
24,25000,2000,6.62
24,25200,2000,14.96
21,25500,2000,13.47
22,29553,6000,7.49
25,26000,2000,12.99
21,29664,5000,13.57
23,29666,3000,9.32
23,26496,2000,13.61
23,27600,2000,13.99
22,28800,2000,8.49
26,30000,2000,11.71
25,30000,2000,12.42
21,30000,2000,13.43
23,29952,4750,14.46
24,30000,2000,7.66
24,30000,2000,21.27
22,29996,5400,12.84
23,82000,15000,18.25
22,70550,15000,16.77
25,95000,15000,12.42
23,95000,15000,9.88
23,95000,15000,15.05
25,30000,5000,6.03
25,30000,6500,14.27
22,30000,8000,13.49
23,83600,15000,8.49
25,96000,15000,8.88
26,84000,15000,16.0
25,96000,15000,11.58
25,97440,15000,7.49
23,99000,15000,6.99
26,100000,15000,13.49
21,30000,7125,7.51
24,100000,15000,7.49
26,100000,15000,6.99
24,88000,15000,9.99
25,30000,3600,12.42
26,100000,15000,14.26
24,100000,15000,11.89
24,100896,15000,14.42
24,102000,15000,14.22
23,30000,5000,6.62
24,105000,15000,10.95
23,105504,15000,15.95
21,30000,2400,11.71
25,108820,15000,9.63
24,109000,15000,10.65
23,110000,15000,12.18
24,98000,15000,14.93
22,111000,15000,10.62
24,118300,15000,12.68
25,120000,15000,7.51
24,122000,15000,11.58
23,30000,4600,7.9
25,30000,8000,10.65
23,125000,15000,12.99
26,118000,15000,17.58
24,123000,15000,15.37
22,140000,15000,14.17
22,30000,10000,13.49
23,30000,3800,18.64
21,30000,15000,7.51
26,156000,15000,12.42
24,148000,15000,16.82
24,200004,15000,10.59
26,210000,15000,12.99
26,30000,6500,6.62
25,165000,14950,6.62
22,33996,14900,15.37
24,55000,14900,11.83
22,58900,14900,13.57
21,30000,7600,6.03
25,31500,14850,8.9
25,28800,14800,7.49
23,30000,1000,6.62
23,30000,4375,6.62
23,30000,1400,6.03
25,30000,2000,10.38
26,30000,2000,11.49
25,30000,2000,14.22
24,30000,2000,8.07
24,30972,2000,16.29
24,31200,2000,14.65
24,30000,17000,11.99
24,32000,2000,10.59
23,32000,2000,16.49
26,32000,2000,11.49
22,32000,2000,12.53
24,32640,2000,10.0
23,33000,2000,6.03
21,33000,2000,12.61
24,40000,2000,11.99
21,40000,2000,14.72
25,50450,2000,9.88
24,53000,2000,10.36
24,53117,2000,13.79
23,55000,2000,7.49
24,56496,2000,9.32
25,57000,2000,11.36
26,57450,2000,13.35
25,58020,2000,6.91
22,60000,2000,9.63
22,54000,2000,18.3
21,30000,9000,5.99
26,61000,2000,7.9
24,62000,2000,13.49
22,62000,2000,15.27
26,62400,2000,12.53
24,57996,2000,15.37
22,65000,2000,14.27
26,65000,2000,7.51
23,70000,2000,7.66
23,30000,1200,9.67
22,30000,6000,11.99
26,70000,2000,12.84
22,30000,3000,11.49
24,70000,2000,8.7
24,75000,2000,9.99
22,75000,2000,13.43
23,75000,2000,5.79
21,30000,3000,5.99
26,30000,2000,11.99
22,30000,3000,14.79
22,30000,13250,10.99
23,80000,2000,9.99
25,80000,2000,11.49
25,89100,2000,13.49
23,90000,2000,7.88
21,99996,2000,13.57
23,100000,2000,10.62
25,101424,2000,7.29
26,108000,2000,16.29
23,30000,3800,5.79
25,130000,2000,6.99
22,25000,2050,10.59
23,10000,2100,12.21
23,12000,2100,8.94
22,14400,2100,14.83
24,15000,2100,13.11
22,21600,2100,9.99
25,23000,2100,13.48
22,24000,2100,12.21
22,30000,2000,5.42
22,34560,2100,17.04
22,40000,2100,6.39
25,44400,2100,17.27
22,30000,2500,7.29
23,45000,2100,11.48
22,52800,2100,6.76
22,60000,2100,14.65
22,60000,2100,13.43
24,54000,2100,17.14
22,30000,7000,7.29
24,79050,2100,9.91
26,110000,2100,7.12
23,30000,10000,7.66
26,57600,2150,15.62
22,28800,14000,7.9
21,30000,14000,10.65
24,30000,14000,7.9
22,30000,14000,6.99
23,30000,14000,11.26
22,32000,14000,13.49
22,30000,2000,12.61
22,32000,14000,12.23
26,32400,14000,7.51
24,32500,14000,14.17
22,34000,14000,10.62
22,37000,14000,6.92
26,37000,14000,9.88
23,37148,14000,14.42
21,37947,14000,7.9
22,39000,14000,10.37
26,39900,14000,10.37
24,40000,14000,6.03
22,40000,14000,13.11
24,34000,14000,14.61
24,30000,10000,12.61
21,30000,2000,14.46
23,30000,1000,13.72
22,30000,5000,6.91
24,34400,14000,16.0
24,30000,15250,6.54
22,41340,14000,17.49
25,15000,2200,7.88
21,16200,2200,16.49
23,24000,2200,15.23
23,26004,2200,9.91
25,27500,2200,12.53
22,27996,2200,15.95
21,35360,2200,7.49
25,38400,2200,12.69
23,30000,12000,16.45
23,39000,2200,10.99
23,39270,2200,11.72
24,30000,4500,14.72
26,30000,5000,10.38
22,46080,2200,11.99
22,55000,2200,5.79
23,30000,8000,7.88
25,30000,9000,7.51
23,75000,2200,7.9
21,52500,2225,7.66
25,30000,6000,14.35
23,16000,2250,13.49
24,29140,2250,12.73
26,42000,2250,10.38
23,14000,2300,15.33
25,25920,2300,11.11
26,30000,2300,10.99
21,34416,2300,6.76
26,36400,2300,7.4
25,62400,2300,11.71
22,30000,5000,11.12
23,78000,2300,17.58
23,30000,5000,10.38
22,30000,5000,13.23
25,44400,2350,13.98
24,12000,2400,6.92
26,30000,4000,7.14
23,13000,2400,16.82
24,13288,2400,17.27
24,30000,5000,13.48
25,30000,4000,7.14
26,16428,2400,12.23
24,16800,2400,13.98
26,30000,15000,10.62
23,30000,4500,10.62
26,18000,2400,13.06
24,30000,2400,13.11
22,30000,3200,13.48
22,30000,13750,14.22
24,20000,2400,15.62
22,30000,5500,10.99
22,21600,2400,16.29
23,21600,2400,15.23
22,21996,2400,12.53
22,30000,1750,10.99
23,22790,2400,8.94
25,22800,2400,10.36
22,30000,5000,11.48
23,23000,2400,5.99
21,24000,2400,16.29
26,25000,2400,15.28
23,30000,3000,11.14
22,25000,2400,13.61
21,26000,2400,11.58
21,26400,2400,14.79
22,26400,2400,13.92
22,27259,2400,10.59
25,28000,2400,11.49
24,28800,2400,14.26
21,30000,2400,17.19
21,30000,2400,16.49
24,30000,2400,13.72
25,30720,2400,7.9
23,30000,6500,7.74
23,30720,2400,13.98
22,32000,2400,11.99
22,32400,2400,16.77
22,32995,2400,11.48
26,30000,15000,13.22
25,35000,2400,12.53
23,30000,12000,8.94
21,37800,2400,14.26
23,40000,2400,8.9
25,40000,2400,5.42
24,30000,6000,13.22
25,30000,11500,8.59
22,40000,2400,12.73
23,30000,1000,7.4
21,34000,2400,10.83
24,41300,2400,12.68
22,41600,2400,12.22
24,30000,6000,13.57
26,30000,3500,8.0
22,30000,5000,11.89
26,30000,4000,13.16
25,30000,8000,9.32
21,30000,4750,9.63
22,43000,2400,10.99
22,37080,2400,10.65
25,44000,2400,7.66
23,44004,2400,14.09
24,30000,1000,8.0
22,45000,2400,12.18
26,46000,2400,9.91
23,47000,2400,13.75
22,30000,6600,14.42
23,48000,2400,8.49
23,48000,2400,10.59
24,48000,2400,12.99
23,49800,2400,11.83
25,52000,2400,7.88
22,30000,6950,9.32
24,54000,2400,8.0
26,54500,2400,9.32
23,56000,2400,8.9
22,57500,2400,15.23
25,60000,2400,11.49
24,54000,2400,13.49
26,54000,2400,14.09
21,30000,14000,9.38
25,63000,2400,7.14
23,63300,2400,7.9
22,66000,2400,7.4
26,67000,2400,12.99
24,30000,5000,10.71
24,95000,2400,5.99
25,87999,2400,14.79
23,36000,2425,8.49
22,24000,2450,7.9
21,10800,2500,8.88
24,12600,2500,13.11
23,95000,13600,11.11
24,31000,13500,13.43
21,38000,13500,9.91
22,43000,13500,10.95
23,45312,13500,7.88
26,30200,9200,10.99
25,30200,15000,10.2
23,51000,13500,12.23
23,30280,5800,7.29
22,30288,6000,12.73
22,30288,5000,19.47
24,30300,5000,7.74
25,53000,13500,6.99
24,57000,13500,6.92
24,57772,13500,13.99
25,60000,13500,7.49
22,68000,13500,10.62
24,68000,13500,12.21
26,71000,13500,12.69
26,77508,13500,12.87
25,30576,10000,6.03
26,100000,13500,7.14
26,185000,13500,5.99
23,35000,13475,10.65
23,30652,6000,14.54
23,29000,13475,14.26
23,29000,13450,12.61
26,38000,13400,9.99
25,30720,2000,11.12
22,50000,13350,14.59
24,33000,13300,7.66
24,39875,13300,16.0
23,54000,13275,17.58
25,24000,13250,10.37
23,30873,4200,10.99
22,30000,13250,16.4
26,37500,13250,13.49
23,38400,13250,10.99
26,40000,13250,11.71
26,35000,13225,13.49
22,40000,13225,16.77
23,30996,5000,11.86
22,31500,13200,11.71
25,46596,13200,12.53
24,60000,13200,6.62
22,60000,13200,8.49
26,31000,15000,7.9
26,54000,13200,14.91
21,31000,6000,7.51
24,72000,13200,7.29
23,75000,13200,6.17
25,76000,13200,12.23
21,31000,7500,5.42
26,80952,13200,16.77
24,71040,13100,7.49
24,31000,5000,5.42
25,31000,6000,7.66
21,24000,13000,15.7
24,31000,8000,5.42
21,24000,13000,12.87
24,31000,9000,14.84
25,31000,10000,10.38
26,28000,13000,16.29
25,28000,13000,7.9
26,28800,13000,14.46
25,31000,12250,11.36
22,30000,13000,13.11
21,31200,13000,13.11
26,33800,13000,13.57
26,34000,13000,9.63
25,35000,13000,13.22
24,36000,13000,17.27
22,31000,5000,13.79
24,36000,13000,7.29
26,31000,4000,10.33
22,31000,3000,12.54
23,30000,13000,13.57
22,36000,13000,11.14
24,37000,13000,10.25
23,31164,4500,6.62
23,38400,13000,11.71
25,38400,13000,10.74
26,31200,9250,7.9
22,39000,13000,11.83
25,40000,13000,10.99
24,40000,13000,14.26
25,31200,2400,17.58
21,40800,13000,13.57
22,31200,3200,10.99
26,36000,13000,5.99
21,42000,13000,15.31
22,43000,13000,12.87
22,37200,13000,16.0
23,44000,13000,13.47
23,44100,13000,8.9
23,31200,7550,9.99
24,46000,13000,10.99
25,31200,11200,5.42
25,31200,6000,5.79
22,48000,13000,9.99
26,48000,13000,11.26
23,49000,13000,6.17
23,44000,13000,16.29
22,20640,2500,12.68
26,31200,8400,7.51
25,21600,2500,5.99
22,21996,2500,11.89
21,22000,2500,7.14
22,31200,1050,7.51
23,22000,2500,7.51
24,22000,2500,9.76
21,22200,2500,16.29
26,22406,2500,6.76
23,24000,2500,11.71
21,31200,1000,14.59
24,24000,2500,10.74
24,31200,10000,12.18
22,31200,3500,7.74
22,24960,2500,7.51
24,31200,6700,14.26
25,24996,2500,12.98
22,24996,2500,10.99
23,25000,2500,6.91
24,25000,2500,13.48
22,25000,2500,11.14
21,26940,2500,5.42
26,27000,2500,13.61
25,27024,2500,16.69
26,27200,2500,13.49
22,31500,14000,8.9
21,28200,2500,16.77
24,28500,2500,11.36
24,29000,2500,10.99
25,29000,2500,12.84
23,30000,2500,9.88
22,31500,4500,9.88
24,31000,2500,14.54
26,31200,2500,10.37
23,31577,2500,6.92
21,32000,2500,7.4
25,33000,2500,10.59
23,33448,2500,11.66
23,33500,2500,15.68
21,34368,2500,12.87
21,31776,6000,8.9
23,34800,2500,6.39
26,35000,2500,8.9
23,35000,2500,7.51
22,30000,2500,8.49
21,30000,2500,7.14
22,30000,2500,13.16
26,37000,2500,7.14
25,32000,2500,16.45
25,38060,2500,12.53
23,39200,2500,7.74
23,32000,10000,11.71
24,40000,2500,15.27
25,40000,2500,9.99
25,32000,5600,7.9
22,34000,2500,13.57
22,35500,2500,15.62
24,36000,2500,16.77
21,42000,2500,9.99
22,32000,1700,7.9
23,42000,2500,11.49
23,42000,2500,13.61
22,42000,2500,13.92
25,36228,2500,7.66
21,32000,2500,11.71
26,43000,2500,13.49
22,37000,2500,17.49
25,45000,2500,12.69
24,32000,6000,5.42
23,32000,2000,5.99
22,45000,2500,14.35
26,46000,2500,8.49
26,46500,2500,14.72
26,47004,2500,15.65
22,32000,6000,8.49
24,48000,2500,13.35
22,49500,2500,14.27
26,32000,4900,5.99
22,45630,2500,18.64
26,52000,2500,14.82
24,46180,2500,13.98
25,54000,2500,13.98
23,54000,2500,16.32
25,32000,15000,11.11
22,54996,2500,14.35
26,48996,2500,14.59
25,55000,2500,7.88
24,57600,2500,14.72
25,32000,3250,10.74
23,59000,2500,14.96
25,60000,2500,8.63
23,61000,2500,7.49
26,32000,4800,12.61
25,32000,6250,11.49
23,63000,2500,14.72
26,64000,2500,10.99
25,65004,2500,10.08
24,69996,2500,12.53
24,32000,3000,10.75
22,54400,2500,16.49
24,32000,4500,6.76
24,64000,2500,11.14
24,70082,2500,12.61
24,79800,2500,9.62
26,82400,2500,13.92
26,85000,2500,8.59
23,92500,2500,10.74
24,32000,12250,8.94
23,112995,2500,7.37
26,121000,2500,7.66
26,200004,2500,13.61
23,10560,2800,9.99
23,13000,2800,15.21
25,13380,2800,14.61
22,14400,2800,6.54
22,32000,6950,7.74
21,14800,2800,8.0
26,15000,2800,15.31
23,32000,1200,7.68
21,15600,2800,7.4
23,32000,15000,11.58
25,20800,2800,15.21
21,32000,4500,16.0
24,21168,2800,14.22
22,23000,2800,21.74
23,24000,2800,11.49
25,32000,8000,13.16
21,32000,4200,11.58
25,32000,2500,7.68
23,26500,2800,12.29
22,27000,2800,7.51
22,32000,1200,9.96
23,32000,2500,12.8
23,28800,2800,10.38
22,29376,2800,7.43
22,19200,2850,15.27
25,32004,22750,6.17
24,45000,2850,11.86
23,32004,9250,17.19
22,90000,2850,5.99
23,28000,2875,15.23
25,36800,2875,11.28
22,32004,10000,7.51
26,66000,2875,7.49
24,32004,14000,12.73
21,19000,2900,8.0
26,31200,2900,9.91
25,50000,2900,8.0
22,27000,2925,10.71
22,32004,10000,10.83
22,32004,6600,9.07
22,25000,2975,9.96
21,49800,2975,7.9
22,32112,15000,13.98
24,10000,3000,7.9
23,32198,1000,10.95
21,12000,3000,8.9
21,12000,3000,7.88
21,32268,8000,8.0
23,14000,3000,7.74
21,14400,3000,13.43
22,32352,1000,15.27
21,14400,3000,9.63
23,32388,6000,10.71
22,15000,3000,9.91
22,15000,3000,7.51
22,32400,4200,10.99
25,32400,10000,13.99
25,32400,4800,7.29
22,32400,3625,6.92
21,32400,10000,5.42
22,16320,3000,13.92
25,17400,3000,11.83
23,17520,3000,10.37
21,17916,3000,6.0
23,18000,3000,11.71
21,18000,3000,7.9
21,32400,5000,16.0
24,18000,3000,15.27
23,18000,3000,15.99
22,18000,3000,13.99
26,32450,3250,6.99
22,18000,3000,10.59
23,18000,3000,13.06
22,18000,3000,11.86
25,32500,12500,7.9
21,18008,3000,9.7
22,32500,2500,6.99
21,18864,3000,10.99
22,32500,14500,11.99
22,19000,3000,13.06
23,19200,3000,12.99
23,19200,3000,9.99
24,32500,6600,12.73
26,32500,3000,13.22
26,32500,3500,8.59
21,19200,3000,10.99
22,20000,3000,13.11
21,20004,3000,10.37
23,20800,3000,11.46
25,32760,6000,10.59
26,21000,3000,10.59
23,21000,3000,12.68
22,21600,3000,13.49
21,32900,3000,9.99
22,32968,16500,8.9
24,22000,3000,10.33
22,22800,3000,6.62
22,23000,3000,5.79
24,23000,3000,8.0
22,33000,12000,9.91
24,30000,3000,6.03
24,30000,3000,19.29
24,30000,3000,7.49
22,33000,8875,10.65
23,30000,3000,7.49
24,30000,3000,10.37
23,30000,3000,5.79
25,30000,3000,12.98
23,30000,3000,15.2
21,30000,3000,9.62
25,30000,3000,13.61
22,30000,3000,11.12
21,30000,3000,16.32
24,30000,3000,11.86
24,30000,3000,13.98
25,33000,8000,6.62
21,33000,2000,14.27
25,30000,3000,12.21
21,30000,3000,11.89
25,33000,3000,11.99
24,30960,3000,15.62
25,33000,5000,8.49
26,31131,3000,13.36
22,31200,3000,11.86
23,31200,3000,11.89
22,31356,3000,7.68
23,33000,8325,15.99
24,33000,1250,19.29
23,33000,8000,7.49
25,32000,3000,8.94
24,32000,3000,12.29
24,33000,2050,13.49
25,32004,3000,9.32
23,32400,3000,10.0
22,32400,3000,16.45
26,32640,3000,10.75
26,33000,3000,5.99
22,33000,12375,7.29
25,33000,3000,5.99
25,33000,3000,10.95
26,33189,3000,11.12
23,34008,3000,10.0
22,34500,3000,11.83
25,29000,3000,6.62
23,35000,3000,13.85
22,35000,3000,10.01
22,29244,3000,13.3
24,35256,3000,10.74
22,36000,3000,11.71
23,36000,3000,7.29
26,36000,3000,7.88
24,36000,3000,13.92
23,33000,3000,14.35
24,36600,3000,9.33
25,37000,3000,11.71
21,33000,7800,9.88
21,37000,3000,6.39
24,38000,3000,13.06
21,38000,3000,7.05
22,38000,3000,10.28
22,33000,12500,14.26
24,33000,8125,8.59
25,33000,4400,8.0
24,38400,3000,17.56
25,38748,3000,7.29
24,33000,4000,13.04
26,33000,3000,11.49
22,39996,3000,14.35
26,33000,7000,7.43
23,33012,12200,10.99
23,40000,3000,13.49
24,40000,3000,10.74
21,33168,6425,9.63
25,40000,3000,10.25
24,40000,3000,14.22
22,37000,3000,20.3
23,43000,3000,8.49
22,37000,3000,11.11
23,37000,3000,10.75
25,43200,3000,13.8
22,43200,3000,13.72
22,43500,3000,5.42
24,43500,3000,8.0
21,33280,11200,13.92
23,43949,3000,11.49
23,44000,3000,9.25
23,33300,9000,13.57
25,33316,5000,6.54
24,33321,12250,13.11
24,33360,6000,10.59
24,33360,2500,7.14
25,45000,3000,7.9
24,45000,3000,7.49
24,45000,3000,9.99
22,45000,3000,11.99
24,39000,3000,14.61
24,45000,3000,9.32
21,39327,3000,13.67
25,33600,7125,7.51
22,33600,5000,18.25
24,33600,2500,8.9
23,33600,8000,6.99
22,47000,3000,6.62
21,47208,3000,13.92
26,47500,3000,6.76
22,48000,3000,14.79
25,48000,3000,13.47
21,48000,3000,9.76
26,48000,3000,10.14
25,33600,12000,9.99
22,49800,3000,7.88
25,50000,3000,6.03
26,44000,3000,7.49
23,50000,3000,8.49
23,44000,3000,7.66
23,50000,3000,6.91
22,33600,10750,7.88
23,44000,3000,9.62
22,33600,5000,7.14
26,50000,3000,9.88
22,50000,3000,10.99
24,51000,3000,8.9
24,51600,3000,10.65
24,51600,3000,12.68
24,51684,3000,10.59
22,45996,3000,15.62
23,51996,3000,10.37
22,33640,12000,10.65
23,52000,3000,5.99
25,52000,3000,12.99
22,33685,5000,13.85
22,48609,12000,7.49
26,33800,14400,7.88
23,48645,12000,10.25
25,33800,10000,15.31
23,33800,13000,15.31
23,48672,12000,7.42
23,33990,1000,10.59
25,49600,12000,7.14
24,33996,4000,14.91
25,50000,12000,16.77
21,33996,2500,7.88
22,33996,10000,14.96
21,50000,12000,11.71
23,50000,12000,10.59
24,50000,12000,17.14
24,44000,12000,12.23
23,50000,12000,6.54
22,44000,12000,11.86
24,50000,12000,7.51
25,50000,12000,7.88
25,50000,12000,7.88
23,50000,12000,12.87
22,50004,12000,10.0
25,44004,12000,15.31
23,44004,12000,16.0
22,50361,12000,12.73
26,34000,12000,6.03
23,50500,12000,11.58
25,34000,10000,12.42
25,34000,2500,6.03
23,34000,10000,6.99
23,51000,12000,12.99
25,51996,12000,12.21
24,52000,12000,7.51
25,34000,2000,7.66
22,52000,12000,11.99
23,34000,10950,7.29
26,34000,5000,5.79
22,52000,12000,13.61
26,34000,6000,6.92
22,52000,12000,13.57
21,34000,6000,6.76
25,46800,12000,13.11
21,34000,7200,6.76
24,34000,5100,14.35
23,47000,12000,16.29
24,53000,12000,11.11
26,53000,12000,14.59
22,34000,11500,10.99
24,53000,12000,12.53
22,54000,12000,10.99
25,34000,6000,15.7
22,54000,12000,8.49
24,54000,12000,8.49
23,54000,12000,11.36
22,48400,12000,14.65
25,34000,10000,12.87
25,54996,12000,10.37
24,34000,10000,12.18
26,54996,12000,7.88
23,34000,19000,11.48
22,54996,12000,8.32
26,55000,12000,12.42
24,34000,6000,14.11
25,34000,10000,11.26
25,55000,12000,10.65
22,34000,5000,9.63
21,55000,12000,10.62
25,34000,7000,11.28
25,49000,12000,13.49
22,55008,12000,13.79
24,55032,12000,9.63
21,34056,1500,10.65
22,56000,12000,6.91
23,34174,9000,13.47
21,56000,12000,10.75
24,56000,12000,11.49
23,56000,12000,10.75
24,56000,12000,8.94
24,56000,12000,14.26
25,50100,12000,14.74
22,56755,12000,10.99
26,57000,12000,10.99
23,34348,5000,7.9
23,51000,12000,17.99
21,57000,12000,7.29
24,51000,12000,7.88
22,57000,12000,13.11
23,57000,12000,8.94
23,57720,12000,12.87
25,51780,12000,13.47
23,51840,12000,15.95
21,34500,6400,7.51
26,58000,12000,9.91
22,58000,12000,11.49
24,58000,12000,13.11
24,52260,12000,9.99
26,34515,5400,7.68
22,59000,12000,10.37
23,34560,10000,10.59
24,52000,3000,11.49
23,52800,3000,10.99
23,34600,6800,12.69
24,34600,4000,5.42
25,53000,3000,13.99
23,34662,3000,10.75
22,34800,1500,13.49
25,54000,3000,9.32
26,34800,5975,11.49
25,34800,5125,6.99
23,55000,3000,6.99
22,55000,3000,12.68
25,49000,3000,12.68
22,49000,3000,12.23
23,55000,3000,9.88
25,55000,3000,6.39
22,55500,3000,10.59
22,34900,4000,9.99
25,56000,3000,12.69
22,34977,13000,16.0
25,34980,6000,11.48
25,50160,3000,14.42
23,34992,22550,15.96
21,57000,3000,5.42
24,35000,8000,11.71
24,57000,3000,7.88
23,35000,12000,12.42
22,58000,3000,11.83
23,58500,3000,9.88
23,59000,3000,7.14
23,59300,3000,9.63
23,35000,5000,11.71
25,60000,3000,17.58
26,60000,3000,15.62
26,35000,4800,6.03
24,35000,15000,14.27
26,60000,3000,10.0
23,60000,3000,7.51
23,60000,3000,10.25
21,35000,6900,12.42
22,60000,3000,11.89
26,60996,3000,12.22
24,35000,8575,10.65
22,35000,9500,6.03
24,55160,3000,8.9
23,61200,3000,12.42
21,35000,5000,14.27
24,62000,3000,9.99
23,56500,3000,14.84
23,57000,3000,14.59
24,35000,7000,16.29
24,35000,7500,7.9
22,58170,3000,9.07
23,58800,3000,10.36
22,58992,3000,12.84
25,65000,3000,8.49
24,35000,10000,7.9
22,65000,3000,6.99
22,35000,8000,12.69
26,65000,3000,5.79
23,65004,3000,14.84
26,35000,8000,12.69
23,65004,3000,13.61
23,66000,3000,5.99
25,60000,3000,13.47
23,67000,3000,10.99
23,35000,12000,12.42
21,35000,8000,9.91
22,35000,5000,7.9
26,67500,3000,8.88
26,67500,3000,9.32
21,68000,3000,11.78
26,54400,3000,19.42
23,70000,3000,14.27
22,70000,3000,7.29
24,64000,3000,15.21
24,35000,15000,7.49
22,35000,6000,7.49
22,71000,3000,14.65
26,35000,7200,10.59
23,72000,3000,11.99
23,72000,3000,7.43
26,72054,3000,7.29
23,73000,3000,12.18
23,74250,3000,11.99
23,35000,2100,5.42
24,29000,6000,15.62
21,35000,4800,10.99
22,75000,3000,8.9
24,35000,4800,5.42
23,35000,3825,7.49
23,77200,3000,9.63
25,77500,3000,6.54
23,78000,3000,16.89
22,78000,3000,6.99
22,78000,3000,16.32
22,83000,3000,9.63
25,84000,3000,5.79
25,67147,3000,16.02
22,35000,3500,11.49
22,85000,3000,10.99
23,85000,3000,7.49
24,89523,3000,10.25
23,35000,5500,5.42
25,35000,10000,11.99
25,35000,5000,5.99
26,100000,3000,13.57
24,100000,3000,9.76
26,103000,3000,7.88
24,110000,3000,7.88
21,35000,4000,7.29
23,110000,3000,14.22
24,115154,3000,14.27
24,120390,3000,5.79
24,35000,3600,6.92
26,35000,5600,11.11
21,35000,6500,13.43
24,125000,3000,14.72
22,35000,4000,7.29
26,125000,3000,12.21
24,35000,2000,10.37
24,142000,3000,7.88
25,137400,3000,13.06
25,180000,3000,11.12
25,35000,3600,13.43
22,16800,3050,9.91
23,24000,3050,7.49
23,12000,3075,10.37
25,30000,3075,10.59
26,35000,8000,5.42
21,35000,1500,9.63
26,44000,3075,10.99
25,20000,3100,11.71
26,35000,3800,6.54
23,20400,3125,12.61
26,35000,2500,9.25
21,15300,3150,10.99
25,42000,3150,5.79
22,35000,8000,5.79
24,35000,3600,9.99
22,29000,12000,5.42
22,96000,3150,6.0
21,28800,3175,6.03
24,12000,3200,5.99
26,15000,3200,12.21
22,15600,3200,17.93
25,16000,3200,9.32
21,18000,3200,8.49
23,29000,6000,7.88
21,35000,13650,7.51
22,18996,3200,15.28
23,20000,3200,7.14
23,20000,3200,16.0
23,20800,3200,14.84
23,22000,3200,12.69
25,23040,3200,14.79
24,35000,8000,11.86
21,24000,3200,13.57
26,35000,6000,7.51
24,25000,3200,13.11
25,27600,3200,12.21
22,28000,3200,10.59
25,30000,3200,13.99
21,30000,3200,11.14
25,30000,3200,8.0
23,31000,3200,11.49
23,31200,3200,13.49
22,31200,3200,11.99
22,32000,3200,10.2
25,33000,3200,5.42
25,29004,3200,17.49
26,35000,3000,6.76
21,31000,3200,10.37
22,37440,3200,13.04
26,38400,3200,13.49
24,41745,3200,9.63
22,42500,3200,7.49
26,43200,3200,14.35
24,44000,3200,8.0
21,45000,3200,6.54
22,35000,7500,13.92
23,45240,3200,7.37
26,29000,11200,11.14
25,42000,3200,15.7
23,49200,3200,13.48
22,50000,3200,8.49
22,51000,3200,10.99
23,35000,8400,12.18
24,54731,3200,11.83
23,35000,15000,18.43
23,35000,12800,11.83
26,55000,3200,8.49
22,35000,3500,11.48
24,58000,3200,14.35
22,60000,3200,11.71
22,54000,3200,16.49
24,60000,3200,7.14
26,61200,3200,9.91
26,35000,5000,14.42
26,65000,3200,11.71
24,35000,13000,14.74
24,59000,3200,13.8
24,65004,3200,9.99
24,72000,3200,13.92
22,75000,3200,10.28
24,35000,3500,16.0
26,35000,6000,12.21
25,78000,3200,12.99
24,83000,3200,6.99
23,78000,3200,10.99
21,85000,3200,10.25
25,78000,3200,14.59
21,35000,4950,7.68
22,29000,7500,10.08
22,35000,7500,11.34
21,12000,3250,9.99
21,35000,800,7.37
22,14400,3250,16.29
24,16000,3250,12.42
22,17004,3250,6.91
23,18000,3250,13.22
25,35000,5400,12.17
22,35004,3000,7.9
22,20400,3250,14.26
24,25000,3250,13.67
22,35004,9000,10.0
26,28000,3250,14.59
24,35004,7000,5.42
21,35004,1500,9.62
25,30000,3250,5.42
22,35000,3250,6.54
24,39000,3250,8.94
21,35004,3000,15.58
21,29004,7400,17.56
24,35004,9600,7.88
24,35004,8000,14.96
22,28956,3300,8.49
22,35004,10000,7.51
24,33000,3300,12.99
26,33600,3300,15.65
21,35004,3600,8.0
22,66000,3300,14.65
21,90000,3300,11.71
24,35004,18225,9.63
25,37000,3325,11.49
22,35004,8400,10.39
24,30000,3350,14.72
25,36000,3350,7.9
21,33000,3375,13.49
23,24290,3400,7.51
22,28404,3400,8.94
26,29000,3400,15.62
23,40000,3400,6.92
23,51996,3400,17.58
22,29280,12000,11.66
23,35292,2100,7.51
23,80004,3400,8.49
25,29360,8875,12.69
22,35360,9600,5.99
24,114750,3400,12.21
21,35360,12250,15.31
25,35360,10000,8.94
26,14000,3450,12.69
25,25000,3450,11.99
22,12000,3500,15.65
23,35375,5600,6.76
22,12996,3500,8.59
21,13500,3500,9.96
21,15600,3500,16.07
21,29400,12000,11.83
26,29400,12000,9.32
22,18000,3500,13.48
21,18456,3500,13.35
24,19000,3500,7.88
22,20000,3500,13.11
25,20000,3500,10.28
23,35500,9000,7.49
22,20400,3500,6.99
22,35500,4000,12.53
23,35500,3000,11.28
21,21600,3500,7.51
22,22292,3500,16.49
22,23000,3500,10.37
24,35640,10000,13.49
24,24000,3500,15.65
23,35808,8700,7.51
26,24000,3500,10.71
22,24240,3500,9.99
22,35900,6000,15.27
23,26000,3500,6.91
22,26400,3500,15.27
21,26400,3500,8.49
22,36000,11625,13.49
23,36000,11300,12.69
21,30000,3500,7.9
24,30000,3500,5.99
22,30000,3500,14.22
22,30000,3500,13.92
22,36000,18500,7.9
25,31200,3500,6.92
24,36000,5200,9.91
21,33000,3500,11.71
26,33000,3500,10.25
22,34000,3500,14.27
22,36000,12000,11.71
25,36000,5100,8.9
26,34200,3500,12.84
24,35000,3500,6.99
21,35000,3500,9.62
24,36000,5600,7.9
25,35000,3500,11.58
21,35000,3500,12.53
21,35100,3500,5.79
23,35500,3500,10.99
25,36000,3500,6.62
21,36000,1000,12.42
21,38000,3500,10.59
26,36000,5175,6.03
22,38400,3500,13.99
22,39000,3500,9.91
22,39336,3500,5.42
24,40000,3500,7.9
23,40000,3500,11.99
23,40000,3500,13.23
24,36000,3600,16.77
21,41000,3500,10.75
24,36000,8000,10.65
25,42000,3500,5.42
23,30000,4800,10.65
26,42000,3500,10.74
21,42000,3500,10.37
26,42500,3500,12.61
21,42500,3500,11.86
22,36000,1000,9.99
24,44000,3500,12.69
23,45000,3500,10.59
23,39000,3500,11.86
22,45000,3500,12.53
25,30000,12000,5.99
25,47000,3500,9.99
25,36000,8400,5.99
24,30000,10000,15.99
25,36000,5600,7.49
26,36000,7000,7.49
23,47496,3500,12.69
23,48000,3500,13.98
25,48000,3500,13.16
23,36000,2000,11.49
23,48562,3500,8.0
22,50250,3500,7.14
22,51996,3500,9.62
24,45996,3500,12.21
24,52000,3500,7.68
23,52692,3500,12.23
23,36000,14000,12.99
25,54084,3500,9.25
21,36000,2800,6.99
21,30000,13250,13.99
24,55000,3500,8.88
22,55000,3500,9.99
22,57000,3500,12.61
26,51000,3500,13.24
26,58000,3500,8.59
24,59000,3500,8.9
22,60000,3500,5.42
22,36000,5975,7.42
24,60000,3500,11.86
23,36000,7200,5.42
21,36000,4000,5.99
25,36000,5300,7.49
25,56400,3500,15.62
23,63816,3500,9.63
24,65000,3500,7.74
25,59000,3500,15.65
23,36000,6400,11.49
23,30000,6725,6.99
23,36000,5000,14.79
24,36000,3500,13.06
23,70000,3500,5.42
23,64000,3500,14.72
23,74000,3500,12.87
26,68004,3500,15.28
24,74400,3500,7.29
23,74880,3500,11.11
22,75000,3500,7.29
25,77000,3500,7.9
23,78000,3500,9.96
23,81000,3500,10.75
24,78000,3500,11.83
24,36000,7000,11.11
21,36000,4000,5.42
23,94000,3500,11.49
23,98000,3500,8.07
21,110000,3500,13.99
23,26000,3525,6.62
22,36000,12000,7.29
24,36000,3525,14.59
21,12120,3600,8.32
22,36000,7500,9.63
26,36000,9000,5.42
21,15000,3600,15.95
23,36000,12000,10.74
22,18000,3600,6.91
22,18700,3600,8.9
24,20000,3600,11.71
25,21600,3600,10.99
24,24000,3600,6.62
23,36000,4800,13.06
26,24000,3600,14.96
23,24216,3600,16.49
21,24996,3600,14.09
21,26400,3600,14.27
26,30000,3600,15.99
23,30000,3600,5.99
24,30000,3600,7.49
22,30000,3600,10.99
24,30000,3600,8.49
22,36000,7750,9.99
23,36000,15800,13.72
23,30000,3600,14.17
23,30000,3600,6.17
22,36000,1800,6.17
24,36000,4800,6.91
22,30000,3600,12.21
23,30000,3600,9.7
22,36000,10000,5.42
22,31000,3600,12.69
23,36000,1800,6.54
25,31200,3600,8.9
23,36000,14600,12.61
23,36000,6000,8.88
25,31800,3600,7.51
24,32000,3600,7.49
23,32000,3600,9.63
25,33000,3600,10.0
22,35000,3600,11.83
22,36000,12000,7.51
25,36000,3600,15.23
22,36000,3600,12.99
25,36000,6000,7.88
22,36000,3600,5.99
24,36000,3600,7.29
26,36000,10000,10.75
23,30000,4000,16.32
22,37008,3600,12.42
22,38400,3600,12.69
23,38400,3600,13.61
24,36000,3250,6.39
24,36000,8000,13.61
22,36000,12000,15.21
22,36000,1400,14.84
26,36000,4000,6.76
25,33772,3600,16.02
23,40000,3600,15.96
22,36000,4500,7.51
24,40000,3600,13.49
25,36000,4800,17.93
21,40000,3600,5.42
26,36000,5400,7.51
25,36000,9000,7.14
23,36000,4800,10.38
24,40000,3600,10.59
23,36000,8500,7.51
22,40000,3600,6.17
24,40000,3600,11.12
22,36000,7500,7.14
22,36000,6000,7.51
22,42000,3600,14.72
23,36000,15000,11.36
23,37000,11000,6.62
24,37950,11000,11.86
24,36000,2000,14.96
22,39500,11000,12.68
23,39520,11000,5.42
22,39996,11000,5.79
22,34000,11000,15.99
22,41000,11000,12.18
24,41280,11000,15.28
26,36000,10000,9.88
25,36000,7000,12.73
21,41808,11000,17.19
22,42000,11000,11.71
21,36000,11000,10.37
23,36000,11000,13.11
21,36000,8800,13.85
24,43000,11000,8.94
25,44975,11000,6.99
26,45000,11000,6.99
25,45000,11000,9.25
23,36000,5000,12.87
25,36000,5400,14.26
22,45000,11000,9.88
26,45000,11000,14.61
22,36000,5000,14.61
22,45504,11000,10.99
22,46000,11000,10.59
24,36000,4750,11.83
22,46000,11000,7.49
24,47160,11000,11.14
25,48000,11000,7.51
23,30000,9500,15.31
22,48000,11000,10.75
25,48996,11000,7.88
24,49278,11000,13.22
22,50000,11000,13.49
23,36000,3000,13.22
21,50000,11000,10.0
25,50000,11000,12.53
26,44000,11000,15.31
22,50985,11000,13.11
22,36000,6000,12.53
26,36000,6350,8.94
26,46000,11000,16.29
21,52769,11000,10.37
26,53004,11000,5.79
23,30000,10000,13.79
23,30000,1000,9.32
23,56000,11000,7.49
21,36000,8000,9.32
26,58195,11000,9.91
22,59000,11000,10.74
24,36000,6400,9.38
23,60000,11000,14.22
22,36000,10000,8.32
24,65000,11000,7.51
26,36000,18000,10.39
26,36000,6000,12.29
24,36000,8000,9.83
24,69996,11000,11.86
26,70000,11000,6.62
22,71200,11000,12.42
25,80004,11000,12.53
24,85000,11000,6.91
21,87000,11000,11.58
24,90000,11000,11.14
26,36194,9250,10.08
24,100000,11000,5.42
25,30252,10000,9.76
23,116000,11000,8.94
21,30297,7550,13.22
25,36300,9000,6.99
25,30300,5000,10.0
25,120000,11000,12.18
26,125000,11000,12.98
22,36396,5500,11.12
24,47230,10950,6.91
22,30400,9950,15.27
22,60000,10900,15.65
22,35500,10875,12.84
25,36400,11000,12.29
21,33000,10800,12.23
24,34000,10800,14.42
22,36480,10800,8.88
26,33996,10800,11.12
24,36500,2500,10.37
24,40000,10800,6.92
24,43680,10800,5.42
26,45000,10800,6.17
24,45996,10800,13.16
23,30500,3000,14.96
25,36500,3200,9.63
24,36500,7000,13.16
26,42000,10800,13.99
26,30576,3000,14.46
22,36600,9950,7.29
25,50000,10800,10.75
22,44400,10800,18.79
23,55000,10800,8.88
25,55000,10800,13.57
21,36800,12400,7.51
21,57000,10800,13.22
21,57000,10800,16.77
25,68000,10800,10.74
23,72000,10800,7.88
26,69000,10800,7.51
23,58650,10800,16.29
22,36933,10000,12.22
22,75000,10800,9.62
25,62165,10800,15.65
23,115000,10800,14.65
23,36996,10000,7.51
22,20796,10775,15.37
23,30000,10775,10.65
24,24000,10750,15.2
22,29950,10750,14.11
21,30067,10750,12.68
26,36000,10750,16.0
23,37000,6000,8.9
25,39000,10750,14.59
23,32000,10700,6.03
26,48000,10700,9.63
23,37000,6400,11.71
26,68000,10700,12.42
25,37000,10000,15.96
22,37000,3600,11.71
22,37000,2000,14.27
25,24000,10625,6.03
26,37000,8400,10.99
25,37000,7000,15.62
23,25000,10625,11.71
22,37000,15000,8.49
26,30000,10625,11.71
25,30000,10625,6.99
23,30000,10625,6.92
24,37000,6075,5.99
24,62467,10625,8.49
22,31200,10600,12.99
24,33048,10600,11.97
24,42000,10600,13.16
25,57700,10600,14.91
22,75000,10600,10.99
24,94000,10600,12.18
22,37000,2500,10.37
25,30000,10500,16.29
22,37000,15000,6.54
22,29000,10500,9.99
25,35220,10500,7.29
22,37000,13000,7.88
22,36000,10500,10.74
21,34500,10500,8.49
22,41900,10500,8.49
24,44640,10500,10.36
22,45000,10500,6.99
24,37000,10000,10.99
22,49000,10500,9.38
26,58000,10500,11.48
24,85000,10500,6.92
23,43500,10450,13.57
26,37000,10400,8.94
23,37000,10000,7.74
24,37000,5000,11.58
23,37000,10400,7.66
22,32400,10400,14.84
25,40000,10400,9.91
22,37000,7500,10.95
21,40800,10400,9.32
23,41004,10400,12.53
24,37000,25000,10.08
21,42000,10400,11.49
23,43500,10400,13.49
24,44000,10400,12.69
25,57300,10400,11.66
22,57460,10400,13.49
23,60000,10400,14.91
25,59000,10400,16.29
22,83252,10400,12.21
25,35280,10375,14.27
23,64000,10325,12.92
23,29856,10300,8.94
21,45000,10300,10.59
26,165000,10300,9.91
26,54996,10250,7.29
25,60000,10250,6.62
23,66000,10250,14.38
24,37200,13000,6.91
26,37200,6000,10.36
26,36000,10200,12.69
22,42000,3600,7.37
22,44094,3600,7.37
23,45000,3600,6.03
23,45000,3600,11.49
24,45000,3600,6.91
22,39600,3600,17.49
22,41000,3600,16.77
22,37308,8400,9.99
23,37344,3200,12.68
23,48000,3600,16.02
25,31417,7000,10.36
22,44000,3600,13.43
24,50000,3600,11.36
21,50350,3600,7.88
25,51300,3600,7.49
23,54000,3600,12.42
23,54804,3600,16.77
21,37459,5600,6.92
23,37460,7125,13.99
25,55000,3600,8.9
23,55000,3600,5.99
25,55200,3600,13.98
23,60000,3600,7.9
21,37500,12000,5.79
23,60000,3600,9.99
26,37500,7000,6.54
25,60900,3600,6.91
26,63000,3600,6.76
24,37500,5600,8.94
23,65000,3600,11.49
23,65000,3600,10.59
24,65000,3600,10.59
25,67000,3600,9.99
25,51850,3600,13.99
25,37560,5000,10.99
26,72000,3600,10.74
25,37596,12000,11.99
26,75000,3600,8.94
22,80000,3600,12.69
23,37700,8000,15.62
26,84996,3600,11.99
23,31785,6000,14.96
22,37800,7200,10.99
22,93000,3600,16.77
25,31800,10000,12.53
25,19800,3625,16.29
26,24000,3625,11.11
25,52000,3625,6.54
23,52000,3625,10.59
25,37980,3500,6.03
26,38000,8875,7.51
23,38000,4000,12.42
21,27996,3700,8.0
23,36000,3700,9.25
23,38000,5400,7.9
22,60000,3700,10.37
23,75000,3700,6.03
23,38000,8000,12.69
23,33000,3725,6.54
23,120000,3725,8.49
23,21000,3750,15.65
21,38000,7000,13.49
22,38000,6000,7.51
22,27804,3750,13.85
25,38000,5400,8.9
22,38000,18000,8.9
22,11000,3800,8.88
25,19200,3800,14.35
21,25000,3800,8.59
23,26400,3800,7.9
25,30004,3800,14.84
22,34000,3800,18.25
22,43000,3800,6.99
26,47000,3800,13.49
23,55000,3800,6.76
23,69000,3800,15.28
23,108000,3800,14.26
26,26000,3825,14.27
22,38000,8500,5.42
22,28500,3825,15.96
22,38000,8000,9.99
24,40000,3825,10.0
25,38000,9000,6.99
23,38000,5000,12.99
24,32000,3850,12.68
22,38000,4500,5.79
23,48500,3850,8.49
24,38000,5000,10.0
22,26000,3900,7.51
25,38000,6000,5.42
24,40000,3900,12.23
25,44500,3900,10.99
23,38000,17500,11.11
22,45000,3950,6.92
22,12000,4000,9.76
22,12600,4000,10.37
22,38000,4200,9.25
25,32000,8000,10.36
24,13000,4000,9.88
22,38000,4800,9.99
25,13000,4000,15.65
24,13200,4000,15.65
24,13200,4000,5.79
21,13200,4000,6.39
22,14400,4000,7.29
22,38000,4000,6.76
24,38000,8000,7.14
23,14400,4000,10.74
21,38000,14000,11.12
24,38000,8500,13.11
22,14400,4000,14.61
22,14400,4000,10.91
25,38000,1500,10.62
22,15000,4000,10.08
26,32000,15000,15.33
24,15600,4000,16.32
22,15996,4000,13.35
22,16800,4000,14.27
22,16800,4000,10.25
21,17500,4000,13.22
24,38000,16000,10.99
22,18000,4000,11.49
23,18000,4000,10.99
24,18000,4000,12.87
25,18000,4000,13.22
22,18000,4000,10.91
23,18720,4000,15.62
21,19000,4000,14.35
25,19200,4000,19.03
21,38000,5000,8.94
24,19200,4000,14.35
22,38000,10000,12.21
22,38000,4000,14.42
22,19200,4000,10.25
25,19404,4000,8.63
22,38000,1950,7.37
25,20000,4000,7.29
23,20000,4000,12.23
22,20000,4000,11.89
26,20000,4000,13.79
22,20000,4000,9.45
26,20004,4000,12.18
23,20400,4000,8.94
24,21000,4000,13.43
21,21000,4000,11.86
26,21000,4000,11.36
26,38004,10000,13.35
24,22000,4000,11.36
24,22000,4000,13.92
25,23400,4000,12.42
25,23920,4000,14.35
21,24000,4000,14.84
25,38014,10000,8.49
24,24000,4000,8.59
24,24000,4000,12.21
26,38100,3900,7.9
23,24000,4000,11.66
22,38117,13500,11.83
25,24000,4000,7.75
23,38160,12000,10.38
24,24996,4000,9.45
22,25000,4000,12.69
22,25000,4000,10.36
21,25200,4000,8.49
22,32213,8000,13.47
26,38244,18000,9.63
22,25440,4000,5.42
23,26000,4000,6.76
23,26000,4000,12.87
26,38376,14500,7.88
26,26400,4000,7.9
23,26400,4000,14.17
24,26400,4000,13.72
22,27000,4000,5.79
24,27000,4000,10.75
23,38400,8000,6.62
22,27000,4000,7.14
21,27000,4000,15.58
23,27040,4000,12.29
22,27600,4000,5.42
25,38400,1000,6.62
25,27993,4000,12.99
23,28000,4000,8.9
21,28000,4000,15.23
25,28000,4000,6.39
25,28008,4000,10.0
24,28704,4000,9.63
22,38400,10000,13.99
23,28800,4000,5.42
22,28800,4000,13.48
26,38400,5550,9.99
24,29000,4000,9.45
24,38400,15000,15.23
26,38400,15500,11.99
23,29700,4000,10.74
22,30000,4000,7.9
24,30000,4000,5.99
24,30000,4000,7.49
24,38400,10000,10.99
25,30000,4000,16.49
25,38400,12500,13.06
25,30000,4000,13.49
22,30000,4000,11.49
22,38400,10000,5.42
23,38400,7675,10.0
25,38400,10000,7.29
23,38400,5000,10.37
23,30000,4000,10.36
23,30000,4000,10.36
23,38400,5000,9.25
26,30000,4000,10.75
22,30000,4000,15.21
25,38400,5700,6.17
26,38400,6000,7.51
26,30000,4000,11.83
25,30000,4000,9.76
24,30000,4000,11.34
25,30900,4000,12.61
24,38400,10000,14.72
26,31104,4000,9.99
24,31200,4000,12.42
25,38400,12000,10.38
22,38400,10000,14.72
22,38400,8500,7.14
23,31200,4000,8.59
24,31609,4000,13.92
21,32400,1750,13.61
22,32000,4000,5.42
23,38400,10000,7.14
25,32000,4000,11.49
24,32000,4000,17.93
23,32000,4000,7.68
26,32400,4000,14.27
25,32400,4000,10.08
24,32500,4000,16.29
24,38400,8000,16.0
23,38400,6000,13.24
25,32640,4000,12.73
23,32993,4000,11.71
22,38423,2000,8.49
24,38450,5500,7.49
22,32484,6250,7.51
25,38496,8000,6.03
26,32496,4200,16.02
22,33000,4000,7.88
23,33000,4000,10.96
26,33227,4000,9.88
21,38500,6500,7.51
23,34000,4000,12.69
23,34500,4000,11.49
22,38628,4800,9.99
22,32644,13750,16.45
20,32652,6000,14.61
23,38667,4800,11.91
25,35000,4000,16.29
25,29000,4000,14.54
21,29000,4000,14.83
25,35000,4000,7.51
25,38880,9500,7.51
22,29000,4000,15.33
24,29000,4000,9.96
26,38904,10000,12.21
25,35500,4000,10.99
26,30000,4000,14.27
22,36000,4000,5.42
22,36000,4000,5.42
25,36000,4000,13.61
22,30000,4000,14.96
24,36000,4000,7.4
22,36000,4000,8.94
26,36000,4000,10.14
23,36300,4000,7.68
22,37000,4000,10.95
21,37000,4000,10.08
21,37200,4000,13.49
23,38000,4000,14.26
22,39000,3250,10.99
25,39000,3000,13.99
22,38400,4000,10.59
23,38400,4000,10.59
22,38400,4000,12.99
21,39000,1000,7.49
24,38400,4000,7.29
25,38400,4000,12.53
23,38850,4000,12.72
25,39000,4000,7.88
24,39000,4000,14.61
24,39000,5600,5.42
23,39000,5000,12.98
26,39000,9500,6.91
25,39000,4500,6.54
26,33000,9000,13.72
25,39000,6000,7.51
22,40000,4000,12.69
23,40000,4000,13.8
24,40000,4000,5.42
23,39000,10000,7.51
21,33000,3250,7.14
21,40000,4000,7.51
22,40000,4000,11.49
22,40000,4000,7.43
26,40200,4000,6.76
23,35000,4000,12.18
23,39000,3000,12.53
23,41004,4000,7.68
24,35200,4000,16.0
21,42000,4000,12.42
23,42000,4000,10.59
26,33000,12000,10.91
21,36000,4000,12.99
23,36000,4000,10.99
23,39120,7000,11.71
22,39124,5000,7.74
25,33168,6000,15.96
26,36000,4000,14.54
22,42000,4000,14.09
22,42000,4000,8.88
23,39216,10000,13.49
23,42000,4000,5.79
22,39300,7000,9.62
22,39300,5325,14.59
22,42000,4000,13.22
25,42500,4000,12.99
22,39396,5000,6.62
24,43000,4000,12.69
24,39456,1325,6.62
23,39456,14000,7.29
25,43000,4000,12.99
26,39600,4000,5.79
25,45600,4000,6.54
23,39500,10000,14.22
22,41000,4000,7.51
25,41000,4000,14.84
23,47004,4000,12.53
24,47088,4000,6.62
22,48000,4000,9.91
21,39600,3500,6.62
26,48000,4000,5.79
25,48000,4000,7.29
25,39600,4800,12.42
24,42000,4000,11.86
24,42000,4000,12.73
25,39600,5000,8.88
23,39600,6000,7.88
23,39600,8250,9.32
26,33660,4500,5.99
24,44000,4000,17.58
24,50000,4000,5.42
26,39672,11500,15.7
23,39689,13000,13.57
23,39700,8400,7.51
24,50000,4000,7.66
25,50000,4000,10.37
23,50000,4000,5.42
23,39800,9750,10.99
25,50000,4000,6.92
23,50000,4000,12.61
24,50000,4000,7.88
23,50000,4000,14.96
22,50000,4000,7.4
25,50000,4000,14.61
22,50004,4000,6.92
24,50004,4000,7.88
22,44582,4000,5.99
26,39990,2400,14.27
21,50808,4000,6.17
22,39996,6000,12.42
24,39996,3000,9.91
23,50952,4000,11.54
24,45000,4000,15.99
23,51600,4000,9.91
24,39996,5000,14.82
23,45630,4000,19.29
23,51996,4000,13.98
24,52000,4000,10.37
23,39996,11000,9.63
24,52000,4000,9.88
25,46392,4000,16.32
22,53285,4000,7.9
24,53636,4000,10.62
23,48000,4000,10.37
25,54000,4000,11.89
26,54996,4000,7.51
23,55000,4000,10.99
26,55000,4000,6.92
21,55000,4000,13.35
23,55000,4000,11.86
23,55000,4000,12.53
24,55000,4000,11.26
23,56000,4000,15.23
23,39996,10000,7.51
21,57000,4000,7.49
21,39996,8000,10.25
23,57500,4000,8.88
23,39996,3600,7.51
21,39996,13000,13.48
23,57600,4000,7.75
26,39996,7000,13.57
23,58000,4000,10.74
22,58000,4000,10.0
23,58320,4000,10.37
22,39996,6000,8.0
26,52800,4000,9.99
22,60000,4000,7.51
23,60000,4000,15.33
23,60000,4000,11.83
26,54000,4000,13.47
22,60000,4000,12.21
24,39996,7500,12.22
26,62000,4000,13.06
26,39996,6500,8.32
23,62000,4000,10.59
24,56400,4000,14.75
25,62500,4000,8.9
25,62500,4000,10.37
21,63000,4000,11.49
22,40000,14400,12.69
22,40000,9875,7.9
24,65000,4000,7.51
25,65000,4000,6.62
26,40000,12000,13.49
24,65000,4000,5.42
23,65000,4000,7.49
25,65499,4000,12.23
23,40000,18000,9.91
23,61000,4000,16.0
23,67450,4000,6.76
22,40000,12000,13.49
25,68000,4000,6.76
22,63000,4000,11.12
23,69360,4000,7.74
21,70000,4000,7.9
26,70000,4000,5.99
24,70000,4000,13.49
23,40000,6000,10.65
26,70000,4000,13.06
26,70000,4000,13.85
23,34000,12000,14.27
24,72000,4000,7.88
25,75000,4000,11.49
22,40000,5000,6.03
22,34000,4500,11.71
25,40000,2100,6.03
23,40000,5000,6.62
24,40000,7500,12.42
22,77250,4000,11.71
24,40000,5400,12.42
25,80000,4000,10.59
22,40000,10000,6.03
23,80000,4000,14.46
22,80000,4000,11.12
22,40000,6700,10.65
24,81996,4000,12.53
26,82000,4000,13.48
26,34000,5500,10.65
23,92000,4000,5.42
24,93000,4000,5.42
24,95000,4000,7.9
23,95000,4000,11.49
23,40000,15000,12.42
24,40000,6400,9.91
26,98000,4000,9.32
22,40000,7500,7.51
23,88000,4000,7.14
24,40000,4500,6.62
22,40000,2000,7.9
21,40000,2500,14.27
26,34000,4000,17.58
26,130000,4000,10.99
24,118068,4000,10.51
26,131000,4000,12.84
21,40000,5000,6.62
26,158000,4000,14.84
24,15000,4200,13.11
24,40000,10000,9.91
23,21600,4200,15.23
22,22560,4200,15.2
23,40000,4000,7.51
25,24996,4200,14.26
24,26000,4200,16.0
26,30000,4200,9.91
26,30000,4200,16.49
25,30000,4200,15.99
25,12000,4350,12.98
22,22000,4350,11.54
23,40000,5000,8.49
23,40000,4000,9.99
26,40000,2200,8.49
25,40000,3600,7.49
23,40000,4000,10.99
26,40000,6000,11.99
26,15000,4375,12.69
24,22044,4375,16.4
26,24480,4375,5.79
23,50000,4375,8.49
22,14400,4400,19.91
22,19200,4400,11.49
21,20000,4400,6.91
24,25000,4400,6.76
21,40000,2000,12.99
22,32496,4400,8.49
23,40000,5000,5.42
23,40000,6000,14.79
26,40000,7200,7.49
22,34000,15000,15.99
23,38000,4400,11.71
23,43000,4400,11.99
22,40000,5000,12.99
24,49000,4400,16.77
22,60000,4400,15.23
24,80000,4400,19.03
23,40000,13000,9.99
26,95459,4400,13.8
24,33600,4450,11.49
24,42200,4450,9.32
22,40000,5400,7.42
22,40000,14000,7.49
22,14400,4500,7.88
25,40000,4500,10.99
25,40000,3500,13.49
24,40000,3200,10.99
23,15600,4500,5.99
25,15600,4500,7.51
22,40000,7500,11.49
24,40000,2800,8.49
25,40000,11000,8.49
24,40000,15000,7.49
24,40000,3000,11.99
23,40000,2000,10.99
21,18000,4500,10.38
24,40000,2500,9.99
23,18000,4500,12.21
24,18200,4500,8.94
24,40000,10000,5.79
25,18204,4500,13.61
26,40000,4300,10.74
21,20000,4500,13.49
24,40000,2125,11.11
21,20004,4500,8.0
21,20400,4500,10.99
25,21000,4500,9.62
25,21000,4500,16.45
22,40000,10850,7.66
23,21600,4500,15.65
23,23421,4500,17.99
23,34000,4000,14.17
23,40000,7200,11.11
21,23916,4500,9.62
26,24000,4500,12.42
24,40000,5000,11.11
26,24000,4500,5.79
22,24000,4500,11.49
25,40000,4000,7.29
22,24500,4500,8.94
23,25596,4500,9.99
23,26000,4500,8.49
25,30996,4500,6.92
23,32400,4500,7.49
22,40000,4800,5.42
22,33000,4500,7.88
23,33000,4500,15.05
21,40000,8000,6.92
22,35000,4500,14.27
23,35000,4500,10.59
24,35000,4500,12.87
22,40000,8000,10.74
21,36000,4500,6.62
26,34000,12250,6.91
22,36000,4500,6.17
24,36000,4500,7.14
22,40000,6000,9.25
22,37342,4500,11.03
23,40000,7000,8.88
24,37500,4500,5.42
24,40000,6900,6.91
22,32000,4500,9.63
24,38000,4500,10.83
23,38004,4500,7.88
24,34000,7000,14.09
24,39000,4500,10.99
22,39996,4500,13.43
22,40000,4500,7.66
26,40000,4500,7.74
25,40000,12000,14.83
24,40000,4500,12.84
22,40000,4000,10.36
24,34068,4500,14.84
23,41000,4500,12.99
25,40000,5000,12.61
21,36000,4500,17.27
24,40000,3500,8.88
26,40000,5300,5.42
21,42000,4500,6.03
22,42000,4500,11.49
21,40000,6000,5.79
26,42000,4500,7.66
25,43500,4500,6.76
25,43738,4500,5.99
26,44004,4500,7.74
23,45000,4500,9.25
21,41000,4500,13.49
26,48000,4500,11.11
23,48500,4500,12.21
22,44000,4500,5.79
21,40000,2500,6.76
24,40000,1000,6.76
23,52800,4500,6.76
24,54100,4500,7.14
26,40000,10000,11.86
22,48300,4500,9.76
22,34000,7750,15.21
23,40000,4000,7.14
24,40000,2000,14.35
24,55000,4500,7.9
23,55000,4500,8.49
22,55000,4500,6.76
24,40000,15250,13.98
26,58947,4500,6.03
23,59000,4500,12.68
25,40000,8000,10.38
23,54000,4500,8.49
23,62000,4500,12.42
22,40000,8100,7.14
25,60000,4500,10.99
24,74000,4500,12.18
25,78996,4500,8.63
25,80000,4500,13.06
25,82560,4500,7.42
25,84000,4500,12.18
24,40000,10500,11.36
24,40000,10000,9.88
21,40000,5600,10.25
25,138000,4500,13.43
23,20664,4550,13.72
21,34000,10000,10.62
22,29976,4550,12.84
23,42000,4550,15.23
26,130000,4550,13.57
21,24000,4600,13.99
23,27864,4600,6.03
26,40000,6000,10.62
23,33000,4600,11.71
23,40000,4600,10.59
25,40000,10000,7.14
21,40000,9000,7.51
26,44000,4600,13.99
21,51996,4600,8.59
23,52000,4600,14.96
26,52800,4600,15.62
24,40000,4000,7.14
23,40000,12000,9.88
25,34000,5800,13.48
22,40000,4000,12.73
24,73000,4600,9.99
24,100000,4600,8.49
22,40000,6400,14.22
24,40000,15000,9.88
24,40000,10000,11.83
21,31970,4650,9.32
22,48000,4650,10.99
24,31776,4700,8.94
25,40000,4700,12.09
24,40000,9000,8.94
23,41000,4700,7.9
26,40000,1750,11.83
24,45000,4700,10.96
26,19800,4725,11.22
26,27600,4725,6.54
24,40000,7500,13.22
24,12000,4750,10.75
21,13806,4750,12.73
22,14000,4750,14.61
26,14040,4750,10.25
23,14400,4750,11.11
21,40000,9000,11.14
26,15000,4750,8.49
25,15600,4750,13.85
22,16000,4750,13.16
23,40000,12000,11.14
22,20400,4750,11.49
25,20400,4750,12.98
24,40000,3400,7.4
25,24000,4750,10.38
24,24000,4750,10.62
21,26400,4750,12.23
24,34000,10000,15.31
22,40000,6000,11.48
24,40000,3000,15.65
23,40000,4000,11.48
22,13440,4800,12.53
21,15000,4800,8.49
24,15000,4800,16.95
21,15996,4800,15.37
26,20000,4800,7.49
24,20000,4800,11.14
24,40000,5000,8.59
22,40000,7000,9.32
26,40000,10750,12.84
23,40000,3500,12.21
22,21000,4800,10.75
26,21000,4800,7.75
22,21600,4800,13.49
21,22000,4800,7.88
26,40000,3250,8.0
21,34000,9600,15.68
22,24000,4800,7.49
22,24500,4800,10.65
25,26000,4800,10.65
22,26004,4800,10.99
24,26085,4800,13.35
21,27000,4800,7.51
22,40000,8000,16.0
21,27700,4800,6.62
26,27880,4800,9.25
22,29000,4800,12.99
25,34000,3000,10.51
22,29534,4800,11.99
23,40000,1200,10.83
24,30000,4800,6.99
23,30000,4800,7.49
24,30000,4800,11.49
24,30000,4800,13.35
26,40000,5200,10.08
25,30000,4800,11.22
24,40000,1000,7.37
22,40000,5000,7.68
24,32000,4800,10.59
22,32000,4800,16.49
22,32000,4800,11.11
25,32000,4800,7.14
22,40000,8000,9.76
22,32000,4800,13.61
23,32640,4800,11.99
26,33000,4800,12.69
22,33000,4800,7.49
22,40000,13025,10.14
26,40000,15000,9.64
24,33000,4800,14.91
24,40000,5000,11.86
23,34000,2525,13.12
23,33000,4800,14.54
25,34000,15450,11.22
24,33600,4800,11.86
26,35000,4800,8.9
22,40058,6000,9.91
22,35000,4800,5.42
25,35000,4800,11.14
25,35000,4800,10.28
23,40104,10000,12.72
24,40113,5000,7.14
23,36000,4800,11.11
21,40200,7200,7.88
25,30000,4800,15.95
26,40224,7000,7.4
22,40269,6625,15.23
26,40272,10000,11.86
23,40308,5000,7.68
25,38000,4800,11.71
22,32400,4800,13.98
22,38790,4800,13.8
26,39996,4800,12.99
22,40499,11500,11.83
24,40800,4800,13.85
22,41300,4800,11.89
25,40500,6500,9.63
22,41504,4800,12.99
22,42000,4800,14.35
25,42000,4800,13.22
22,42996,4800,11.03
26,44600,4800,14.65
25,45000,4800,7.51
26,45000,4800,5.42
23,39000,4800,17.99
26,40610,3500,7.14
26,40720,10000,13.48
26,45000,4800,13.06
21,45000,4800,7.51
23,45000,4800,13.98
23,45000,4800,13.22
25,45000,4800,9.45
26,45243,4800,9.25
24,45840,4800,7.49
24,46000,4800,8.9
24,40800,8000,11.99
22,40800,7975,5.79
25,40800,9700,9.63
21,47664,4800,7.9
23,40800,10400,10.0
23,48000,4800,7.9
26,42000,4800,14.27
24,42000,4800,15.23
22,40800,10000,12.61
23,48000,4800,5.42
22,48000,4800,12.98
24,40800,14400,14.35
26,40800,7500,7.88
24,48000,4800,9.88
23,48600,4800,10.36
23,48756,4800,11.36
23,40800,10000,7.14
25,50000,4800,15.96
24,40800,6000,12.92
25,50000,4800,10.99
22,40872,13750,10.83
23,40900,12200,11.36
22,34900,3600,15.7
23,50000,4800,10.37
22,50000,4800,12.68
24,50000,4800,13.22
26,52000,4800,9.99
23,52000,4800,9.88
24,55000,4800,6.92
21,55000,4800,11.12
25,49000,4800,14.96
23,41000,6000,6.03
25,55200,4800,7.9
22,41000,12000,6.03
23,56928,4800,10.38
21,41000,7000,6.03
26,52000,4800,17.99
26,41000,8000,6.03
26,53000,4800,15.62
26,60000,4800,7.9
24,60000,4800,6.54
22,41000,6400,9.99
24,62000,4800,7.14
22,41000,1000,6.99
26,65000,4800,13.72
24,65000,4800,7.88
24,41000,2500,7.29
25,65004,4800,13.49
21,41000,8200,6.91
23,35000,5000,12.98
22,41000,6000,11.86
23,69000,4800,10.75
26,72000,4800,11.86
24,72096,4800,7.14
22,67200,4800,16.7
24,69000,4800,15.21
22,75000,4800,12.21
24,41000,10000,15.33
24,41000,9000,9.88
23,41000,10000,14.96
22,41000,7750,9.88
23,86000,4800,9.62
21,90000,4800,9.62
23,92000,4800,10.0
22,41000,2500,14.96
22,41000,6000,8.59
24,103641,4800,10.74
22,41000,3000,12.18
21,41000,5000,7.74
22,115000,4800,7.88
25,120000,4800,14.22
23,41000,6000,9.32
24,125000,4800,6.76
23,41000,4500,10.95
22,23000,4850,14.27
24,40000,4850,6.62
24,54000,4850,8.49
23,41000,7500,10.71
23,41000,5500,10.71
25,21600,4900,13.72
21,41004,24250,10.75
25,41004,4000,6.76
23,95000,10000,10.99
26,41004,16000,10.95
23,41004,10000,9.32
25,83000,10000,13.22
23,96000,10000,10.65
26,96000,10000,19.69
21,41033,5700,12.99
24,41100,9200,12.42
23,97000,10000,13.99
24,97850,10000,7.51
25,98000,10000,12.69
23,41196,16000,11.83
26,99000,10000,7.29
25,99275,10000,14.65
21,41200,8000,11.48
24,87996,10000,14.84
22,99996,10000,9.32
22,100000,10000,10.65
24,100000,10000,7.51
25,100000,10000,6.62
25,88000,10000,17.88
24,100000,10000,16.4
23,100000,10000,11.46
26,102000,10000,8.59
25,107000,10000,8.38
24,41500,8500,7.14
23,107500,10000,7.66
26,96000,10000,15.28
25,41508,1600,13.11
23,98000,10000,16.4
25,41520,4400,7.29
23,110000,10000,7.88
22,41600,12000,12.42
22,41600,6800,10.59
23,41600,7000,13.43
26,113000,10000,13.72
24,41600,10000,8.94
22,41600,3000,15.05
24,114800,10000,8.94
25,41664,4000,5.99
25,115000,10000,7.29
22,41717,20000,11.12
25,41718,5000,7.51
25,115000,10000,10.37
25,116000,10000,14.26
22,41784,5000,6.03
22,41800,3100,6.76
22,41820,2500,6.91
21,120000,10000,11.71
21,120000,10000,9.99
26,120000,10000,12.68
23,35941,3500,13.35
24,120000,10000,7.88
24,120000,10000,13.61
25,120000,10000,9.32
23,120000,10000,11.66
24,42000,19200,7.9
26,122500,10000,10.65
23,124000,10000,14.27
22,42000,10500,14.65
26,125000,10000,7.49
25,130000,10000,7.49
22,36000,4000,12.69
21,36000,5000,14.27
25,42000,12000,9.91
23,42000,6000,16.77
25,42000,13975,8.9
25,132000,10000,12.84
22,42000,15000,13.49
22,140000,10000,9.99
24,140000,10000,11.14
24,42000,4900,6.03
24,42000,8000,6.62
22,42000,5400,6.03
26,145000,10000,10.99
24,42000,8675,7.51
23,157500,10000,12.69
22,160000,10000,8.94
25,153000,10000,14.96
24,165000,10000,9.2
24,42000,3125,8.9
25,175000,10000,15.05
24,238000,10000,13.67
22,42000,9350,12.69
24,24148,9975,11.48
24,46000,9975,13.11
22,60000,9975,11.48
22,42000,3000,6.03
23,65000,9975,7.51
23,42000,6500,6.03
22,72000,9975,10.99
22,42000,10000,6.03
25,26880,4900,14.26
21,42000,5000,17.49
22,26400,9900,11.71
22,30000,9875,7.29
23,42000,8000,10.99
26,28000,9800,7.29
25,36000,9800,10.36
23,48000,9800,7.88
23,44000,9800,7.51
24,42000,12000,6.99
23,44000,9800,13.11
24,42000,1000,11.49
26,36000,11000,10.59
24,53500,9800,6.17
23,60000,9800,13.49
24,82500,9800,7.51
23,66300,9800,15.7
26,93000,9800,10.25
25,42000,7200,14.79
26,107000,9800,8.9
23,36000,6725,11.49
21,42000,7000,15.23
23,36504,4900,12.68
25,32400,4900,11.49
23,42000,4900,14.72
22,42000,14750,12.99
22,42000,6000,12.99
22,42000,5000,6.99
26,36000,4500,10.59
23,50000,4900,8.49
21,50000,4900,8.94
24,51630,4900,9.99
23,42000,8000,5.42
24,69600,4900,9.99
23,42000,12000,15.23
21,42000,8000,9.99
24,74000,4900,12.87
23,107000,4900,8.94
22,15000,4950,8.9
24,42000,11000,5.42
24,42000,10000,7.49
24,36000,4000,15.23
22,34000,4975,7.51
24,75000,4975,6.76
22,95000,4975,6.17
23,42000,6000,5.42
23,27972,5000,8.94
22,27996,5000,17.51
24,42000,1200,11.49
24,42000,2500,15.28
23,28000,5000,13.72
23,28000,5000,11.78
24,28000,5000,7.68
25,28800,5000,8.9
22,28800,5000,6.91
23,28800,5000,11.49
23,42000,7600,6.0
23,28800,5000,13.11
23,29100,5000,14.84
24,29120,5000,10.99
23,29730,5000,7.66
22,29865,5000,11.12
21,42000,2500,7.29
26,30000,5000,12.42
24,42000,22250,11.11
24,30000,5000,12.69
22,42000,9000,7.66
22,30000,5000,8.88
25,30000,5000,11.86
24,42000,12000,7.66
22,30000,5000,11.49
23,30000,5000,11.86
21,30000,5000,8.59
21,30000,5000,14.96
25,42000,3250,10.0
21,30000,5000,13.92
24,30000,5000,11.14
21,36000,14000,6.54
26,30000,5000,14.42
23,30000,5000,11.59
22,30000,5000,10.33
23,30159,5000,11.12
25,42000,10000,5.42
22,30900,5000,10.0
23,42000,1500,6.17
26,31000,5000,14.96
22,31000,5000,10.62
25,31000,5000,8.94
26,31200,5000,8.63
22,31404,5000,7.51
23,31920,5000,8.0
23,42000,11000,6.54
21,42000,12250,8.88
25,32000,5000,14.27
23,32000,5000,12.69
26,32000,5000,6.03
22,36000,7000,14.84
23,32000,5000,14.79
24,42000,9250,11.12
26,32000,5000,7.49
26,32000,5000,12.53
21,32000,5000,7.68
24,32004,5000,13.23
25,32004,5000,14.35
24,42000,12000,10.38
24,42000,4200,13.23
24,36000,6000,7.14
22,32760,5000,13.48
22,32968,5000,14.61
26,33000,5000,12.69
26,36000,6000,11.49
23,33000,5000,10.62
23,42000,11000,7.88
22,33000,5000,10.25
21,33000,5000,12.84
24,42000,3000,7.51
26,33280,5000,14.11
23,33600,5000,13.49
21,33600,5000,13.49
21,42000,13750,11.36
21,33996,5000,12.18
25,33996,5000,9.38
24,42000,8500,7.51
23,34000,5000,7.88
21,42000,3500,7.51
22,34000,5000,8.0
25,34400,5000,13.49
23,34800,5000,10.99
23,42000,10000,14.59
24,34900,5000,11.49
24,35000,5000,11.71
25,35000,5000,11.71
21,35000,5000,10.65
22,35000,5000,11.71
23,35000,5000,6.99
26,29000,5000,12.99
23,42000,5200,10.25
25,35000,5000,10.36
22,35000,5000,7.88
24,35000,5000,7.88
22,35000,5000,13.23
25,42000,7000,8.59
25,36000,13750,13.22
26,42000,4500,11.48
25,29000,5000,15.7
22,42000,5000,8.94
24,29004,5000,6.92
23,35004,5000,14.72
25,42000,6000,8.94
24,42000,7000,8.59
25,35004,5000,8.94
23,35520,5000,13.57
26,35880,5000,7.68
22,30000,5000,18.25
21,42000,12000,14.26
23,36000,5000,14.79
21,36000,5000,12.99
23,30000,5000,14.17
26,36000,5000,10.37
23,42000,5750,13.57
22,30000,5000,14.54
22,30000,5000,17.43
26,42000,15000,11.26
23,42000,4400,11.89
22,30000,5000,15.21
24,30000,5000,15.7
23,36000,5000,13.22
23,36100,5000,7.49
25,42000,8000,9.63
26,36225,5000,12.84
24,36396,5000,6.03
26,36400,5000,8.9
25,36480,5000,6.54
22,36996,5000,9.99
23,42000,5400,11.78
24,42000,7500,10.51
22,36996,5000,5.42
24,42000,2000,11.28
22,37000,5000,10.65
26,36000,5000,12.29
22,37500,5000,11.03
26,42000,15075,12.92
23,42048,8500,7.74
24,38000,5000,13.99
22,38000,5000,7.29
23,42179,10000,5.42
23,38000,5000,11.58
25,32000,5000,15.37
23,32000,5000,13.93
23,38004,5000,6.91
25,42240,8000,6.62
23,42240,5500,12.73
24,42252,8000,12.84
26,32352,5000,14.84
21,38400,5000,10.59
24,38400,5000,10.99
24,38400,5000,11.14
23,39000,5000,12.69
22,39000,5000,6.99
25,39000,5000,7.49
24,33000,5000,21.36
24,42500,4800,7.51
23,42500,7500,8.49
25,42500,2000,5.42
24,42500,10000,13.8
26,39516,5000,7.74
24,39862,5000,14.22
25,39996,5000,6.92
25,39996,5000,13.72
21,33996,5000,9.25
23,33996,5000,14.84
24,33996,5000,14.96
25,39996,5000,12.87
25,39996,5000,11.89
23,39996,5000,10.2
24,33996,5000,12.92
21,42500,7000,14.61
23,40000,5000,12.42
26,40000,5000,9.91
24,40000,5000,12.42
25,42504,10000,7.29
21,40000,5000,5.79
21,36588,1000,14.61
24,40000,5000,6.17
21,40000,5000,9.25
24,34000,5000,12.23
25,42642,10000,15.76
23,42806,1000,7.51
22,34000,5000,12.73
25,40000,5000,11.36
26,40000,5000,13.11
21,34000,5000,14.59
26,40000,5000,14.26
22,42900,2000,10.74
23,42900,1000,6.76
26,40000,5000,9.45
22,40000,5000,7.43
25,42996,12000,6.17
22,34500,5000,16.89
25,34800,5000,16.02
22,34800,5000,15.21
23,40992,5000,10.99
22,35000,5000,15.96
25,41000,5000,11.71
25,42996,7200,14.11
21,35000,5000,14.79
23,41000,5000,7.51
25,35280,5000,14.96
22,42000,5000,8.9
24,43000,9500,6.62
24,42000,5000,10.99
26,42000,5000,7.29
22,36000,5000,12.68
21,43000,7000,6.62
22,43000,6600,14.27
22,43000,9000,11.71
24,42000,5000,5.42
22,43000,22800,12.69
24,43000,6000,10.65
22,36000,5000,16.32
24,43000,6000,13.49
26,43000,15000,11.99
25,42000,5000,7.51
24,36000,5000,14.59
22,42000,5000,12.87
24,43000,2500,13.49
23,36000,5000,13.22
23,43000,7200,10.59
21,42000,5000,9.32
26,43000,8800,5.42
26,42000,5000,11.91
23,43000,3600,15.62
22,43000,3500,11.49
24,36100,5000,12.92
25,42288,5000,10.99
22,42500,5000,12.42
22,42500,5000,12.98
24,42996,5000,7.14
25,42996,5000,10.38
22,43000,6650,10.37
25,43000,5000,7.51
24,37000,5000,16.45
22,43000,7750,7.66
22,43200,5000,12.69
24,43000,7000,6.92
24,43200,5000,14.17
23,43200,5000,12.87
26,43680,5000,10.65
22,37900,5000,12.18
22,43000,4000,7.88
26,44000,5000,8.9
22,44004,5000,8.9
24,38500,5000,14.84
22,43000,5000,7.14
24,37000,6250,7.14
22,45000,5000,12.42
22,45000,5000,9.91
25,43000,10000,7.88
25,43000,8000,7.14
22,43000,7000,10.62
24,43000,11500,7.88
24,43000,9250,13.11
24,39000,5000,16.77
25,45000,5000,10.74
22,45000,5000,11.11
23,43000,9800,8.59
22,39000,5000,12.23
24,45000,5000,7.88
22,45000,5000,11.36
22,43000,6000,7.74
23,45000,5000,9.32
23,39000,5000,15.37
24,45000,5000,13.79
25,45000,5000,11.89
23,45000,5000,7.75
23,39600,5000,14.84
23,45600,5000,14.22
23,45984,5000,7.14
24,39996,5000,14.11
26,40000,5000,15.99
22,46000,5000,7.88
23,43000,9000,9.63
24,37000,8500,12.53
22,43000,8500,12.09
22,46500,5000,10.37
25,46800,5000,6.76
21,46800,5000,9.32
21,43008,11200,15.31
24,46809,5000,12.18
25,47000,5000,12.42
23,47000,5000,8.9
23,47000,5000,9.99
26,47000,5000,7.14
26,43200,17000,13.49
22,43200,8400,16.77
23,43200,10000,12.69
23,47184,5000,10.25
23,47233,5000,11.36
24,43200,6350,7.49
25,41496,5000,10.83
25,43200,3600,14.79
26,43200,6000,12.87
26,42000,5000,13.99
22,48000,5000,6.99
23,37200,7000,10.59
23,37200,4000,7.66
23,48000,5000,9.25
24,48000,5000,9.99
23,48000,5000,6.17
22,48000,5000,11.12
24,48000,5000,13.11
21,37200,16800,6.17
22,43200,11000,5.42
23,43200,13000,15.95
23,43200,2000,14.35
24,37200,8000,7.88
24,48000,5000,11.89
22,43200,6000,7.51
26,37200,16000,13.11
22,48000,5000,11.89
25,48000,5000,9.63
23,48000,5000,8.7
22,48048,5000,11.36
26,43200,2500,9.88
24,48200,5000,10.38
24,43200,10000,14.26
25,43200,13800,11.48
22,43200,10000,9.63
22,43200,6000,7.68
26,48996,5000,7.88
24,48996,5000,13.79
23,43236,18000,12.87
24,49000,5000,10.65
22,49000,5000,11.86
24,49296,5000,7.88
22,49560,5000,10.36
24,43300,24000,10.62
23,44000,5000,16.77
22,50000,5000,5.42
24,44000,5000,15.23
23,50000,5000,10.59
24,50000,5000,7.49
24,55000,9000,12.87
25,43500,9000,9.63
26,55000,9000,16.7
23,43600,7000,7.49
24,56000,9000,7.29
23,56000,9000,13.35
23,57000,9000,7.14
23,37700,10000,9.63
25,37700,9000,11.58
26,57240,9000,7.51
23,57500,9000,10.37
25,43800,13000,10.38
23,57500,9000,6.91
26,37800,7000,14.96
25,57996,9000,11.83
24,58000,9000,7.29
21,43971,4600,5.42
23,60000,9000,7.51
22,44000,10000,12.69
23,44000,6400,7.51
26,60000,9000,10.59
22,60000,9000,5.99
26,60000,9000,12.68
23,44000,3200,7.51
23,60000,9000,6.17
24,44000,6000,15.96
23,44000,4000,15.27
25,44000,7000,6.03
24,44000,11200,10.99
23,60000,9000,13.61
22,60000,9000,11.86
22,60000,9000,7.14
24,60000,9000,11.58
22,44000,3500,5.99
24,44000,10000,9.99
23,61041,9000,11.36
22,62400,9000,8.49
26,64000,9000,6.03
25,44000,12000,14.54
26,44000,10000,17.14
24,65000,9000,6.03
25,44000,4000,5.79
22,44000,7200,7.29
24,44000,2000,5.79
22,65000,9000,9.91
24,44000,14500,7.29
23,59000,9000,15.28
26,65000,9000,11.86
24,44000,10750,6.17
26,44000,8475,6.91
23,44000,5500,6.17
23,69000,9000,11.49
22,70000,9000,13.49
23,44000,5000,13.23
26,72000,9000,10.74
24,38000,2500,15.7
23,72000,9000,13.47
25,72500,9000,10.59
26,74000,9000,10.0
25,44000,10000,12.87
22,75000,9000,10.99
25,44000,5000,7.4
23,44000,2000,7.4
23,69000,9000,9.63
23,69000,9000,14.09
24,44000,9000,15.31
24,77496,9000,12.84
25,44000,3600,9.32
26,80000,9000,8.9
22,80000,9000,6.91
26,80000,9000,13.16
26,80000,9000,10.91
23,80400,9000,7.51
23,83000,9000,10.59
22,44000,18900,10.14
25,84000,9000,11.36
22,38004,3600,17.27
23,44004,17000,6.62
26,84996,9000,11.26
24,85000,9000,13.92
21,44004,7200,11.89
22,44004,6300,12.29
24,86250,9000,12.69
25,87000,9000,13.49
22,44160,3000,14.79
24,44160,10000,13.22
25,44196,4000,7.51
25,90900,9000,13.22
24,44208,7000,7.51
23,92000,9000,6.92
24,83000,9000,15.05
23,44340,3000,12.98
26,38340,2500,12.18
23,44390,14300,10.99
23,38400,15000,17.27
25,100000,9000,11.34
25,44400,6000,6.03
25,44400,14125,12.99
22,110500,9000,5.79
25,115000,9000,7.51
23,44400,2500,12.68
23,44400,6500,7.51
24,133800,9000,7.9
23,140000,9000,7.14
25,44400,5000,12.72
24,143000,9000,16.45
24,24000,8975,11.83
26,33000,8975,16.02
26,44470,4000,6.76
24,44475,5000,10.65
26,52800,8975,10.99
25,34600,8950,6.17
23,33000,8950,13.22
23,44500,9250,9.62
25,63000,8900,7.29
22,44500,15000,13.57
25,19240,8875,10.65
21,44500,5000,13.87
26,21312,8875,10.59
23,23000,8875,8.9
22,23000,8875,10.74
24,44582,5600,7.49
24,44600,20000,11.89
26,24500,8875,10.0
21,26124,8875,15.62
24,26400,8875,6.62
25,30000,8875,7.51
24,44700,14400,15.37
22,44720,6000,7.9
24,62000,8850,6.62
22,23800,8800,9.32
26,44959,10000,11.71
23,46744,8800,14.96
22,47000,8800,7.49
22,48000,8800,6.62
23,45000,8650,14.27
22,60000,8800,8.9
25,45000,9000,6.62
23,45000,10000,11.71
22,73700,8800,18.21
25,75000,8800,14.59
24,108000,8800,10.99
25,45000,10400,14.27
23,44000,5000,13.99
23,44000,5000,14.91
24,50000,5000,6.54
22,45000,6500,10.65
24,50000,5000,9.25
23,45000,14550,11.71
23,50000,5000,11.86
22,50000,5000,7.88
24,50000,5000,11.36
25,45000,3000,6.62
23,50000,5000,10.25
23,50000,5000,7.4
26,45000,11000,8.9
24,50000,5000,14.74
24,45000,6000,7.51
24,50000,5000,11.03
24,50004,5000,7.14
21,50252,5000,11.46
23,44400,5000,16.29
23,50400,5000,10.38
24,39000,4150,17.58
22,50433,5000,10.71
21,50500,5000,10.37
24,50793,5000,6.62
25,39000,8500,14.65
22,45000,7000,6.62
23,45000,5600,11.71
22,21000,8500,7.51
26,45000,6000,14.27
24,24000,8500,7.9
25,45000,3800,10.65
25,24000,8500,9.88
26,24996,8500,6.91
24,25000,8500,11.71
23,25000,8500,6.03
26,25000,8500,11.71
25,25000,8500,12.53
24,25000,8500,12.21
24,45000,9050,6.62
25,25000,8500,11.26
21,25200,8500,13.61
24,45000,5000,6.62
25,45000,6800,6.03
22,45000,5000,6.99
26,45000,8000,6.99
22,27000,8500,12.21
21,27120,8500,8.9
25,28500,8500,11.14
22,45000,5000,7.49
26,28700,8500,13.55
25,45000,5800,6.99
23,29520,8500,15.37
21,29760,8500,10.62
23,30000,8500,13.49
22,45000,8000,16.49
23,45000,14000,11.49
25,30000,8500,13.98
23,32000,8500,13.16
25,45000,2000,15.62
26,34000,8500,7.88
22,30000,8500,15.05
23,45000,4725,11.99
25,38400,8500,10.99
22,40000,8500,14.35
24,45000,4075,5.42
23,34000,8500,13.92
26,45000,14125,13.99
21,42000,8500,7.51
26,39000,5600,16.49
25,45000,10000,9.99
23,45000,13000,10.99
23,45000,6000,7.49
23,42000,8500,6.92
22,42000,8500,12.53
26,42000,8500,11.14
26,42996,8500,10.2
21,43000,8500,15.58
26,45000,5000,6.99
22,44000,8500,5.42
24,44000,8500,7.51
25,39000,8500,13.23
25,45000,4000,6.62
25,47000,8500,8.9
26,45000,10000,16.89
25,47000,8500,10.37
24,49232,8500,6.54
21,45000,3000,10.99
25,44000,8500,14.27
21,50000,8500,10.65
21,44000,8500,11.49
26,45000,14650,7.49
25,50000,8500,15.7
24,52582,8500,10.62
24,45000,11000,7.49
24,55000,8500,9.88
25,55000,8500,14.22
24,45000,7200,7.29
26,59000,8500,11.83
23,45000,7000,5.42
25,62500,8500,7.88
21,45000,6250,5.42
25,63996,8500,11.89
23,65000,8500,13.35
23,65000,8500,12.21
25,45000,3000,6.92
22,74000,8500,11.71
25,69000,8500,6.92
23,38500,8450,10.62
24,45000,5000,5.79
22,100000,8450,12.99
24,45000,15000,13.06
24,45000,5000,5.79
22,25000,8400,6.62
22,45000,9125,5.79
23,30000,8400,14.65
26,52000,5000,10.59
23,52000,5000,7.49
22,52000,5000,6.99
23,45000,10000,11.11
24,52728,5000,7.74
22,53000,5000,9.91
22,53000,5000,7.9
25,45000,3000,9.99
25,45000,4325,6.91
25,45000,4000,9.25
25,53000,5000,12.53
26,53500,5000,12.18
23,53760,5000,13.43
26,54000,5000,10.0
25,54000,5000,12.21
22,45000,5000,12.61
24,45000,10000,5.79
23,54860,5000,14.17
26,54996,5000,11.86
26,45000,10000,6.91
22,54996,5000,12.54
24,54996,5000,10.39
22,49000,5000,15.62
25,45000,3000,6.17
22,55000,5000,6.91
26,55000,5000,13.48
24,55000,5000,8.0
21,55272,5000,5.42
24,56000,5000,14.27
26,56000,5000,7.91
22,45000,4750,6.39
24,50000,5000,15.62
22,45000,6000,6.76
22,45000,10000,7.88
23,56016,5000,15.13
21,45000,4000,7.14
26,51000,5000,12.42
24,51000,5000,14.74
26,51600,5000,8.94
24,57692,5000,13.23
24,57996,5000,8.0
24,57996,5000,13.24
24,58000,5000,7.49
22,58000,5000,13.85
23,45000,7200,11.86
21,45000,4500,7.14
25,45000,5000,7.88
23,58000,5000,13.16
24,45000,6000,7.88
21,45000,5000,7.14
25,58296,5000,6.17
22,58380,5000,12.29
26,45000,4000,14.35
24,58800,5000,7.29
25,58800,5000,14.84
22,52880,5000,14.59
21,45000,18000,7.88
26,58979,5000,9.32
26,53000,5000,15.95
22,59317,5000,11.48
21,59800,5000,11.36
22,45000,15000,11.36
23,45000,5000,6.76
26,45000,1500,6.76
23,60000,5000,13.49
22,54000,5000,17.27
21,45000,8000,7.51
23,60000,5000,16.49
24,60000,5000,13.99
24,45000,4200,7.14
23,60000,5000,6.99
21,60000,5000,8.49
26,60000,5000,10.99
21,45000,10000,7.51
23,60000,5000,6.91
25,60000,5000,15.57
22,45000,3300,10.99
22,54000,5000,6.54
26,60000,5000,7.14
23,60000,5000,13.98
24,39000,16000,14.22
23,45000,14500,13.48
22,60000,5000,14.22
25,45000,10400,10.25
22,54000,5000,16.35
23,54000,5000,12.84
22,45000,5000,13.48
22,61000,5000,9.99
24,45000,13000,10.62
24,45000,1275,11.36
22,61000,5000,7.66
25,62000,5000,7.49
22,62400,5000,12.69
25,62400,5000,7.51
25,63000,5000,10.74
23,63000,5000,13.23
22,63000,5000,7.74
23,45000,14500,11.48
24,63000,5000,9.32
23,63800,5000,9.99
25,64000,5000,15.33
25,45000,6000,11.83
24,64151,5000,11.86
21,64424,5000,6.03
26,45000,4000,13.92
24,64600,5000,7.9
25,45000,10000,12.87
23,45000,3000,7.05
26,65000,5000,5.99
22,65000,5000,11.49
25,59000,5000,15.62
22,45000,4000,11.83
25,45000,4000,8.59
22,45000,7000,8.94
23,39000,16000,14.26
25,45000,5950,7.74
23,65000,5000,5.42
22,45000,14550,11.83
23,65000,5000,13.98
22,45000,8000,12.53
21,59000,5000,14.22
25,45000,3200,7.74
26,45000,1500,7.05
23,45000,9925,11.48
24,65000,5000,10.25
23,65000,5000,13.47
22,59004,5000,11.11
23,45000,8000,12.84
23,39000,8000,14.11
23,45000,10000,12.21
23,45000,7000,9.63
22,45000,5000,8.0
23,66000,5000,10.39
24,45000,9200,11.89
24,39000,12000,14.11
22,67500,5000,7.74
26,67500,5000,12.18
25,45000,17000,11.89
23,67596,5000,11.86
23,45000,16750,12.53
26,45000,7750,12.53
22,68000,5000,9.99
24,68648,5000,10.99
23,63900,5000,15.99
24,69996,5000,10.38
25,70000,5000,11.71
23,54400,5000,16.49
26,70000,5000,17.39
22,70500,5000,11.14
23,55488,5000,15.21
22,71400,5000,12.99
22,39000,5000,18.21
26,72000,5000,7.49
22,45000,7375,9.32
22,72000,5000,11.49
26,39000,5000,13.67
23,45000,8000,10.51
25,56950,5000,13.92
24,73000,5000,9.01
24,73500,5000,12.99
26,74500,5000,11.36
24,45000,7500,8.32
25,45000,7500,8.0
23,69000,5000,7.49
23,75000,5000,7.49
22,75000,5000,11.49
22,75000,5000,10.99
22,39000,25000,16.08
23,45000,21000,9.76
22,75000,5000,5.79
25,45000,9000,11.03
25,45000,7500,10.39
24,75000,5000,11.78
25,45000,6500,10.28
25,76000,5000,7.9
25,76000,5000,8.9
25,76344,5000,9.63
25,76500,5000,12.53
25,78000,5000,7.66
21,45192,11700,10.74
24,78300,5000,7.74
26,39200,4000,15.05
23,80000,5000,12.42
23,45204,4750,12.21
24,74000,5000,15.27
22,74000,5000,13.49
23,45288,20500,9.25
23,80000,5000,5.42
23,45300,5550,15.37
23,62900,5000,14.84
23,39325,2800,12.87
24,45336,10000,5.99
24,81000,5000,5.42
23,45378,6000,5.79
21,45432,5000,9.88
24,83100,5000,16.35
22,84996,5000,12.23
26,73000,5000,15.31
23,45500,14000,14.72
26,39500,15250,15.05
23,85000,5000,11.58
21,45600,6000,6.03
23,45600,14000,7.9
23,85272,5000,11.11
23,45600,12000,14.65
26,45600,10000,15.27
23,88000,5000,10.99
23,45600,10000,16.11
25,45600,13000,12.99
25,76000,5000,17.19
26,90000,5000,16.77
23,78000,5000,6.62
23,90000,5000,15.96
24,90000,5000,10.59
24,90000,5000,9.99
24,45600,7200,6.91
25,45600,15000,5.79
21,39600,6400,6.91
22,90000,5000,14.96
22,45600,2000,10.36
23,45600,1000,9.62
25,80000,5000,14.96
20,94000,5000,16.02
22,45600,9500,10.38
23,95004,5000,9.63
22,45600,1800,13.48
26,97500,5000,18.39
22,45600,1600,7.88
23,86004,5000,14.84
22,39600,4650,10.28
26,45608,11000,6.62
22,45673,7000,7.88
22,45691,7000,7.14
23,100000,5000,6.03
23,100000,5000,8.49
23,45843,11000,11.71
22,39868,2400,16.02
22,102240,5000,19.03
25,39896,9250,9.63
22,45900,6400,8.59
26,103992,5000,7.88
26,45900,11500,13.79
23,106000,5000,7.88
23,45992,10000,5.42
24,108000,5000,12.69
21,45996,10000,5.79
23,108000,5000,7.66
25,110000,5000,9.99
22,111460,5000,11.71
25,112000,5000,10.25
25,45996,25000,12.18
24,115000,5000,8.9
24,116300,5000,14.96
23,45996,10000,13.16
26,120000,5000,7.68
25,120000,5000,13.79
22,114000,5000,15.31
26,135000,5000,11.36
24,137481,5000,10.99
24,46000,10075,12.42
23,46000,5000,6.62
23,150000,5000,10.65
23,138000,5000,14.91
24,117300,5000,13.23
25,159996,5000,14.11
26,46000,11000,12.69
25,21600,5200,11.86
22,24000,5200,13.49
25,25000,5200,12.53
25,46000,2125,12.99
23,46000,3000,5.42
21,26000,5200,12.53
23,30000,5200,15.96
23,46000,15000,6.99
25,30000,5200,17.19
25,32160,5200,14.65
23,35000,5200,13.92
22,36850,5200,12.42
25,38000,5200,10.74
23,38000,5200,7.88
22,46000,6000,12.68
23,24000,5250,7.66
24,46000,2000,7.66
22,46000,4000,10.37
23,45000,5275,10.39
24,57600,5275,13.49
23,46000,10000,10.36
23,23340,5300,7.9
22,24996,5300,15.23
24,46000,10000,9.99
25,26400,5300,8.49
24,28800,5300,15.27
25,30000,5300,15.27
22,30000,5300,17.99
24,30000,5300,15.28
25,46000,23500,10.25
21,47000,5300,7.66
22,50004,5300,14.42
22,65000,5300,6.62
25,40000,15000,11.36
21,32000,5325,14.27
23,46000,8000,11.48
24,24000,5375,10.99
24,26000,5375,13.47
24,18000,5400,15.99
22,18000,5400,15.23
22,46000,6000,7.68
26,24000,5400,11.49
26,25300,5400,16.02
21,46000,10000,14.74
23,26400,5400,10.38
26,30000,5400,10.0
22,32000,5400,16.29
23,35000,5400,10.59
23,46113,9000,15.99
25,46116,10000,11.03
25,46144,1500,7.49
23,35000,5400,12.84
22,45000,5400,7.29
25,54000,5400,7.88
23,55000,5400,11.99
24,46325,3600,7.68
22,57500,5400,5.42
25,46350,9750,10.0
23,46394,15000,13.47
23,60000,5400,7.49
23,63000,5400,14.54
23,46450,10000,5.42
26,46464,15000,12.21
22,58617,5400,15.21
22,46500,13000,7.29
22,69108,5400,15.95
24,112000,5400,15.27
22,22718,5425,11.99
22,46500,4000,10.62
24,40500,8500,10.99
21,46500,1300,14.96
26,83004,5450,7.9
24,46500,16000,12.53
22,46500,12000,12.21
23,46551,15000,10.62
22,12000,5500,10.36
21,14400,5500,11.48
21,15192,5500,13.11
25,18000,5500,11.71
23,19136,5500,17.93
23,46776,15000,13.24
25,40800,7000,19.03
26,46800,12725,12.42
24,46800,12000,6.99
23,21600,5500,9.25
22,46800,3600,7.14
21,21700,5500,14.91
23,22000,5500,13.04
24,23000,5500,6.54
22,23004,5500,5.79
22,46800,11500,7.51
24,24000,5500,14.27
24,46800,6000,14.22
23,24000,5500,13.99
23,24000,5500,10.99
23,46800,13000,8.59
23,25000,5500,9.32
23,25200,5500,7.9
22,26400,5500,13.72
22,46976,11000,14.26
22,26784,5500,14.74
23,27996,5500,12.53
24,47000,9600,15.96
25,28800,5500,9.76
22,30000,5500,11.86
22,30000,5500,12.53
22,41000,7000,7.9
25,30000,5500,8.0
24,47000,12000,13.49
25,47000,7000,7.51
24,33000,5500,11.11
24,47000,3000,12.69
26,47000,6600,7.9
22,47000,10600,15.96
23,33000,5500,14.54
23,47000,8000,10.65
25,47000,4000,6.62
21,47000,5400,8.9
24,33900,5500,17.58
23,33996,5500,13.47
26,34000,5500,16.89
26,34000,5500,13.11
26,47000,12500,8.49
25,47000,10400,11.49
26,36000,5500,10.65
23,36000,5500,17.14
21,36500,5500,7.51
24,37000,5500,9.2
24,38400,5500,6.92
23,47000,6000,5.99
22,38500,5500,7.74
22,47000,3000,5.42
24,47000,15000,10.74
24,47000,15000,7.66
23,40440,5500,12.73
23,47000,13850,12.68
26,47000,3000,5.79
23,37000,5500,15.31
23,43000,5500,11.89
24,37004,5500,15.05
22,44400,5500,12.73
22,47000,15000,7.66
24,47000,6000,11.11
24,47000,6000,7.66
22,45000,5500,10.38
22,48000,5500,11.49
25,48000,5500,7.49
23,48880,5500,10.99
21,44000,5500,15.28
22,50000,5500,7.14
23,47000,7000,7.51
21,47000,7000,7.14
23,47000,7500,7.51
23,54000,5500,8.94
24,54000,5500,8.07
23,55000,5500,11.71
22,56000,5500,9.38
24,47000,9000,8.94
26,51000,5500,13.49
25,57000,5500,10.99
26,51600,5500,11.99
21,59000,5500,5.42
22,41000,10000,13.57
22,60000,5500,7.88
24,47000,10000,13.79
24,47000,12000,12.21
25,41000,5000,11.78
23,62000,5500,17.49
26,62400,5500,9.76
24,41000,6600,10.71
24,62472,5500,12.73
24,64000,5500,10.75
24,72000,5500,9.91
24,72996,5500,11.49
24,73700,5500,14.65
26,90000,5525,11.36
24,47110,11000,10.99
24,22000,5550,12.41
23,24000,5550,12.53
22,31000,5550,11.36
22,47004,5550,7.49
21,47200,7000,13.23
24,47211,10000,11.83
25,28800,5575,6.62
22,41244,11500,11.58
22,14400,5600,14.59
21,18000,5600,18.09
26,47300,6000,12.69
24,47300,9500,8.49
24,19200,5600,8.9
24,19800,5600,5.79
25,47412,6500,8.59
22,47472,20000,11.83
24,24000,5600,12.73
22,47484,5325,10.62
23,25000,5600,11.11
21,25000,5600,7.29
22,26000,5600,8.0
24,47500,12000,9.91
22,47500,6000,7.9
24,28000,5600,14.12
24,47500,13750,11.71
21,30000,5600,14.46
21,30000,5600,13.61
24,30996,5600,7.49
24,47500,7000,7.74
22,32000,5600,7.9
25,33600,5600,9.25
22,47540,12250,10.62
22,47580,4000,6.62
21,47580,14000,6.03
25,29004,5600,13.79
23,36000,5600,7.9
26,41682,18000,13.22
25,47700,12375,7.9
25,36276,5600,9.99
24,38000,5600,6.62
22,47748,4500,6.39
21,47760,15000,6.03
22,47800,1500,13.43
22,47800,15000,11.86
22,33000,5600,13.23
23,40000,5600,13.8
25,40000,5600,14.61
25,40800,5600,16.77
26,41000,5600,15.96
25,42000,5600,7.49
26,43860,5600,9.63
26,48000,11000,13.49
22,39000,5600,14.96
21,48000,7350,10.65
24,48000,2200,15.27
24,47700,5600,9.99
24,48000,5600,11.14
24,48000,5600,10.62
23,50000,5600,11.49
23,50000,5600,11.03
23,50004,5600,10.59
26,51000,5600,7.49
24,52000,5600,7.29
22,52800,5600,7.29
24,54000,5600,10.59
23,48000,10000,10.65
22,54000,5600,9.63
23,48000,2400,12.69
21,55692,5600,6.62
24,56000,5600,6.03
26,56000,5600,8.59
22,56000,5600,8.32
25,48000,23500,13.49
22,48000,12000,6.03
22,60000,5600,10.65
23,60000,5600,7.29
21,60000,5600,9.25
22,48000,1500,16.29
23,63000,5600,8.49
24,60500,5600,14.91
25,68515,5600,12.61
24,69000,5600,9.99
22,48000,5000,6.03
23,48000,2500,11.71
23,69996,5600,13.11
25,70000,5600,7.9
23,48000,20000,11.71
26,48000,13800,13.49
22,70000,5600,11.14
23,72000,5600,11.12
23,48000,10500,7.51
23,48000,10000,10.65
25,48000,6000,10.65
25,58650,5600,14.84
23,79000,5600,11.12
25,81600,5600,5.99
21,89610,5600,6.54
23,48000,2500,5.42
26,102552,5600,9.99
24,25000,5625,12.68
25,48000,3500,5.42
22,51000,5650,9.91
26,48000,2000,10.99
25,48000,1400,14.79
22,48000,4400,5.99
23,67200,5650,13.47
24,11476,5700,7.49
22,35000,5700,12.99
22,37000,5700,5.42
22,48000,13000,10.99
24,46000,5700,7.66
26,48000,5000,8.49
26,52500,5700,11.12
21,17000,5750,8.9
24,34000,5750,10.75
24,48000,10000,7.49
22,45900,5750,8.94
25,70000,5750,8.0
22,48000,10000,13.49
25,85000,5750,7.29
24,48000,4400,5.99
25,147750,5750,9.99
23,30900,5775,9.63
25,48000,3000,11.99
24,120000,5775,6.17
21,18000,5800,14.72
25,48000,3200,6.99
22,20400,5800,8.94
23,25000,5800,9.91
24,48000,4200,11.99
23,48000,5000,13.99
26,27000,5800,10.65
23,27252,5800,13.06
26,48000,4000,5.42
24,35020,5800,8.32
22,48000,4800,8.49
22,41300,5800,7.43
24,48000,5000,5.99
24,48000,3200,5.99
25,48000,1000,13.49
22,45000,5800,7.88
26,48000,8000,10.59
23,42000,1800,12.99
26,144000,5800,7.29
26,48000,3600,13.49
23,12000,5825,6.62
22,25000,5825,14.27
26,26000,5825,14.27
23,42000,10500,7.66
23,50000,5825,10.65
22,48000,4000,9.63
23,48000,7000,10.74
24,48000,4000,5.42
24,60000,5850,7.49
25,48000,4800,10.74
25,19200,5875,14.11
26,40000,5875,12.69
26,49680,5875,12.99
23,56000,5875,14.54
21,14400,5900,12.42
24,23000,5900,9.63
23,30000,5900,7.88
26,36800,5900,10.71
25,34000,5925,11.11
24,48000,15000,13.06
23,29376,5950,7.66
24,48000,12000,7.29
25,78000,5950,7.29
24,46000,5975,14.46
22,12000,6000,8.88
25,13440,6000,7.49
24,14880,6000,10.0
22,15000,6000,6.03
22,15000,6000,14.59
21,16000,6000,9.63
24,48000,4800,9.99
24,16800,6000,14.84
26,17376,6000,10.99
26,48000,10000,5.79
22,18000,6000,6.62
24,18000,6000,12.21
22,18200,6000,7.66
22,18996,6000,14.74
23,42000,2000,15.2
22,48000,3500,6.54
23,19000,6000,10.59
24,19200,6000,10.59
25,19200,6000,7.14
21,19200,6000,9.88
25,19200,6000,13.11
22,48000,6500,6.17
24,20000,6000,7.14
24,48000,17000,6.91
24,48000,3000,5.79
26,20400,6000,9.99
22,21300,6000,15.96
23,48000,2550,11.86
26,21600,6000,10.59
23,21600,6000,14.42
25,21812,6000,14.72
23,21996,6000,13.47
22,48000,9600,11.86
21,22600,6000,12.23
25,22800,6000,13.35
22,48000,9600,7.51
22,22880,6000,13.57
23,22884,6000,11.49
21,23000,6000,10.95
22,48000,4000,11.86
21,23040,6000,7.9
25,23198,6000,8.0
22,24000,6000,10.65
25,48000,4000,7.14
26,24000,6000,8.9
25,48000,7350,11.12
26,24000,6000,6.62
24,48000,1200,6.76
23,24000,6000,5.42
24,24000,6000,11.99
23,48000,3200,7.51
26,48000,15000,11.12
25,48000,24250,10.25
22,48000,7000,13.48
22,48000,5000,7.88
21,24000,6000,11.36
22,24000,6000,12.18
21,24996,6000,13.61
21,24996,6000,11.83
23,25000,6000,7.51
22,48000,6500,10.62
25,25000,6000,16.4
26,25000,6000,8.0
25,48000,15000,10.25
22,48000,15000,9.88
24,25200,6000,7.49
26,48000,4200,10.62
24,48000,5500,11.36
21,25200,6000,7.49
23,25200,6000,13.23
23,48000,12000,11.36
21,25200,6000,8.94
25,25200,6000,9.76
24,25800,6000,7.14
21,26000,6000,7.49
26,26400,6000,10.65
25,48000,7800,8.94
26,26400,6000,6.0
22,26400,6000,8.59
25,26500,6000,12.42
25,48000,7500,7.05
24,26500,6000,13.79
25,26780,6000,9.25
25,27000,6000,11.86
24,42000,3500,8.94
23,27000,6000,11.66
22,48000,2800,12.53
26,27031,6000,9.99
24,48000,3100,8.94
25,27040,6000,7.9
23,48000,15750,16.35
22,27600,6000,10.38
24,48000,4400,11.83
26,48000,16750,14.26
23,48000,6000,12.87
22,48000,8000,12.53
25,28000,6000,10.59
23,28000,6000,9.63
22,28000,6000,12.98
26,48000,10000,7.74
23,28000,6000,9.63
23,28284,6000,7.66
21,48000,10800,12.84
25,28675,6000,8.9
21,28800,6000,13.8
21,28800,6000,10.62
23,28800,6000,8.94
25,28800,6000,17.04
24,29000,6000,15.27
23,29000,6000,5.99
23,29000,6000,13.61
22,29000,6000,10.25
22,29000,6000,11.46
24,48000,2800,12.53
23,29820,6000,14.22
22,30000,6000,12.42
24,48000,10400,7.37
22,30000,6000,10.65
22,30000,6000,14.27
22,48000,9925,9.63
24,30000,6000,13.49
24,48000,7800,11.89
24,30000,6000,7.51
23,48000,10000,9.32
24,30000,6000,13.49
22,30000,6000,7.51
24,30000,6000,12.42
22,30000,6000,12.42
24,48000,1300,9.07
22,48000,4800,9.07
22,48000,2400,11.46
25,48000,7000,12.09
24,30000,6000,11.71
23,30000,6000,11.71
23,48000,5000,10.08
24,48000,5000,7.68
23,30000,6000,13.49
22,30000,6000,10.99
23,30000,6000,8.49
24,30000,6000,15.99
22,30000,6000,10.37
26,30000,6000,6.54
23,30000,6000,14.72
21,30000,6000,7.51
24,48000,3500,10.28
21,30000,6000,8.94
26,30000,6000,7.74
23,48152,9500,7.29
21,31000,6000,6.03
23,48235,20000,12.18
25,48360,6000,7.66
26,31200,6000,15.23
21,31200,6000,16.89
25,31200,6000,13.8
22,31200,6000,13.22
22,31680,6000,11.12
24,32000,6000,13.49
26,48500,13000,7.29
23,48500,6000,10.25
21,32000,6000,5.42
25,32000,6000,10.62
25,48500,19500,15.57
22,42500,7000,15.57
25,32000,6000,12.92
22,48526,13500,11.14
24,32004,6000,14.84
23,48600,5000,7.49
22,32496,6000,13.04
23,48600,6000,11.86
23,48600,19000,11.36
26,33000,6000,14.84
22,33000,6000,13.85
24,48661,8000,17.58
23,33276,6000,11.03
21,33280,6000,13.23
26,33600,6000,10.71
22,33650,6000,12.86
24,48732,3500,9.32
24,48800,9000,7.49
21,33996,6000,12.53
24,48852,10300,6.99
24,34000,6000,8.9
26,34000,6000,12.69
24,48960,10000,18.39
23,34000,6000,14.09
22,48996,5000,7.9
23,48996,10525,13.61
25,29000,6000,13.49
22,35000,6000,7.49
22,42996,12000,13.79
23,29000,6000,7.88
24,35000,6000,13.98
24,35004,6000,10.59
24,29004,6000,15.62
26,29004,6000,14.11
23,49000,9600,5.42
24,43000,4000,17.49
23,49000,3500,5.42
24,43000,10000,16.89
26,29364,6000,13.35
24,43000,3000,10.99
23,49000,4000,13.99
25,35392,6000,7.4
25,49000,7000,6.99
22,29916,6000,15.65
24,49000,2700,6.92
22,49000,2400,5.79
23,49000,2400,7.66
25,49000,18225,10.0
26,49000,20000,10.0
22,30000,6000,14.79
22,30000,6000,19.39
22,36000,6000,12.68
26,30000,6000,16.77
23,49000,6000,7.88
26,49000,14000,7.88
22,36000,6000,10.0
24,49000,3500,7.88
25,49000,2500,6.76
22,36000,6000,10.36
23,36000,6000,11.86
25,36000,6000,14.72
22,49000,4000,8.94
22,49000,8500,12.53
22,36000,6000,10.75
21,36000,6000,11.86
22,49000,7000,9.32
23,30000,6000,16.32
23,36000,6000,7.51
24,49000,20000,15.57
24,49000,7000,13.17
22,36000,6000,7.51
22,49032,2400,11.86
22,49140,3000,13.16
25,49152,3000,11.71
24,36000,6000,14.96
24,30000,6000,14.11
25,30000,6000,14.74
21,30000,6000,13.16
22,49200,4800,7.51
25,49200,5600,7.49
26,30000,6000,15.45
25,49200,6000,10.0
24,49200,4000,13.06
26,49200,10750,11.11
26,49200,4800,6.17
23,36100,6000,9.88
22,36250,6000,14.22
21,36450,6000,8.63
22,36628,6000,11.86
25,36852,6000,12.42
23,31000,6000,11.71
24,37000,6000,7.66
24,49344,8500,9.99
24,37000,6000,6.76
22,37000,6000,11.83
26,49441,12000,6.99
21,37200,6000,11.71
24,37200,6000,9.99
22,37500,6000,12.42
24,37920,6000,6.99
22,49500,10000,10.36
25,32000,6000,12.99
25,49500,2400,7.51
25,38000,6000,6.99
22,38000,6000,13.57
25,49500,9250,13.79
24,38000,6000,10.39
23,38000,6000,10.46
22,49536,5200,6.62
25,38004,6000,11.89
24,43590,8000,11.83
22,49600,10000,14.96
24,49600,2500,7.4
25,49600,10000,11.66
25,43633,9000,15.62
24,33000,6000,15.62
25,49713,12000,11.86
25,49716,8000,9.32
21,39000,6000,10.38
22,39000,6000,8.0
25,33600,6000,15.58
21,39900,6000,11.49
23,39996,6000,7.51
25,39996,6000,9.7
23,39996,6000,11.66
25,49920,3325,5.42
25,40000,6000,10.65
22,40000,6000,12.69
22,49920,10000,12.53
26,49992,6000,10.99
26,49995,10000,11.71
24,40000,6000,6.62
23,50000,10000,11.71
24,40000,6000,13.99
25,40000,6000,7.66
22,50000,22000,9.91
22,40000,6000,7.66
25,50000,10000,13.49
23,40000,6000,5.79
25,40000,6000,7.88
25,50000,20000,15.27
22,40000,6000,7.51
23,40000,6000,8.94
24,50000,6000,7.51
22,50000,13000,10.65
22,40000,6000,12.87
23,40000,6000,7.68
21,50000,9000,13.49
22,40000,6000,8.32
21,40000,6000,10.08
23,34255,6000,22.11
23,50000,7000,8.9
24,41000,6000,8.9
24,50000,18650,9.91
22,50000,4800,6.03
23,41000,6000,10.99
26,44000,20000,17.27
24,41004,6000,7.68
23,41124,6000,7.49
22,50000,6000,12.69
24,44000,2200,8.9
25,35196,6000,14.54
25,50000,18650,7.9
25,42000,6000,12.42
22,42000,6000,10.65
23,42000,6000,9.99
26,42000,6000,7.29
23,50000,17000,12.42
23,50000,3000,6.03
25,50000,11200,14.27
24,42000,6000,12.68
25,50000,12500,10.65
24,50000,15000,16.29
26,42000,6000,11.12
26,42000,6000,12.73
25,50000,20000,11.71
23,42996,6000,12.84
25,50000,17000,6.03
26,50000,8000,6.62
25,50000,8000,19.42
23,50000,2000,6.62
21,50000,3500,6.03
25,50000,2600,6.03
26,44000,3500,16.29
25,44000,6000,12.69
23,44000,6000,14.22
22,50000,8000,6.03
24,44000,6000,8.0
23,50000,12600,11.71
24,50000,5000,12.69
25,50000,10000,7.9
26,45000,6000,9.91
24,50000,7500,11.71
24,50000,20000,12.69
26,45000,6000,11.71
24,50000,13700,6.03
25,39000,6000,13.49
22,50000,15000,7.9
23,39000,6000,15.99
23,50000,10000,6.03
24,50000,12000,6.62
26,50000,9825,7.9
26,45000,6000,7.49
26,50000,17200,7.51
25,50000,9175,19.42
23,39000,6000,14.09
26,45000,6000,5.79
22,45000,6000,13.23
23,45000,6000,11.86
23,45000,6000,11.49
22,50000,12000,7.9
22,50000,7800,6.62
26,50000,5400,8.9
22,39000,6000,13.22
23,45000,6000,12.53
21,45000,6000,9.38
25,39396,6000,15.31
26,50000,3000,9.91
26,50000,7200,6.62
26,39600,6000,12.42
24,50000,15000,8.9
22,50000,1000,9.91
25,46000,6000,14.72
24,50000,22800,17.27
25,50000,9000,6.03
24,46151,6000,10.59
25,50000,8000,5.42
23,46443,6000,7.9
26,50000,4200,12.99
24,50000,8000,10.99
25,46500,6000,8.88
22,40680,6000,11.36
24,47000,6000,8.9
23,50000,6400,8.49
25,47000,6000,11.71
24,47000,6000,10.99
24,47000,6000,7.66
22,47000,6000,5.42
25,47000,6000,12.87
26,47000,6000,10.33
23,41500,6000,16.7
26,50000,14400,7.49
24,41628,6000,11.28
24,47928,6000,12.53
23,44000,5400,10.99
26,44000,10000,5.42
23,50000,2800,10.59
23,42000,6000,12.99
26,50000,8000,10.59
25,48000,6000,12.99
22,48000,6000,7.49
25,48000,6000,10.37
24,50000,11000,16.89
26,50000,12375,10.99
23,50000,3600,5.99
21,48000,6000,13.48
22,44000,6400,15.99
25,44000,9800,7.49
24,42000,6000,14.96
26,48000,6000,8.59
26,50000,7500,5.99
23,50000,10000,10.99
22,50000,9000,8.49
23,48000,6000,11.89
23,42000,6000,14.42
23,50000,2050,7.49
23,42000,6000,12.41
24,48000,6000,12.22
23,48500,6000,9.32
23,44000,10000,8.49
23,49000,6000,7.9
24,50000,6000,13.99
23,49152,6000,7.9
21,49200,6000,13.72
22,50000,8000,10.59
24,49500,6000,16.07
21,50000,5375,7.49
22,50000,6000,10.65
23,50000,6000,11.49
23,50000,15000,9.99
24,50000,6000,7.49
24,50000,6000,14.79
22,50000,6000,13.49
25,50000,6000,14.79
24,50000,9600,6.99
23,50000,6000,13.49
25,50000,6000,12.99
22,50000,5000,12.62
24,50000,3500,10.99
24,50000,6000,5.79
26,50000,12000,8.49
23,50000,6000,5.79
21,50000,7000,10.59
25,50000,6000,14.17
21,50000,6000,10.75
22,50000,6000,10.25
24,50000,15000,9.99
23,50000,6000,11.48
22,44000,5000,5.42
26,50000,10800,10.99
23,50000,4800,5.99
22,50000,6000,11.89
23,50000,7000,5.99
22,50000,6000,10.46
22,50000,6400,7.29
26,44000,11500,9.63
22,50508,6000,5.42
24,50000,5000,10.0
23,50000,6000,6.92
22,50650,6000,11.86
24,50000,3000,7.66
24,50740,6000,9.63
24,45000,6000,17.19
25,50000,10000,6.92
26,51356,6000,5.79
26,51500,6000,10.75
25,51541,6000,12.18
26,45928,6000,7.9
23,52000,6000,14.22
25,50000,8000,10.0
25,52000,6000,12.87
25,52000,6000,14.96
26,52000,6000,15.68
24,52800,6000,9.91
22,50000,6400,6.92
25,53000,6000,7.9
22,50000,5000,7.29
24,53000,6000,11.49
23,50000,6000,7.66
22,53819,6000,7.42
22,50000,6800,6.92
22,50000,6000,11.11
22,54000,6000,12.98
24,54000,6000,7.14
26,48000,6000,16.45
25,54000,6000,8.59
23,54000,6000,12.53
22,50000,8800,11.11
22,50000,12000,7.29
25,50000,4000,13.43
26,48700,6000,14.59
22,54996,6000,10.75
26,50000,15000,10.37
25,55000,6000,10.65
22,55000,6000,14.27
23,50000,14400,10.0
22,55000,6000,8.9
24,55000,6000,6.03
22,55000,6000,6.62
24,50000,7000,5.42
23,55000,6000,10.99
22,55000,6000,6.99
21,49000,6000,15.99
26,55000,6000,5.42
22,55000,6000,9.25
22,50000,5150,8.88
24,50000,12000,5.42
21,49000,6000,14.84
26,55000,6000,7.14
21,55000,6000,10.99
22,55000,6000,7.51
22,50000,7000,9.25
26,49200,6000,16.49
23,56000,6000,7.49
25,50000,6600,12.61
24,50000,6000,6.17
25,56000,6000,10.74
25,50000,5000,5.79
22,50000,12800,5.79
23,50000,6000,11.48
24,57000,6000,7.9
25,57000,6000,8.0
22,58000,6000,6.92
25,58000,6000,12.18
21,50000,15000,6.54
23,50000,15250,15.95
24,58000,6000,12.87
22,52800,6000,11.97
22,50000,10000,10.36
22,50000,8000,11.12
25,59366,6000,11.11
24,59400,6000,7.9
24,50000,25000,15.58
23,59785,6000,8.94
22,50000,12800,7.88
25,50000,2500,13.61
22,60000,6000,11.49
22,50000,5600,11.86
22,60000,6000,11.99
23,54000,6000,15.62
24,54000,6000,10.99
25,60000,6000,14.54
23,54000,6000,14.09
26,50000,1800,11.49
26,50000,10000,7.51
24,50000,9000,7.14
25,50000,4800,13.61
24,60000,6000,7.51
23,50000,1500,11.49
23,50000,8000,13.61
23,54000,6000,16.45
24,60000,6000,11.48
22,50000,5000,7.51
26,50000,3250,7.51
23,44000,8500,7.14
23,50000,4000,11.86
25,50000,12000,13.98
21,62000,6000,10.25
22,24000,7125,9.67
22,50000,15000,10.25
23,25279,7125,17.58
22,26124,7125,5.79
24,70000,7125,6.92
22,50000,10000,9.88
26,15000,7100,9.99
23,25000,7100,7.9
25,50000,5000,11.36
25,33000,7100,14.65
23,50000,20000,10.62
23,44400,7100,6.99
25,95000,7100,6.99
25,96000,7075,5.99
22,50000,2500,7.51
22,30500,7025,6.54
22,10000,7000,12.21
25,50000,18000,7.88
22,50000,6000,14.22
22,15090,7000,8.94
22,18000,7000,10.65
25,50000,6000,6.76
23,18000,7000,7.88
21,18000,7000,11.14
22,50000,6250,7.88
21,19200,7000,14.35
25,19200,7000,16.82
23,21600,7000,6.62
21,21600,7000,13.98
26,22480,7000,8.0
22,22500,7000,10.38
24,22680,7000,10.62
23,50000,7000,13.48
26,22884,7000,7.51
23,44000,2000,19.13
23,50000,9000,11.14
26,50000,10000,7.74
25,23000,7000,12.49
22,50000,2500,12.18
22,24000,7000,12.42
26,24000,7000,12.99
24,24000,7000,15.62
22,50000,2000,12.18
23,50000,5000,8.94
22,50000,6000,8.94
26,50000,5000,7.4
24,44000,15000,15.31
25,24000,7000,16.45
22,24996,7000,11.86
21,25000,7000,12.69
22,50000,10500,14.26
22,63000,6000,11.49
26,63000,6000,13.23
23,63402,6000,13.22
25,57500,6000,11.28
24,58668,6000,15.05
23,65000,6000,15.23
23,65000,6000,11.99
26,65000,6000,16.49
25,59000,6000,15.23
23,44000,15000,12.18
22,50000,11000,8.94
25,65000,6000,13.06
24,59000,6000,16.0
23,65000,6000,9.63
25,65004,6000,12.87
21,65004,6000,7.68
22,50000,20000,11.48
22,65100,6000,16.2
22,66000,6000,9.99
25,44000,5550,14.11
26,66400,6000,7.29
24,67644,6000,6.99
24,50000,3000,13.47
26,62065,6000,11.12
26,44000,12000,18.84
22,68250,6000,19.13
24,50000,12500,9.32
25,68496,6000,8.0
22,69000,6000,7.49
22,44000,16000,14.74
23,69000,6000,7.88
26,63400,6000,15.21
22,69500,6000,10.65
22,50000,9800,16.32
22,69528,6000,12.99
26,69780,6000,9.32
24,69996,6000,13.06
26,70000,6000,8.49
21,44000,15000,16.0
23,70000,6000,7.49
22,50000,6400,8.0
26,50000,15000,16.0
25,70000,6000,9.25
26,70000,6000,6.17
24,50000,6000,9.63
24,50000,11400,12.53
23,70000,6000,11.49
22,70000,6000,11.89
22,50000,4000,10.95
23,50000,8600,11.26
26,50000,10000,13.47
23,50000,10200,9.63
24,50000,1000,14.42
23,65074,6000,14.42
24,50000,5000,7.68
25,50000,7500,13.8
24,44000,7500,16.33
26,66000,6000,13.49
23,50000,14000,10.33
21,72000,6000,5.42
24,72000,6000,7.66
25,44000,7500,10.08
21,44000,7500,12.92
25,72000,6000,11.86
22,50000,16000,9.45
23,73000,6000,12.53
26,50000,13000,11.97
23,73500,6000,14.96
22,50000,15000,8.63
23,57800,6000,10.99
21,44000,6000,12.61
25,50000,6400,8.32
26,50000,20000,13.3
23,74000,6000,5.79
25,74500,6000,9.99
26,74970,6000,7.88
23,75000,6000,12.42
23,75000,6000,6.03
23,75000,6000,6.99
23,50004,2700,5.99
23,69000,6000,16.02
25,50004,10000,7.29
23,75000,6000,13.98
23,75000,6000,11.48
24,50004,10000,11.12
22,50004,14000,15.58
23,78000,6000,9.99
25,78000,6000,9.63
23,50004,16000,11.83
22,50004,5000,14.26
26,50004,5000,9.32
22,44004,9000,14.11
25,80000,6000,8.0
24,80490,6000,10.59
22,50004,12000,7.37
22,44004,11000,15.68
23,80607,6000,12.21
22,50004,2500,12.53
26,50004,5000,9.32
25,82000,6000,9.91
26,82000,6000,7.88
23,50004,2000,11.91
26,50004,11000,13.87
23,84000,6000,6.99
21,50031,2000,5.99
25,84000,6000,8.94
23,50052,15000,9.63
24,84996,6000,6.03
23,50129,11400,7.29
25,85000,6000,10.0
23,50205,5300,5.42
25,73000,6000,14.96
21,86000,6000,10.0
25,50280,10000,9.63
22,50285,7000,13.11
25,50300,1000,18.39
22,86000,6000,5.42
22,50364,6000,6.03
23,50400,8375,7.51
26,50400,24000,9.91
22,50400,12000,7.9
25,50400,3000,14.65
24,89772,6000,13.92
25,90000,6000,13.49
26,78000,6000,12.68
25,44400,6000,12.99
23,50400,7000,15.99
23,50400,2500,10.99
23,50400,11200,7.42
25,90000,6000,7.88
23,90000,6000,10.25
24,79650,6000,16.35
23,92000,6000,12.42
26,81000,6000,7.51
25,50400,12000,9.62
22,50400,12000,14.09
26,95000,6000,10.99
24,95000,6000,10.99
25,50400,6000,14.59
26,50400,6725,10.62
25,96000,6000,6.99
24,96500,6000,7.66
26,98000,6000,10.99
25,100000,6000,5.42
21,50460,6000,13.49
24,50496,3000,11.99
22,100000,6000,11.99
22,100000,6000,12.98
25,100000,6000,14.42
26,92000,6000,15.58
22,105000,6000,9.99
22,50500,6000,11.83
22,93000,6000,8.94
22,105500,6000,11.99
23,95000,6000,16.49
23,50508,7500,10.83
25,50600,3000,7.51
26,50648,8000,6.76
24,50700,4500,8.9
24,120000,6000,10.99
26,120000,6000,9.88
26,125000,6000,12.53
26,140000,6000,11.36
25,150000,6000,13.48
22,50750,10000,9.63
26,38000,6025,10.99
23,42000,6025,9.63
25,50000,6075,10.0
25,50988,4200,9.99
22,51000,16000,7.9
25,19200,6150,11.46
24,35713,6150,11.03
24,45000,10625,14.27
24,77385,6150,5.99
23,51000,4000,6.03
23,51000,10000,6.03
23,19200,6200,19.82
26,51000,9000,9.99
26,20000,6200,5.99
23,51000,6000,5.42
24,26000,6200,14.11
22,51000,10000,8.49
22,29004,6200,15.23
26,39996,6200,13.79
22,40000,6200,12.69
23,42500,6200,13.92
22,45000,6200,13.79
23,51000,8000,7.49
26,51000,4000,5.99
22,46200,6200,12.42
26,51000,15825,6.99
25,51000,3000,13.99
23,51000,2400,7.49
23,56000,6200,8.49
23,60000,6200,10.65
25,51000,4200,7.29
26,51000,12000,7.29
23,45000,5000,10.74
25,51000,16750,16.4
24,65000,6200,8.9
26,69000,6200,7.88
22,51000,6000,5.79
26,51000,12000,6.17
22,72000,6200,5.99
25,51000,7600,12.23
23,45000,6225,11.54
21,63250,6225,10.99
22,51000,7000,11.12
23,51000,10000,7.14
24,51000,9000,7.14
22,19200,6250,7.51
25,19200,6250,15.31
24,51000,6000,10.75
23,19250,6250,16.82
22,51000,13000,13.48
21,21000,6250,13.85
21,23000,6250,13.48
22,23000,6250,12.73
25,51000,7000,7.88
23,51000,16000,13.11
25,24000,6250,13.72
23,24000,6250,12.53
24,26000,6250,6.91
21,51000,6000,7.88
22,27000,6250,15.99
22,55000,7000,6.91
24,51000,3600,7.14
24,55000,7000,7.88
22,51000,15200,10.99
24,51000,10000,15.31
26,51000,10000,7.74
22,56000,7000,11.36
21,45000,8000,15.31
24,56000,7000,8.59
24,51000,8500,8.94
26,56000,7000,9.07
25,50000,7000,15.57
25,56004,7000,14.22
23,57960,7000,13.04
23,52000,7000,13.85
24,51000,8000,10.96
26,60000,7000,13.49
24,51024,2000,12.99
23,51036,15000,13.16
22,60000,7000,14.65
23,60000,7000,6.03
24,51072,13000,10.95
25,54000,7000,20.89
22,51168,15500,10.99
24,54000,7000,15.99
25,60000,7000,15.62
25,60000,7000,6.92
23,60000,7000,5.79
26,60000,7000,6.91
25,51300,11000,5.99
25,60000,7000,9.25
24,60000,7000,6.54
22,51300,11200,15.31
25,60000,7000,10.36
23,51319,20000,10.37
22,60000,7000,6.91
22,60000,7000,9.99
22,54000,7000,14.96
24,60000,7000,7.88
22,54000,7000,14.96
24,60000,7000,9.32
24,60140,7000,8.59
24,51480,12000,7.88
22,51480,3000,11.83
23,45480,4400,13.16
25,51492,13800,10.38
22,60500,7000,12.84
26,51500,15000,6.92
24,51500,6300,5.79
23,62000,7000,9.91
26,51500,9600,15.21
24,51500,4000,7.51
22,51500,7500,9.88
25,62000,7000,7.49
23,51600,7200,10.65
26,63000,7000,14.84
22,64000,7000,5.79
22,51600,4200,10.59
23,51600,5000,10.59
23,64600,7000,11.86
25,64800,7000,12.73
22,65000,7000,14.27
22,51600,7000,12.98
22,65000,7000,15.99
22,65000,7000,12.99
26,51600,15000,9.88
24,51600,20000,12.87
23,65000,7000,10.75
25,51669,12000,10.37
25,51684,4000,15.99
26,51700,13200,7.51
22,51800,7200,11.71
21,51800,5000,9.99
24,65000,7000,11.83
23,51852,10000,8.59
23,65000,7000,10.71
22,51900,14100,11.49
23,66000,7000,7.66
24,51992,15000,13.98
22,66000,7000,9.99
24,51996,7000,7.49
24,66000,7000,11.49
24,60000,7000,7.51
21,51996,18000,8.49
26,51996,18000,8.49
23,51996,5000,6.92
24,51996,12000,10.74
25,67000,7000,8.94
25,45996,11000,12.68
26,67550,7000,8.9
23,67752,7000,6.62
22,51996,8400,12.98
23,68700,7000,12.53
25,69500,7000,10.78
25,70000,7000,13.79
22,51996,6000,7.88
25,70356,7000,7.29
22,51996,6000,10.75
22,51996,9600,7.14
23,72000,7000,7.9
23,72000,7000,13.11
26,72000,7000,9.32
23,66348,7000,17.04
21,45996,17000,13.16
25,72700,7000,14.84
26,51996,1500,9.7
23,75000,7000,6.0
26,75000,7000,8.9
25,75000,7000,7.49
24,75000,7000,10.74
23,46000,9500,12.69
22,75000,7000,10.99
22,52000,12000,6.62
23,75800,7000,6.54
22,76000,7000,11.12
22,52000,6000,7.9
24,78300,7000,6.03
24,52000,18000,11.71
24,79000,7000,12.54
22,80000,7000,6.62
23,74000,7000,6.03
22,80000,7000,7.51
23,80000,7000,7.14
26,80400,7000,10.65
23,52000,12800,10.65
24,82000,7000,10.0
25,52000,14500,10.65
23,76000,7000,14.96
23,52000,22000,7.51
26,83000,7000,13.49
23,52000,8400,8.9
21,52000,13200,12.42
26,52000,6000,8.9
26,52000,10000,8.9
23,83236,7000,6.92
21,52000,5000,7.9
25,66300,7000,9.25
21,52000,2000,15.62
21,52000,13250,5.99
26,52000,3300,10.99
26,85000,7000,12.42
24,27311,6250,12.87
25,52000,6000,8.49
22,28500,6250,14.84
24,29000,6250,10.99
22,29100,6250,16.07
25,29120,6250,15.96
26,46000,7000,9.99
25,46000,6000,10.99
23,38400,6250,8.9
26,52000,8000,8.49
23,54000,6250,6.99
21,30000,6300,11.71
24,90000,7000,13.99
22,90000,7000,8.88
24,46000,29100,12.99
22,52000,20000,13.99
22,52000,2650,12.99
25,90000,7000,13.16
25,95000,7000,6.99
22,70550,7000,15.88
24,96000,7000,9.91
26,97000,7000,7.91
26,99100,7000,7.49
26,100840,7000,9.99
24,52000,9000,5.79
22,105000,7000,7.74
24,110000,7000,7.51
24,52000,3000,7.66
24,52000,15000,10.0
23,111000,7000,8.0
24,52000,14500,7.29
22,115200,7000,7.66
25,52000,8500,10.74
22,52000,9750,13.06
26,52000,5000,15.65
24,118000,7000,8.49
26,52000,6500,10.74
23,120000,7000,10.75
25,52000,6000,7.66
25,52000,24500,6.17
26,150000,7000,9.63
22,28000,6975,12.29
26,52000,10750,9.62
24,25000,6950,14.42
23,30000,6300,14.35
24,52000,7000,14.09
22,30000,6300,13.22
26,37000,6300,10.99
21,42504,6300,6.99
24,46000,12000,14.83
22,50724,6300,15.96
24,52000,1200,13.98
24,46000,12000,7.88
25,52000,12000,7.88
22,52000,3000,14.35
25,54503,6300,7.51
24,58650,6300,14.91
25,84000,6300,7.88
25,25000,6325,8.9
26,55000,6325,10.65
22,60200,6325,7.51
23,74415,6350,12.92
26,32000,6375,10.74
23,52000,6000,10.75
22,20000,6500,10.99
24,52000,12000,13.85
21,21000,6500,11.89
22,52000,18000,9.88
24,52000,5000,14.22
26,52000,10000,9.88
26,52000,6500,6.76
24,52000,4000,10.62
26,52000,2500,14.59
24,24000,6500,11.36
22,52000,3900,7.51
24,52000,7800,11.36
24,52000,5000,10.99
21,24000,6500,12.53
26,25000,6500,14.09
24,52000,3500,6.76
22,52000,10000,7.88
26,25596,6500,9.99
24,52000,8400,10.99
25,46000,19750,16.7
22,46000,8000,12.53
23,52000,10000,11.14
24,52000,5000,7.4
26,28000,6500,7.51
24,30000,6500,10.99
22,30000,6500,13.85
22,52000,3000,7.05
22,31000,6500,8.32
26,32000,6500,14.22
23,32000,6500,7.88
22,32200,6500,11.83
22,33000,6500,6.17
23,33000,6500,7.51
24,46000,15250,12.53
22,52000,4800,8.59
21,52000,16000,12.87
26,46000,5000,19.16
24,38000,6500,11.34
26,52000,3600,11.89
25,52000,6000,9.32
26,52000,3000,9.63
21,52000,7000,13.47
23,52000,9250,13.16
22,34000,6500,13.22
26,52000,3600,10.51
25,40000,6500,11.89
21,40116,6500,5.79
24,52000,5000,8.32
22,52000,6400,11.34
22,35325,6500,15.95
20,42000,6500,11.71
25,42000,6500,13.49
23,36000,6500,17.49
22,42000,6500,5.99
23,42000,6500,10.37
25,52160,1750,11.89
23,52176,7500,10.59
21,43000,6500,12.73
23,52250,4750,13.35
23,44724,6500,10.96
21,45000,6500,10.74
26,45600,6500,10.99
22,46320,15000,12.86
22,46500,9500,12.69
22,52500,4000,10.65
22,45012,6500,13.99
22,52500,8000,15.23
23,46500,5000,7.49
22,53000,6500,10.65
21,55404,6500,13.98
22,59000,6500,10.95
26,52500,15250,9.63
25,52500,7000,5.79
22,60000,6500,9.25
25,52500,9000,7.88
22,63211,6500,11.86
25,66000,6500,10.25
22,52584,6400,14.54
25,46645,2000,12.69
23,70000,6500,13.23
25,72600,6500,7.74
26,52700,4000,7.4
22,52700,5000,9.63
25,52704,11000,8.94
24,52739,8000,9.38
23,52780,8000,7.51
25,75000,6500,13.57
23,52800,2625,11.71
23,80000,6500,7.51
25,84000,6500,11.89
24,52800,3600,7.9
25,85296,6500,12.98
25,46800,6000,5.42
22,52800,4000,10.99
22,52800,4800,17.49
24,91700,6500,9.88
23,92000,6500,8.0
24,95000,6500,8.49
26,52800,1925,6.76
22,52800,7000,6.76
24,52800,4000,7.88
22,52800,6000,13.98
22,47000,6550,10.65
23,45000,6575,8.0
24,86000,6575,6.99
24,21600,6600,12.68
26,46800,5000,12.87
23,21888,6600,11.11
24,30000,6600,13.06
22,30004,6600,10.33
23,34800,6600,7.49
26,35000,6600,8.59
25,36000,6600,11.49
25,53000,7200,9.91
25,53000,6000,6.62
26,41000,6600,13.85
26,41000,6600,8.0
25,42000,6600,10.65
22,41838,6600,16.89
23,48000,6600,11.11
26,53000,2500,9.91
23,52000,6600,7.49
24,53000,8000,6.03
25,47000,12000,6.62
22,53000,1000,15.27
21,53000,3000,7.51
26,53000,11500,14.65
26,54000,6600,11.97
22,60000,6600,10.59
25,53000,10800,7.51
22,60000,6600,10.99
26,53000,2800,6.03
22,64000,6600,8.9
26,53000,12000,5.99
22,53000,5025,7.49
23,70000,6600,12.84
26,53000,6000,9.99
25,101877,6600,10.99
25,53000,12375,13.49
22,53000,7350,14.79
25,13200,6625,8.63
23,16800,6625,6.03
21,28000,6625,13.06
22,47000,24000,10.37
26,28000,6625,12.92
24,53000,6850,6.92
22,53000,5000,5.42
24,50000,6625,11.22
24,53000,10000,14.91
24,57100,6625,11.22
25,34000,6650,8.9
24,56000,6650,12.69
21,53000,18000,13.8
22,12000,6700,7.66
23,24996,6700,13.8
22,53000,6600,14.46
22,27600,6700,15.31
22,36050,6700,14.11
22,53000,8000,16.82
22,48000,6700,11.99
22,72204,6700,13.47
26,53000,8000,7.88
23,85000,6700,15.23
23,47000,16000,14.35
22,53000,7750,7.14
21,53000,14400,11.36
22,53000,8000,16.07
23,70000,6725,6.62
26,41000,6750,5.99
25,42000,6750,17.27
25,75000,6775,7.9
26,53000,16000,10.25
24,53000,9800,7.51
23,27600,6800,8.9
22,53000,2250,10.62
22,27800,6800,8.49
24,53000,3350,6.76
25,28800,6800,9.63
22,29120,6800,10.59
22,53000,10000,17.39
24,30500,6800,21.74
22,37000,6800,7.14
22,53000,2500,7.4
25,53000,10750,11.14
25,53000,16000,12.53
22,31500,6800,14.11
24,38112,6800,7.68
24,53000,7200,14.42
22,41196,6800,11.59
21,45000,6800,5.79
24,53000,6400,13.67
23,46000,6800,15.65
23,46852,6800,10.65
22,53000,4000,10.39
26,53000,6800,9.91
21,53000,12000,13.24
24,53004,21000,10.65
25,53004,4800,5.42
26,53004,5000,10.0
24,54000,6800,10.59
23,53004,10000,5.79
24,53004,2400,10.36
25,53004,2000,10.75
23,48000,6800,6.54
22,53004,1500,13.79
23,55000,6800,11.49
22,55000,6800,11.99
24,60000,6800,7.51
22,65700,6800,10.37
26,53100,13000,7.9
25,68004,6800,8.49
22,53124,6500,13.61
23,47148,25000,7.49
26,53155,4000,6.76
24,53184,13500,10.99
25,70000,6800,5.42
22,77182,6800,13.22
25,96050,6500,14.61
23,25000,6475,9.91
25,53000,6475,10.59
23,80000,6475,6.99
26,47360,6000,14.61
26,53400,13600,10.99
25,31000,6450,14.42
25,53481,15000,6.03
24,70000,6425,13.72
21,20000,6400,10.99
21,24000,6400,10.95
23,25000,6400,12.84
24,26400,6400,10.37
24,28000,6400,14.75
25,29120,6400,16.29
23,30000,6400,6.99
26,53595,6000,7.88
23,53664,15000,10.75
21,53684,16000,15.65
22,30000,6400,16.0
23,53724,8600,6.03
25,53742,10750,5.79
25,30500,6400,11.49
26,31200,6400,7.51
24,53800,6000,10.99
23,47800,18000,10.95
22,53808,6000,8.9
22,31224,6400,9.32
22,53832,11700,12.87
21,53851,12000,10.0
22,53913,11500,5.99
22,53947,6400,9.62
23,53976,2000,10.74
26,31836,6400,14.35
22,54000,5000,6.03
23,32000,6400,8.9
24,33000,6400,9.99
26,34200,6400,17.49
26,54000,5000,6.62
21,35000,6400,12.69
22,29000,6400,15.95
22,54000,15750,6.62
26,54000,9600,6.62
23,54000,4800,12.42
26,36000,6400,5.99
23,54000,6000,6.03
26,37850,6400,9.88
23,54000,7000,6.62
22,54000,7000,10.65
23,54000,8500,12.42
25,38000,6400,7.88
24,39500,6400,10.36
22,38000,6400,20.62
25,54000,7000,18.64
26,46000,6400,9.67
22,54000,15000,11.99
26,48000,15000,5.99
24,54000,5000,5.42
22,48000,6500,15.99
25,54000,5500,10.59
26,48000,6400,13.47
23,54000,1400,5.42
25,50000,6400,9.91
25,48000,2250,8.49
23,50000,6400,20.2
24,54000,13000,7.49
21,48000,18000,15.62
23,50000,6400,6.91
24,54000,8500,10.99
25,55000,6400,10.71
22,54000,5000,15.62
22,54000,2000,10.99
25,54000,12000,16.49
24,54000,8000,7.49
24,54000,8000,10.99
23,54000,8800,10.99
22,62502,6400,11.71
22,62758,6400,8.49
24,54000,4000,5.42
23,54000,2000,5.42
24,54000,11000,5.42
24,65000,6400,10.65
24,65000,6400,9.99
23,54000,3000,5.42
21,70000,6400,17.49
22,54000,3000,10.0
25,54000,13000,6.92
22,71500,6400,13.11
22,72000,6400,6.91
26,54000,5000,5.79
25,75000,6400,15.99
26,69000,6400,16.4
26,54000,7200,5.42
25,54000,4000,11.11
24,75000,6400,10.36
24,76800,6400,7.51
25,54000,8000,6.92
25,54000,8400,11.11
24,80000,6400,7.49
21,54000,20000,10.74
25,54000,5100,9.62
24,93500,6400,13.23
22,110000,6400,9.32
25,54000,6000,6.17
25,110500,6400,13.67
24,112000,6400,6.62
22,54000,13200,9.99
22,54000,12000,12.23
23,48000,1400,14.83
24,77500,6800,10.99
24,54000,4000,9.99
26,54000,10000,8.88
24,74000,6800,20.3
26,48000,5000,7.14
26,87360,6800,12.99
23,54000,2700,11.86
22,54000,4000,13.98
23,124000,6800,6.03
24,24000,6825,5.42
26,37000,6825,7.49
23,73000,6825,10.99
22,47000,6850,10.65
23,54000,10000,11.49
22,60000,6850,7.14
25,80266,6875,11.86
24,54000,15600,13.61
22,28000,6900,9.99
24,33000,6900,17.56
24,47480,6900,9.88
25,58000,6900,7.66
23,54000,6000,7.51
23,48000,16800,14.59
26,54000,10000,7.51
23,54000,10000,9.88
21,25000,6925,11.71
26,54000,14000,7.88
26,34000,6925,15.99
22,78000,6925,9.62
21,48000,3500,10.25
26,54000,10800,7.88
22,25000,7000,13.85
24,54000,1200,13.11
21,54000,13000,7.51
22,25000,7000,12.87
25,26004,7000,6.92
24,54000,10000,10.99
22,54000,9000,7.51
25,54000,8000,11.83
24,54000,8525,8.59
24,54000,8700,7.05
23,26400,7000,7.4
23,27000,7000,13.79
24,54000,9000,11.14
21,27600,7000,5.99
24,54000,3000,7.05
22,54000,7000,8.94
24,27600,7000,15.62
22,48000,12000,16.0
26,54000,9000,8.94
25,27600,7000,9.76
23,28000,7000,10.62
23,28038,7000,7.88
23,54000,2800,14.42
25,28500,7000,10.0
26,28608,7000,6.92
23,54000,13500,9.63
23,28685,7000,12.73
26,28800,7000,5.42
23,28800,7000,7.49
23,30000,7000,12.69
22,30000,7000,8.9
21,30000,7000,10.99
21,54036,8000,11.36
22,30000,7000,16.49
26,54080,5000,7.51
24,54080,8000,8.63
22,30000,7000,9.62
25,30000,7000,10.62
26,54200,7000,7.49
25,30000,7000,7.74
22,30000,7000,17.58
22,54252,3500,6.39
26,30000,7000,10.71
24,30996,7000,16.63
25,31000,7000,7.51
25,31200,7000,7.88
22,31221,7000,11.83
21,32000,7000,11.49
24,54400,3300,7.66
24,48442,9800,15.7
25,54499,12000,9.63
22,54500,7500,10.59
23,32000,7000,14.26
22,32340,7000,6.62
24,32400,7000,13.98
22,32769,7000,7.29
26,54528,10000,8.94
22,54566,4000,12.53
26,54578,24250,12.18
23,33000,7000,6.62
23,33000,7000,7.9
23,33000,7000,13.61
22,48600,12000,12.42
24,33198,7000,14.27
24,33600,7000,13.61
26,33996,7000,8.0
24,33996,7000,13.16
23,34482,7000,10.99
23,34800,7000,11.99
20,34800,7000,13.61
24,35000,7000,12.69
26,54828,5000,16.82
23,35000,7000,6.03
24,54870,1000,8.59
25,54900,3000,10.99
25,48902,6000,15.23
24,35000,7000,5.99
26,35000,7000,10.99
23,54960,5500,6.03
23,35000,7000,10.99
22,54996,25000,12.42
25,35000,7000,8.94
23,54996,2100,11.49
21,35000,7000,11.34
21,29000,7000,12.61
23,54996,1925,10.59
22,35350,7000,9.99
24,54996,5500,5.99
22,29654,7000,14.22
24,36000,7000,6.03
23,36000,7000,7.9
23,36000,7000,10.65
23,36000,7000,9.99
22,54996,12000,9.63
24,54996,10000,10.37
26,36000,7000,8.94
26,36120,7000,14.22
24,37000,7000,9.99
24,37000,7000,7.51
22,54996,5000,10.75
22,37000,7000,10.95
25,37200,7000,12.42
25,37200,7000,7.14
21,48996,15000,15.58
21,37200,7000,10.99
23,54996,8000,14.35
25,48996,5000,9.88
23,37500,7000,12.69
25,54996,10000,8.94
26,38000,7000,7.51
25,38400,7000,9.99
23,38500,7000,11.14
21,39600,7000,14.96
22,39996,7000,9.63
22,48996,10000,14.11
24,54996,12000,11.26
24,54996,19000,10.83
24,39996,7000,13.11
22,40000,7000,10.65
22,40000,7000,7.9
22,40000,7000,11.99
22,40000,7000,11.11
21,40000,7000,14.46
24,40000,7000,7.88
22,40000,7000,11.14
22,55000,20000,11.71
25,40000,7000,8.94
24,34000,7000,17.04
23,55000,7200,11.71
23,55000,7500,7.51
23,40000,7000,11.58
24,40000,7000,11.34
24,40040,7000,13.23
23,34320,7000,18.3
24,55000,15000,9.91
25,55000,15000,15.27
24,40800,7000,11.86
21,41000,7000,5.79
22,55000,11100,16.77
24,55000,3100,11.71
22,55000,1400,13.49
22,35000,7000,18.09
23,55000,5200,8.9
26,55000,11500,8.9
24,41000,7000,12.53
25,55000,8000,6.03
22,55000,3250,13.49
24,55000,5225,9.91
22,42000,7000,14.27
26,55000,3775,11.71
25,55000,6400,6.03
22,42000,7000,12.68
23,55000,7500,7.51
25,42000,7000,5.79
23,55000,6500,7.9
23,55000,6625,16.77
22,42000,7000,13.61
26,36000,7000,14.96
23,42000,7000,7.88
25,55000,5000,9.91
22,42000,7000,8.63
24,55000,15000,6.62
22,36614,7000,9.99
23,55000,12375,9.91
26,43000,7000,9.99
25,49000,18200,11.99
25,55000,6500,10.99
25,55000,6300,11.49
23,55000,4400,10.59
26,43000,7000,7.29
21,55000,12000,5.42
22,37200,7000,7.9
22,55000,4800,11.99
23,55000,15000,13.49
23,49000,11400,17.99
25,55000,5000,15.99
22,55000,10000,10.99
25,55000,6500,7.49
22,55000,9500,7.49
23,44500,7000,8.0
26,45000,7000,8.9
22,39000,7000,8.9
24,55000,1800,7.49
25,55000,24200,8.49
23,39000,7000,16.77
26,45000,7000,7.51
22,55000,3000,5.99
26,55000,10000,7.49
21,49000,2000,11.99
26,55000,2800,13.49
24,55000,4200,15.23
21,45000,7000,7.51
23,55000,4000,5.42
25,45000,7000,10.99
23,55000,11075,13.49
24,45000,7000,5.42
24,55000,9000,16.49
24,39000,7000,14.42
26,45600,7000,9.99
25,46000,7000,8.49
25,46000,7000,10.25
23,46000,7000,7.4
22,55000,13500,9.67
25,46000,7000,9.07
25,46800,7000,8.63
23,55000,3850,5.42
24,47000,7000,6.62
24,55000,8000,8.49
23,55000,1500,11.49
24,47000,7000,6.54
25,55000,6000,15.23
23,55000,8000,7.49
21,47000,7000,14.96
23,55000,8000,7.49
23,55000,10000,13.99
22,41500,7000,15.7
26,48000,7000,12.69
26,48000,7000,5.79
23,48000,7000,8.94
26,48000,7000,9.63
23,55000,5000,11.11
25,48226,7000,7.9
21,50000,7000,15.27
24,50000,7000,11.71
26,55000,11300,7.29
22,55000,5000,7.66
26,55000,5000,6.92
21,50000,7000,10.37
22,50000,7000,7.66
26,55000,10000,10.0
22,55000,12000,9.63
24,55000,10000,5.79
22,55000,25000,10.74
23,50000,7000,7.51
22,55000,12000,9.99
26,50000,7000,9.63
23,50000,7000,9.32
23,55000,15000,6.17
22,49000,10000,5.79
21,44004,7000,11.46
23,55000,7750,6.17
23,51000,7000,6.99
21,45000,7000,14.96
22,51000,7000,12.18
23,52000,7000,10.65
24,55000,6000,5.42
25,52000,7000,10.59
22,55000,4800,12.98
22,55000,12000,6.54
21,52000,7000,7.49
26,52000,7000,7.88
26,55000,10500,5.79
24,52000,7000,7.74
22,55000,2200,5.42
25,52000,7000,12.53
22,52800,7000,17.58
25,55000,17000,6.91
26,49000,13000,16.45
23,55000,1000,11.49
22,54000,7000,13.61
25,55000,15000,7.88
22,54000,7000,13.47
24,55000,3000,11.12
23,54008,7000,9.91
24,49000,7000,7.49
23,55000,10000,10.75
23,55000,11000,10.38
21,55000,10000,14.72
23,85000,7000,10.74
23,49000,5000,15.21
25,89000,7000,10.99
26,55000,9800,7.88
24,55000,7500,14.84
23,90000,7000,10.65
26,90000,7000,13.49
26,50000,7150,12.69
26,55000,13000,13.98
26,61200,7150,6.99
23,55000,7000,13.23
26,55000,3000,6.76
23,85000,7175,7.49
22,14400,7200,11.71
24,55000,5000,7.88
22,20800,7200,6.91
21,55000,10500,7.51
26,21600,7200,10.38
25,22000,7200,5.79
24,23000,7200,12.69
23,55000,8000,13.85
23,25000,7200,12.68
21,55000,10000,10.25
22,55000,10000,10.62
23,25200,7200,11.86
26,55000,14500,12.73
23,27600,7200,9.99
22,27600,7200,10.59
22,49000,8000,10.25
24,55000,6000,7.51
23,55000,8000,9.88
22,30000,7200,11.71
22,30000,7200,8.9
22,55000,13000,13.85
21,31700,7200,11.71
24,31944,7200,13.79
21,32000,7200,5.42
25,32004,7200,12.84
25,32496,7200,9.51
22,55000,5000,14.61
22,55000,1000,8.59
22,34000,7200,7.9
23,49000,15000,19.82
26,34099,7200,12.73
25,35000,7200,8.9
23,55000,7000,8.59
24,55000,5500,8.59
25,55000,10200,8.94
25,55000,10000,13.57
22,55000,2000,7.4
21,35000,7200,12.69
25,35004,7200,9.99
23,31000,7200,14.54
25,37000,7200,11.34
24,37200,7200,7.9
24,37245,7200,8.9
23,38000,7200,7.9
24,49000,5000,12.18
26,38400,7200,9.91
23,38896,7200,13.48
22,40000,7200,17.58
22,40000,7200,18.79
26,55000,7000,12.53
26,55000,12500,8.94
25,40000,7200,9.88
25,55000,2000,13.22
24,41000,7200,12.53
22,55000,4000,9.32
21,42000,7200,5.42
23,55000,18500,13.16
23,42996,7200,8.0
24,55000,8000,8.0
24,43200,7200,13.49
24,55000,6000,8.0
26,55000,8500,12.21
24,45000,7200,10.65
21,45000,7200,9.38
22,39000,7200,9.45
22,48000,7200,12.42
23,48000,7200,14.27
23,48000,7200,11.71
25,55000,14000,15.68
22,48000,7200,12.69
22,48000,7200,9.62
22,49000,10000,8.0
25,48000,7200,11.36
24,55000,1600,13.79
24,49920,7200,13.06
23,55000,4000,9.32
24,50000,7200,11.71
22,49000,5000,11.28
25,50000,7200,8.49
25,50000,7200,7.29
24,50004,7200,12.84
25,55000,3600,11.34
24,49000,20000,11.34
23,55000,15000,9.2
25,52000,7200,12.69
24,55000,5275,8.07
24,54600,7200,12.53
23,55004,9600,14.74
25,54990,7200,15.27
23,55008,10500,13.16
22,54996,7200,7.66
25,55000,7200,7.9
25,49700,7200,10.38
23,50000,7200,17.58
23,51000,7200,14.67
22,59000,7200,8.0
24,55152,16000,11.49
24,60000,7200,8.49
25,55200,4225,12.42
26,60000,7200,11.14
25,60000,7200,13.48
22,60000,7200,12.87
22,49200,6500,12.68
23,60000,7200,13.22
21,55200,8900,6.17
23,60036,7200,9.91
21,60675,7200,14.72
21,61490,7200,10.99
23,55200,2000,11.86
23,55200,4000,10.08
25,63000,7200,7.88
23,64000,7200,15.96
26,55316,6000,5.42
25,67500,7200,7.88
24,55400,11000,7.29
23,62000,7200,7.9
23,68400,7200,14.72
26,49493,15250,13.11
25,71604,7200,10.95
22,75000,7200,13.61
22,55500,3000,7.37
24,55530,8000,5.99
21,55530,3200,6.62
23,49530,16000,14.54
26,76668,7200,9.63
23,80000,7200,8.9
23,80500,7200,9.25
21,84000,7200,8.49
24,55600,11700,13.57
24,55605,6500,10.99
23,49635,12000,7.29
24,55680,7875,10.65
25,73000,7200,14.96
25,88500,7200,13.47
25,55800,3500,14.17
25,55800,4000,10.75
24,55800,3200,7.68
23,55812,21825,11.36
26,90000,7200,9.91
26,55900,18200,14.26
25,49963,2100,11.49
23,49980,4800,10.37
23,93000,7200,6.92
23,105000,7200,11.71
22,56000,10075,16.29
25,56000,10250,14.65
26,111000,7200,12.18
26,56000,10000,12.42
23,56000,7200,6.03
24,56000,12250,6.03
25,135000,7200,9.91
25,62467,7250,10.65
26,56000,6000,15.23
24,80000,7250,5.42
24,56000,2000,6.99
25,26729,7300,11.14
23,56000,13600,15.23
24,56000,2000,10.99
24,56000,19125,13.99
25,50000,12800,7.49
22,56000,9000,10.59
26,37086,7300,7.88
24,56000,15000,8.49
26,41400,7300,9.45
24,56000,10000,7.49
22,45999,7300,7.88
23,50000,7500,15.62
25,56000,12375,11.49
21,50000,7300,11.71
24,56000,5250,12.87
24,56000,17400,5.99
25,53600,7300,8.0
23,96000,7300,8.49
23,56000,6000,5.99
22,56000,20000,10.99
23,42000,7325,12.69
24,12480,7350,6.92
25,32500,7350,13.43
24,33000,7350,11.71
25,42000,7400,16.32
21,56000,5600,10.37
25,57996,7400,10.36
25,62000,7400,6.99
26,56000,6000,5.42
24,72000,7400,15.65
26,56000,15000,14.35
22,34359,7475,9.63
21,12720,7500,7.05
23,56000,3000,6.76
24,56000,2000,11.49
22,56000,4750,7.14
24,20796,7500,7.88
23,56000,5500,7.51
22,56000,12000,10.99
23,21000,7500,6.91
23,56000,15000,10.62
23,21360,7500,7.14
25,21500,7500,11.34
22,22596,7500,9.76
24,23196,7500,13.24
25,24996,7500,12.98
26,56000,8000,11.14
22,25000,7500,7.51
24,56000,13000,8.94
22,25200,7500,14.96
26,26000,7500,12.18
23,56000,10000,8.59
23,56000,13750,18.43
23,26400,7500,12.73
21,27600,7500,6.76
25,28128,7500,15.33
21,30000,7500,9.99
24,30000,7500,5.79
23,56000,4500,11.83
26,56000,12000,11.89
21,30000,7500,11.83
26,30000,7500,14.75
23,30000,7500,13.24
23,56000,7500,13.79
21,30028,7500,10.75
22,31200,7500,9.91
22,31875,7500,13.11
26,32000,7500,13.79
26,34000,7500,7.9
23,56004,10000,13.61
22,56004,6000,11.86
22,56004,6000,7.88
22,56004,12000,13.98
22,56004,2000,7.51
22,34404,7500,15.05
26,56004,20000,13.57
26,56004,13000,8.59
26,56004,10000,9.32
23,34780,7500,12.61
25,35000,7500,10.99
24,50160,6000,15.62
23,56160,3050,10.59
25,36000,7500,13.49
26,36000,7500,10.59
26,30320,7500,12.18
22,56368,6000,12.99
22,36750,7500,14.84
25,50400,12000,16.89
22,56400,17300,15.62
21,56400,5000,6.54
25,37676,7500,8.32
22,38000,7500,5.79
23,38000,7500,7.88
26,38400,7500,17.58
22,32400,7500,14.27
22,39996,7500,11.86
23,40000,7500,12.69
23,56600,12000,10.38
24,40000,7500,5.79
22,56650,6500,10.65
25,56655,20000,13.61
23,56700,12000,5.42
26,56700,6000,9.63
24,40000,7500,11.36
22,34000,7500,12.53
25,56900,25000,7.51
22,56902,12000,7.14
23,56996,9575,9.63
22,40906,7500,9.63
26,42000,7500,10.25
21,57000,8000,10.65
22,57000,12875,7.9
24,57000,2400,12.69
23,42000,7500,10.33
23,36000,7500,12.61
22,57000,11425,9.91
22,42500,7500,7.9
21,37260,7500,14.84
25,57000,13000,8.9
22,44000,7500,8.32
25,51000,5500,16.77
22,57000,5950,13.49
25,39000,7500,15.62
26,57000,9000,12.99
26,57000,14000,5.42
24,57000,19725,9.99
23,45000,7500,15.37
24,57000,6000,5.99
26,57000,12000,13.49
22,57000,3200,5.99
26,45450,7500,11.14
23,57000,20000,11.99
26,46800,7500,9.99
21,47500,7500,10.99
23,57000,9250,5.99
25,57000,12000,10.59
23,48000,7500,5.79
22,42000,7500,17.04
25,48000,7500,12.53
23,57000,4200,12.68
24,57000,8000,5.42
24,57000,14000,14.91
23,57000,18000,11.11
22,49000,7500,6.62
25,57000,11200,14.46
22,43000,7500,14.96
21,44000,7500,7.9
25,50000,7500,10.99
23,57000,17500,14.09
26,44000,7500,16.4
22,50000,7500,8.94
25,44000,7500,13.92
23,44000,7500,16.0
22,51000,12000,11.86
24,50000,7500,10.01
22,57000,7000,7.14
25,57000,12000,13.23
22,50000,7500,8.32
26,51000,7000,15.21
22,57000,7500,11.86
22,44400,7500,8.49
22,57000,7500,10.25
22,50663,7500,13.22
26,51000,13000,15.33
22,51000,7500,5.99
22,57000,11400,12.53
23,52000,7500,10.38
25,53000,7500,10.39
24,55000,7500,6.03
22,55000,7500,6.03
26,57000,2500,11.58
24,57000,9000,8.0
21,55000,7500,7.88
24,57000,5500,8.0
23,57000,4200,10.51
24,55000,7500,12.53
25,57000,900,8.63
22,57000,25000,9.01
25,57000,7250,10.59
26,57006,6000,6.17
23,57000,7500,11.97
23,57600,7500,13.85
26,57068,1600,15.23
23,57188,17450,6.62
21,57192,8000,7.49
23,59000,7500,6.54
25,53000,7500,12.92
21,57200,8000,6.03
22,57200,7500,7.51
25,57200,2400,7.49
22,57200,7000,7.51
25,60000,7500,14.27
22,57204,9000,15.58
22,60000,7500,9.99
23,60000,7500,7.66
25,57400,8475,6.99
22,57400,10500,7.75
24,57431,4000,6.76
22,60000,7500,6.17
23,57468,14075,9.91
23,60000,7500,9.07
21,57500,4000,7.9
22,60000,7500,11.34
21,61000,7500,10.39
26,64000,7500,9.83
26,57500,7750,6.76
25,51500,13000,16.07
26,66000,7500,6.62
25,67000,7500,12.18
23,57504,9000,6.54
23,57504,10000,8.59
22,57564,21000,11.48
22,67500,7500,9.76
24,68000,7500,11.99
23,68000,7500,11.49
24,57600,10500,6.62
26,57600,1800,12.42
22,57600,6500,7.49
23,51600,4800,10.99
23,62844,7500,11.97
22,57600,6000,10.74
24,69996,7500,7.49
23,64000,7500,13.55
22,57600,6000,10.0
23,57600,4000,5.42
23,57600,5000,5.79
21,72000,7500,13.22
22,72000,7500,11.41
23,75000,7500,13.48
23,75000,7500,11.83
25,57600,7000,7.88
23,57600,10000,13.11
25,58650,7500,15.37
24,79992,7500,10.71
23,57664,10000,6.62
25,74004,7500,12.61
23,57700,3500,10.65
21,57700,13500,9.91
22,76500,7500,13.24
23,57738,7000,7.14
23,57744,2500,10.37
23,87000,7500,10.33
23,90000,7500,15.58
22,66300,7500,14.96
23,90000,7500,11.03
23,57850,4000,10.99
22,57860,20000,11.41
22,57900,4850,8.49
24,79500,7500,16.89
22,57996,21250,6.91
24,100300,7500,11.49
23,57996,8800,7.51
23,115275,7500,11.28
26,116600,7500,11.59
22,57996,2500,12.53
26,108000,7500,16.77
24,57996,2400,11.89
25,125000,7500,12.69
26,51996,6500,15.68
26,230000,7500,8.0
26,58000,31300,11.71
26,50000,7525,11.49
24,20400,7550,14.79
25,58000,7200,11.71
24,58000,15700,7.9
24,58000,11000,16.77
22,70000,7550,7.51
26,56950,7550,9.99
25,54000,7575,6.99
22,58000,20000,11.99
26,58000,11600,11.99
22,52000,14825,15.62
25,39000,7600,12.84
22,49000,7600,15.62
25,60000,7600,12.21
26,67000,7600,10.0
24,58000,7000,6.99
25,61680,7600,13.23
24,58000,6000,5.42
24,58000,3000,5.42
21,58000,4500,6.92
24,76554,7600,12.61
23,57000,7650,11.71
26,58000,3000,6.92
25,65000,7675,15.33
24,52000,5000,15.28
25,24000,7700,8.9
24,58000,8000,13.43
22,58000,4000,7.29
23,29772,7700,16.77
22,58000,10000,14.83
22,58000,11050,6.54
25,58000,8500,7.14
24,96408,7700,12.53
22,19680,7750,14.83
24,24000,7750,17.27
23,58000,8000,13.61
26,24000,7750,14.35
23,58000,6400,13.48
21,26000,7750,16.7
25,58000,17500,13.11
21,26000,7750,13.16
23,58000,15000,10.25
26,58000,5000,10.62
23,58000,5000,7.14
26,29760,7750,9.62
23,29000,7750,14.59
23,58000,9600,7.51
25,58000,10400,12.18
23,52000,5000,11.48
22,48000,7750,7.74
25,49000,7750,9.63
25,100000,7750,9.99
24,58000,2200,7.4
22,33000,7800,10.99
24,58000,3500,7.68
23,33000,7800,10.95
24,33600,7800,16.49
25,58000,17000,10.95
22,58000,4500,13.16
21,34000,7800,13.79
26,36000,7800,14.27
23,58000,16000,12.21
22,58000,15000,13.79
26,38000,7800,12.53
26,58000,12000,13.16
25,58000,2750,12.86
25,58000,10000,13.24
22,52000,10000,13.87
25,43000,7800,7.14
25,58000,3150,6.17
26,43000,7800,7.88
23,43955,7800,15.62
23,45000,7800,12.69
24,45000,7800,7.51
24,54000,7800,7.9
26,58125,6000,10.25
24,49000,7800,15.62
25,59000,7800,12.21
22,60000,7800,15.21
22,58200,10000,12.53
23,59004,7800,15.99
26,78000,7800,16.77
23,80000,7800,9.99
26,85757,7800,11.83
21,100000,7800,7.88
24,26000,7850,9.96
22,32000,7875,14.91
23,58500,4000,8.0
25,58560,5000,10.59
23,58560,8000,12.21
23,58600,7800,7.9
22,28000,7900,9.99
22,58608,12000,6.03
22,52650,19200,17.26
23,30000,7925,15.27
26,52704,3000,10.95
25,58750,6000,15.33
21,50700,7950,10.99
22,58800,5100,10.99
22,14400,8000,9.99
21,15500,8000,7.51
24,16000,8000,13.57
21,58800,25000,14.09
22,19200,8000,16.29
22,58896,9500,6.76
24,19200,8000,13.61
26,58900,6400,8.63
21,58951,3000,7.51
24,20000,8000,10.99
21,20000,8000,12.21
26,59000,6000,7.51
24,20000,8000,12.41
23,59000,3600,7.51
23,53000,6000,10.65
25,59000,6000,6.99
22,59000,10000,10.99
22,21000,8000,16.77
23,59000,13000,5.42
23,59000,2000,5.42
22,59000,15000,5.99
22,21600,8000,11.49
24,53000,5000,15.62
23,59000,9000,8.49
21,53000,14400,7.49
25,21996,8000,13.98
24,22100,8000,13.23
22,59000,13375,6.92
22,53000,25000,13.8
24,23000,8000,13.49
22,23400,8000,8.59
22,59000,20000,6.91
24,59000,8000,6.54
25,59000,5000,6.17
23,24000,8000,7.29
21,59000,5600,11.49
25,59000,25000,10.62
26,59000,3500,10.99
26,25000,8000,11.71
25,25000,8000,12.42
22,25000,8000,10.74
23,59000,21600,11.89
23,25000,8000,13.61
22,25000,8000,11.36
26,59000,500,9.76
25,59000,5100,8.32
23,59004,4000,6.99
23,25200,8000,12.73
26,59020,7000,10.0
22,26000,8000,11.99
25,26000,8000,12.87
24,27000,8000,8.9
26,27000,8000,11.11
21,27024,8000,8.49
23,27996,8000,17.58
24,59393,2400,12.69
25,59400,18500,12.73
25,59436,7500,6.76
25,28000,8000,14.65
26,59500,12000,6.62
24,59500,4200,10.59
26,59500,5100,10.37
21,28000,8000,7.51
21,28000,8000,10.99
23,28000,8000,7.74
24,28000,8000,12.84
22,59600,6000,5.42
25,59650,10000,13.61
24,28590,8000,15.65
26,59700,15000,10.99
22,53774,8600,19.42
22,28800,8000,11.49
25,59796,7000,9.63
23,59800,15000,15.96
22,28800,8000,13.72
26,53826,8500,14.79
23,59928,18000,6.91
23,53950,15000,16.63
21,28800,8000,9.88
23,30000,8000,12.42
26,30000,8000,9.91
23,30000,8000,13.49
22,30000,8000,5.42
26,54000,3600,12.69
26,30000,8000,12.99
23,60000,10000,11.71
26,60000,7200,13.49
25,30000,8000,10.74
26,30000,8000,10.0
24,30000,8000,9.25
26,30000,8000,12.61
24,60000,18000,7.9
23,60000,25850,7.9
24,30000,8000,13.61
26,30000,8000,13.98
24,30000,8000,14.26
22,30000,8000,12.53
25,30000,8000,12.87
23,30000,8000,12.18
25,60000,1200,13.49
24,60000,10000,6.03
23,60000,10000,6.03
22,30000,8000,9.32
23,60000,21000,11.71
23,30188,8000,14.65
22,30996,8000,11.49
23,60000,12000,15.27
26,60000,18000,13.49
26,31000,8000,14.27
26,60000,20000,12.69
24,31200,8000,11.49
23,31200,8000,11.49
25,31416,8000,12.61
23,54000,21200,12.42
26,60000,12000,10.65
23,60000,16000,14.27
25,32000,8000,10.62
24,60000,20000,7.9
22,32400,8000,7.9
24,54000,6300,14.65
22,33996,8000,10.51
22,34000,8000,9.91
23,60000,7000,7.9
25,60000,12000,7.9
24,60000,7000,11.71
24,29000,8000,12.42
23,60000,3000,8.9
23,60000,12000,10.65
22,60000,10000,8.9
23,60000,8000,7.51
22,35000,8000,14.27
24,35000,8000,6.03
26,60000,30000,14.27
25,60000,10000,16.77
25,60000,12000,16.77
22,35000,8000,7.29
23,60000,5000,6.03
23,60000,15000,7.9
23,29000,8000,18.3
23,29000,8000,12.73
22,60000,10000,7.9
22,35000,8000,12.41
26,60000,8000,16.77
25,60000,14000,7.9
25,60000,4000,12.69
22,35000,8000,9.2
24,60000,10000,8.9
22,29570,8000,14.42
22,60000,3950,10.65
22,60000,5000,7.9
26,60000,16000,7.9
23,36000,8000,7.51
22,30000,8000,11.11
25,60000,9000,9.91
24,60000,3000,10.65
21,30000,8000,16.45
24,60000,1500,12.42
22,36000,8000,15.33
25,60000,23275,12.42
22,60000,6000,9.91
24,60000,10000,11.71
24,60000,3000,7.51
25,60000,5000,15.27
24,36000,8000,11.48
25,60000,9600,6.03
24,60000,4000,7.9
26,36903,8000,12.21
22,30996,8000,7.14
25,60000,8650,7.51
22,37000,8000,8.94
23,60000,6000,8.9
22,60000,13250,7.9
23,60000,1200,6.03
22,31200,8000,14.3
23,37440,8000,14.18
23,37500,8000,14.26
24,37648,8000,7.29
22,60000,1000,10.99
22,60000,15000,16.49
24,54000,1500,5.42
22,60000,16800,11.99
24,37876,8000,9.63
23,60000,12000,5.99
22,60000,18000,12.99
22,60000,2500,15.99
22,60000,6750,10.99
25,60000,8400,16.89
23,38000,8000,10.65
26,38000,8000,12.69
24,38000,8000,11.49
25,60000,6900,9.99
25,60000,10000,11.49
22,60000,8000,6.99
23,60000,8850,6.99
26,54000,8500,5.42
23,38000,8000,6.17
22,38004,8000,11.36
22,38400,8000,7.88
23,32698,8000,18.43
23,60000,7000,12.99
26,39000,8000,6.62
25,60000,15000,8.49
23,54000,4000,15.62
23,60000,8000,13.49
26,54000,4800,11.49
22,60000,3500,9.99
22,39860,8000,11.11
22,39996,8000,7.14
24,60000,17000,7.49
22,60000,5200,5.99
23,33996,8000,10.95
25,40000,8000,12.42
26,60000,5000,9.99
22,40000,8000,7.9
25,60000,3600,5.99
22,40000,8000,12.99
22,60000,5600,7.49
24,34000,8000,16.49
23,40000,8000,11.49
21,40000,8000,9.63
23,54000,5200,13.99
24,40000,8000,9.63
24,40000,8000,6.17
22,40000,8000,11.36
23,60000,20000,7.49
24,40000,8000,10.25
24,60000,15000,16.89
22,40000,8000,12.18
24,60000,4000,5.42
24,40560,8000,7.66
25,60000,10000,16.49
24,60000,6000,5.42
25,41000,8000,10.99
21,35000,8000,19.79
25,60000,10425,8.49
26,35000,8000,15.31
25,60000,12500,11.49
24,60000,8500,10.59
25,41579,8000,13.92
26,54000,5000,15.62
24,41600,8000,10.59
24,60000,9600,12.99
23,60000,5000,12.99
23,36000,8000,7.51
21,60000,10000,5.99
25,60000,1800,8.49
24,36000,8000,12.12
25,42000,8000,5.99
25,60000,4000,5.99
22,60000,2800,10.99
24,36000,8000,15.28
22,60000,5000,5.99
22,60000,6000,6.62
23,60000,10000,5.42
24,42000,8000,9.25
25,36000,8000,12.73
22,60000,4800,7.49
23,60000,2000,15.23
24,36000,8000,14.96
23,42000,8000,12.84
24,36816,8000,10.65
23,42996,8000,11.11
23,43000,8000,10.37
22,60000,2500,6.99
25,60000,3000,5.99
24,60000,12000,9.99
26,43000,8000,12.87
22,43200,8000,5.99
22,60000,10000,5.42
24,43300,8000,7.29
23,43800,8000,17.93
22,60000,15000,7.49
26,44000,8000,13.8
22,44684,8000,12.04
22,60000,12000,13.99
25,54000,12000,17.49
26,45000,8000,18.25
25,60000,3200,5.42
23,39000,8000,16.49
23,60000,3800,5.42
25,45000,8000,10.38
26,60000,7875,7.66
26,45000,8000,15.33
23,39000,8000,11.36
24,45000,8000,12.73
22,60000,10950,11.11
24,60000,13000,7.29
23,60000,10000,6.92
22,60000,8800,10.37
23,60000,4000,7.66
22,45000,8000,12.84
25,45000,8000,13.47
25,39000,8000,11.34
23,45286,8000,7.29
22,45996,8000,7.51
25,60000,6500,5.79
22,46000,8000,6.17
25,60000,5000,7.29
26,60000,5000,6.92
23,60000,12000,7.29
23,60000,22000,13.06
24,40000,8000,9.88
26,60000,12500,6.92
23,46330,8000,10.65
24,46700,8000,15.65
21,41000,8000,9.91
26,47000,8000,10.0
22,47000,8000,12.18
23,60000,15000,10.37
25,60000,13000,14.17
24,60000,10000,10.37
26,60000,3050,7.29
26,60000,20000,10.74
22,60000,7800,7.29
25,47004,8000,12.53
24,42000,8000,16.29
23,48000,8000,8.49
22,48000,8000,12.99
24,60000,15850,11.11
22,60000,11200,5.79
25,48000,8000,10.59
25,60000,5000,7.29
22,60000,12000,10.0
25,48000,8000,14.35
23,42000,8000,15.58
25,60000,5500,10.74
25,48000,8000,13.11
26,48000,8000,9.96
24,48500,8000,15.96
22,60000,6125,6.17
26,48701,8000,11.48
25,49244,8000,8.0
24,49992,8000,15.95
21,44000,8000,16.29
24,50000,8000,15.96
24,50000,8000,12.42
23,50000,8000,14.27
22,50000,8000,6.62
23,50000,8000,6.62
25,50000,8000,7.9
23,44000,8000,13.49
25,60000,6500,6.17
22,60000,2000,12.61
26,60000,9000,6.91
23,50000,8000,7.49
24,50000,8000,9.99
24,60000,5000,5.79
21,44000,8000,15.21
24,60000,12000,9.62
21,60000,8000,12.23
21,60000,7800,9.99
22,60000,2000,6.54
25,50000,8000,13.85
24,60000,9700,8.88
22,50000,8000,12.18
23,60000,2000,10.36
24,50000,8000,7.74
23,60000,7000,6.54
22,50000,8000,13.16
25,44000,8000,12.92
21,60000,6000,6.91
23,60000,20000,6.54
25,60000,8000,5.79
23,50004,8000,12.73
26,50049,8000,12.99
21,50400,8000,15.62
26,60000,7000,9.62
23,60000,13000,6.91
25,60000,10000,10.36
25,51996,8000,10.37
24,52000,8000,10.99
24,52000,8000,7.51
26,52000,8000,10.25
23,52000,8000,13.22
26,46000,8000,14.42
22,60000,8700,15.58
24,52000,8000,11.78
23,46000,8000,11.86
25,60000,10000,11.49
24,60000,20000,7.88
25,60000,16000,7.88
24,46500,8000,15.23
24,52800,8000,12.87
25,53000,8000,12.23
23,53000,8000,14.26
23,60000,12000,7.88
26,53688,8000,5.42
23,54000,8000,10.99
23,48000,8000,15.58
24,54000,8000,7.88
22,60000,17500,7.88
24,54000,8000,8.07
23,54000,10000,16.45
22,54600,8000,7.51
26,54600,8000,13.8
22,48996,8000,14.96
23,60000,15000,15.21
23,54000,7500,15.58
23,55000,8000,10.65
23,54000,7750,10.38
22,55000,8000,11.71
23,55000,8000,5.42
26,54000,6000,13.98
23,60000,2000,11.12
24,60000,14000,7.51
22,60000,5900,11.12
24,55000,8000,13.8
23,55000,8000,9.25
22,60000,7000,13.61
24,60000,2400,13.61
22,49000,8000,6.91
23,55000,8000,13.11
22,60000,8000,7.14
25,60000,4000,6.39
24,60000,2600,11.49
23,49161,8000,13.17
25,56000,8000,5.99
25,60000,14000,11.12
23,50000,8000,16.02
22,60000,6000,10.38
23,56000,8000,10.0
24,56000,8000,7.51
22,54000,16000,7.51
24,60000,4000,11.86
24,60000,7000,7.14
24,60000,5000,7.88
23,60000,20000,7.88
25,57600,8000,7.66
23,57750,8000,7.49
23,57996,8000,7.14
25,60000,3000,14.59
25,60000,12000,10.99
25,60000,1400,14.22
24,52000,8000,13.99
23,58000,8000,10.37
22,52000,8000,15.58
25,60000,25000,10.99
24,58033,8000,10.62
22,60000,14000,7.88
21,60000,6000,10.62
22,60000,8000,13.49
22,60000,8000,10.0
25,60000,8000,5.42
25,60000,8000,9.63
25,60000,8000,11.86
23,60000,13000,7.88
26,60000,8000,13.61
22,60000,8000,14.72
25,54000,8000,11.49
23,60000,8000,10.25
22,60000,8000,7.88
22,54000,8000,13.48
22,60000,3000,6.76
25,54000,8400,14.59
24,60000,8000,14.59
23,60000,8000,8.94
23,60000,8000,11.14
21,60000,12000,11.36
23,60000,4000,7.14
21,60000,8000,11.26
23,60000,8000,12.21
22,60000,8000,11.14
23,60228,8000,12.98
23,60400,8000,9.25
23,60000,10750,7.88
23,61000,8000,13.22
22,55000,8000,15.31
24,55000,8000,14.61
22,60000,3250,12.73
22,60000,12500,13.11
25,61440,8000,10.36
26,55700,8000,13.49
25,61995,8000,9.99
21,46000,5200,17.27
23,54000,5000,14.96
23,54000,5200,11.71
24,54000,5200,10.37
22,60000,7000,7.14
26,62000,5200,15.96
22,54000,12000,13.48
22,60000,11500,7.88
25,65000,5200,9.99
23,15000,5175,12.18
25,21000,5175,12.53
25,60000,1200,13.85
21,54000,5125,5.99
21,60000,5000,13.48
22,60000,6000,13.11
22,60000,5125,11.86
26,28000,5100,11.89
23,60000,18500,15.33
25,60000,5500,10.99
25,32000,5100,8.38
21,35368,5100,12.99
21,37200,5100,7.49
26,60000,11500,7.88
25,45000,5100,10.0
22,60000,5000,11.83
22,60000,24250,15.31
24,53000,5100,7.9
26,56000,5100,8.0
23,60000,2450,11.48
23,60000,3000,19.13
25,33600,5075,5.79
23,60000,8000,12.53
26,34000,5050,16.89
25,66000,5050,11.49
24,60000,15000,11.83
23,60000,4500,7.4
22,74000,5050,5.42
22,40000,5025,13.43
21,10000,5000,12.17
22,60000,2000,7.4
24,10668,5000,7.88
24,10800,5000,7.88
21,12000,5000,11.49
23,60000,20000,12.18
24,13000,5000,8.0
23,60000,2000,14.26
21,14400,5000,13.72
23,14400,5000,6.91
26,60000,1200,7.4
25,60000,16000,13.57
25,60000,10200,13.92
23,60000,10000,13.22
24,60000,4000,12.18
22,54000,10000,14.61
26,15600,5000,5.99
22,60000,5000,14.61
22,60000,8000,16.0
25,15600,5000,10.75
23,60000,9500,12.53
26,16120,5000,11.58
26,60000,6000,8.94
22,16320,5000,12.53
24,60000,8000,15.65
24,60000,14000,8.94
26,60000,6000,11.83
24,16800,5000,14.22
22,54000,4000,11.14
25,54000,12000,12.53
23,17004,5000,6.54
25,60000,5000,11.14
22,17720,5000,9.62
22,60000,12900,11.14
23,18000,5000,8.59
21,18492,5000,12.92
23,60000,13200,13.16
25,60000,1800,12.21
25,19200,5000,10.99
22,60000,20000,12.21
25,19200,5000,9.62
25,19800,5000,13.49
23,60000,11500,11.26
24,60000,10000,14.42
24,60000,10000,9.63
24,60000,2800,9.32
25,60000,3000,13.79
22,60000,9000,13.79
22,20000,5000,11.86
21,20000,5000,10.39
24,54000,1500,14.42
22,60000,16750,12.53
22,60000,10000,8.0
21,21000,5000,20.89
24,54000,10000,9.63
26,21000,5000,6.99
21,21000,5000,6.91
23,54000,16000,16.32
24,21000,5000,8.63
24,21120,5000,11.71
25,21600,5000,17.58
24,60000,15000,11.89
26,21600,5000,9.99
25,60000,10000,12.21
23,21600,5000,13.06
24,21648,5000,6.99
26,54000,8000,11.89
22,60000,3000,13.16
23,60000,10000,11.26
21,22000,5000,15.7
22,60000,1000,9.63
25,22000,5000,16.32
25,60000,10000,10.83
22,22800,5000,13.85
26,22800,5000,13.57
23,22944,5000,11.11
24,22992,5000,13.06
23,24000,5000,14.27
22,60000,1600,11.66
26,24000,5000,8.9
24,24000,5000,7.51
23,24000,5000,6.62
22,24000,5000,16.49
23,54000,7500,11.03
23,60000,7500,8.0
23,60000,9900,9.76
22,60000,7500,11.66
23,60000,6000,9.45
25,24000,5000,6.92
22,60000,17000,9.45
26,60000,9800,7.75
22,60000,8000,8.07
21,24000,5000,12.98
25,24000,5000,12.61
23,24000,5000,10.75
23,24000,5000,10.62
23,24000,5000,11.48
22,24000,5000,8.94
22,24044,5000,8.9
24,60204,10000,7.49
21,24996,5000,16.45
26,25000,5000,12.69
22,60400,24000,6.54
24,60400,5500,8.0
24,54417,9525,11.66
23,25000,5000,10.99
25,60500,17000,12.42
23,60500,5000,14.27
23,25000,5000,6.91
24,54500,8000,17.49
24,25000,5000,7.14
22,60500,12000,8.94
23,25000,5000,10.62
24,60500,6000,7.68
24,25000,5000,8.94
22,60612,18000,13.72
21,25000,5000,12.86
25,60626,2500,6.92
22,60635,6800,13.49
23,60785,10625,13.99
22,26000,5000,11.99
26,60996,12000,12.21
24,26400,5000,7.9
21,26400,5000,13.49
25,61000,15000,14.65
23,26400,5000,15.99
22,61000,12000,13.49
21,27000,5000,5.42
25,55000,9000,16.77
23,61000,12000,11.71
23,27000,5000,16.77
22,61000,2100,6.62
24,55000,6000,11.99
22,27000,5000,9.32
22,27000,5000,10.08
25,27096,5000,7.9
22,61000,8000,11.49
23,61000,18400,19.29
26,61000,12000,10.99
22,61000,12000,7.49
26,61000,8000,7.49
22,27264,5000,13.11
24,61000,3000,15.62
22,27360,5000,7.51
24,27500,5000,15.07
26,61000,4200,7.29
22,61000,12000,7.29
22,62000,8000,5.42
24,61000,10000,15.65
25,61000,7000,5.79
22,61000,8000,5.79
26,62000,8000,12.99
26,55000,10000,7.51
22,61000,18200,7.51
22,62000,8000,12.68
23,55000,10000,15.33
25,61000,15000,9.88
26,61000,7500,10.25
24,62000,8000,11.14
22,61000,21000,14.26
24,56400,8000,14.96
26,61000,19200,11.48
26,63000,8000,12.53
25,63900,8000,6.03
24,64000,8000,7.9
24,61080,25000,10.59
23,64000,8000,10.0
24,61147,17000,6.03
23,65000,8000,6.62
24,61193,6400,8.59
24,65000,8000,12.69
22,65000,8000,10.59
26,65000,8000,6.92
24,65000,8000,9.63
25,61200,5650,7.66
25,61200,5200,5.42
22,65000,8000,6.54
23,61200,10000,7.88
23,55200,15250,15.68
24,55200,6000,14.42
26,61200,1500,12.84
24,61200,5100,10.51
24,55200,9600,10.78
23,65000,8000,14.72
23,65000,8000,9.32
24,61289,2000,11.49
23,61300,9000,16.49
22,61300,13000,9.63
23,61360,6125,8.59
23,55365,25000,19.04
24,65004,8000,8.49
21,55400,5000,14.27
23,55400,5500,14.61
22,61402,10800,9.99
21,65500,8000,12.84
23,61498,5000,11.36
22,61500,30000,6.62
26,67000,8000,7.14
24,61500,3200,11.49
22,61547,24250,14.96
23,61615,13000,10.62
24,61650,6500,6.03
25,70000,8000,15.96
24,61717,3200,7.68
24,61781,17800,10.25
24,70000,8000,11.71
24,61800,1500,6.54
25,61800,4000,7.75
26,70000,8000,7.9
26,70000,8000,15.96
22,70000,8000,6.99
23,70000,8000,11.99
25,64000,8000,15.28
23,70000,8000,16.02
26,62000,12000,7.9
22,70000,8000,7.66
23,62000,4000,8.9
22,64000,8000,14.84
24,70000,8000,14.72
25,70000,8000,14.26
26,62000,8400,6.62
26,71000,8000,13.49
23,62000,1800,11.71
22,62000,13000,15.27
25,72000,8000,7.9
22,72000,8000,7.9
22,62000,15075,6.03
22,66000,8000,14.65
24,62000,5875,6.03
22,72000,8000,7.9
21,62000,6000,7.51
22,62000,2000,6.03
23,62000,10000,7.9
22,62000,5000,6.03
24,62000,10000,13.99
25,62000,12000,5.42
24,72000,8000,10.0
25,62000,8500,10.99
24,74000,8000,15.62
26,74000,8000,13.92
23,62000,5000,5.42
23,75000,8000,7.9
24,62000,10000,7.49
22,75000,8000,5.99
23,75000,8000,10.74
25,62000,3000,12.99
23,75000,8000,13.79
24,75000,8000,15.37
22,62000,10000,5.99
25,69000,8000,13.99
23,75638,8000,5.99
26,76000,8000,13.11
25,76460,8000,6.03
24,77000,8000,7.51
22,62000,9000,10.0
22,78000,8000,13.79
26,62000,10000,13.43
23,56000,8000,14.54
24,79000,8000,11.49
23,80000,8000,7.9
24,62000,10000,10.74
24,62000,7750,10.0
22,80000,8000,18.39
26,80000,8000,5.99
25,74000,8000,7.29
23,62000,18000,14.46
22,62000,1500,6.91
26,80000,8000,12.73
22,62000,17000,6.91
24,81600,8000,12.84
26,82000,8000,10.99
26,62000,10000,7.88
26,76000,8000,13.48
25,56000,2000,11.49
26,62000,20000,10.38
25,62000,2100,11.86
24,56000,10000,14.35
22,66300,8000,18.39
22,84996,8000,13.92
25,62000,6000,7.88
24,85000,8000,13.06
25,62000,10000,7.88
23,62000,11200,7.88
21,56000,18000,10.25
22,86004,8000,13.92
26,86502,8000,10.36
22,62000,5000,8.59
25,87000,8000,10.37
25,62000,3500,13.57
23,62000,10000,12.18
22,62000,6000,13.92
23,62000,5000,13.57
23,76500,8000,14.26
26,90000,8000,14.27
24,62000,20000,16.7
22,90000,8000,7.49
23,62000,6500,10.95
22,62000,10000,11.58
23,90000,8000,6.92
23,90000,8000,13.35
22,56000,15000,16.0
22,91000,8000,6.92
22,91000,8000,11.86
23,92004,8000,11.49
22,62000,7500,13.87
23,62000,6400,10.08
24,62000,8000,10.08
23,62000,9600,9.2
25,95000,8000,15.23
25,95000,8000,10.99
25,95000,8000,13.8
25,95000,8000,10.36
22,62000,3000,8.7
22,95004,8000,12.61
26,84000,8000,12.61
25,56004,8000,11.71
25,84000,8000,16.45
26,96500,8000,13.61
24,56004,6000,10.0
24,97000,8000,15.31
26,62004,4000,9.99
26,99996,8000,16.32
21,99996,8000,7.14
23,56004,15000,11.26
23,62004,9600,10.95
26,100000,8000,6.54
25,62004,15000,13.47
22,62004,3600,7.37
23,62004,10000,9.07
23,89000,8000,14.74
26,62100,9600,11.71
24,105000,8000,7.51
26,62100,1600,12.61
24,62100,6000,12.53
26,81600,8000,16.29
24,108000,8000,9.88
26,62200,18000,16.63
24,110000,8000,5.99
25,115000,8000,11.71
22,56208,12000,16.29
24,116664,8000,16.49
22,108000,8000,16.29
25,108000,8000,16.77
21,62316,10000,7.66
23,62352,29800,10.65
26,62361,21650,12.69
23,120000,8000,14.61
25,123000,8000,12.53
26,125000,8000,9.63
23,126000,8000,13.23
23,62400,7200,8.9
24,62400,4000,8.9
23,130000,8000,11.99
23,62400,7000,13.06
22,56400,8400,14.91
22,56400,25000,16.4
24,131400,8000,15.99
24,62400,9500,6.54
22,62400,2400,14.46
22,62400,12600,13.85
25,62400,12500,14.96
25,62400,2000,10.99
26,183700,8000,15.62
22,30000,8050,12.69
22,48000,8050,10.0
21,50000,8075,6.17
22,54000,8075,13.06
23,78000,8100,7.29
21,25000,8125,7.9
25,62496,8000,7.51
23,30000,8125,12.68
21,62496,5000,12.53
21,62500,13200,7.9
23,62500,23525,7.9
26,56000,8150,12.87
24,60500,8150,17.27
26,62500,8000,11.49
22,62500,10000,5.99
25,34000,8200,12.21
24,62500,6000,5.79
26,40000,8200,6.62
24,40944,8200,11.36
23,55000,8200,13.11
24,62500,16000,10.38
22,150000,8200,6.99
21,25200,8250,7.49
23,30000,8250,7.51
23,62500,9600,13.22
24,62500,6500,13.22
25,62500,15000,6.0
23,62500,4000,7.43
23,62510,12000,10.74
25,70000,8250,13.61
24,62677,6000,10.2
23,26000,8300,9.99
25,30000,8300,8.9
22,45020,8300,10.99
21,50000,8300,8.9
24,83000,8300,7.88
22,62892,9600,11.03
21,62916,15000,11.49
22,56920,10000,14.59
24,56972,15000,16.4
25,63000,14000,12.42
26,31200,8325,13.49
26,77100,8350,6.99
21,30000,8400,6.03
23,63000,20000,7.9
24,63000,6000,9.91
24,31200,8400,13.23
21,32000,8400,16.77
25,63000,20000,8.49
22,32000,8400,11.49
24,63000,20000,11.49
23,63000,10000,10.59
23,63000,7300,7.49
21,63000,10000,10.59
25,63000,20000,9.99
24,35000,8400,12.87
23,63000,9700,5.99
21,63000,11200,10.99
26,35960,8400,11.49
25,36000,8400,18.64
22,63000,10800,5.99
24,36100,8400,11.26
23,63000,6800,7.66
22,41000,8400,8.94
22,63000,8400,7.29
22,63000,12000,7.66
26,63000,10000,6.91
26,35500,8400,17.27
22,63000,4500,5.42
22,42000,8400,14.35
26,63000,10000,9.25
22,63000,3700,5.42
25,63000,25000,11.49
24,63000,6300,11.49
24,45000,8400,7.9
23,39000,8400,13.79
26,47000,8400,11.83
22,63000,8400,12.73
26,48000,8400,11.12
26,50000,8400,14.72
22,63000,8950,10.99
25,50000,8400,13.22
26,44000,8400,14.5
26,51300,8400,11.99
22,51420,8400,11.97
26,51996,8400,13.99
24,63000,17600,8.94
23,52000,8400,6.17
23,46500,8400,16.89
22,63000,10000,8.94
24,63000,20000,19.13
26,49000,8400,18.25
25,55000,8400,13.72
22,55000,8400,7.88
25,63000,3000,13.47
26,55000,8400,8.94
26,63000,3500,7.68
23,56000,8400,10.99
24,63000,11400,13.79
22,63000,14100,8.0
24,63000,15000,13.47
25,60000,8400,13.99
23,60000,8400,7.49
26,63000,24000,11.46
25,60000,8400,7.29
24,57000,6500,13.04
25,63000,25000,13.87
24,60000,8400,6.17
26,63000,3800,12.04
26,63096,4200,5.99
22,62000,8400,13.47
22,63132,10000,6.03
23,63150,12000,9.91
22,62004,8400,15.62
26,63180,5825,13.43
23,63189,8000,10.74
25,63200,27250,8.9
23,63200,4800,12.53
26,65004,8400,7.51
23,61000,8400,14.84
24,68000,8400,7.88
26,68926,8400,17.27
25,63300,17600,12.53
22,63400,10500,9.99
26,63400,20000,9.62
22,73500,8400,6.54
24,75000,8400,12.69
25,78600,8400,13.48
24,100000,8400,13.06
23,100300,8400,14.84
26,140000,8400,12.53
26,18000,8500,14.27
25,18000,8500,10.28
26,19200,8500,9.99
23,63600,2475,5.79
22,63600,4000,6.76
24,57655,9925,15.58
25,63720,12500,7.51
22,63800,25000,11.36
22,42000,8550,11.99
26,36000,8550,10.25
23,66000,8550,7.88
26,63834,17000,11.12
25,32000,8575,15.62
22,63996,4000,5.42
24,63996,6000,10.75
22,63996,3250,7.88
25,55000,8575,14.65
24,63996,14400,9.63
26,64000,5000,6.62
26,30500,8600,14.96
22,40000,8600,7.66
26,64000,12000,11.71
24,64000,12000,16.77
25,95000,8600,8.59
22,64000,6625,6.62
23,60626,8625,7.9
22,69000,8650,11.49
25,42000,8675,15.99
23,28000,8700,6.03
23,64000,2100,6.03
24,64000,5200,7.9
25,64000,9000,5.99
22,64000,6000,10.99
23,64000,8000,10.99
22,64000,15000,17.49
22,64000,9600,8.49
24,29004,8725,12.18
24,64000,4000,10.0
23,64000,5550,7.29
21,64000,10000,7.66
25,150000,8750,7.74
24,64000,13225,10.37
25,64000,5000,7.29
24,64000,1200,10.74
22,64000,7000,10.38
26,64000,15000,10.38
22,46104,8775,7.29
22,64000,15000,13.23
22,64000,14000,13.23
23,18500,9000,11.34
23,64000,5500,7.14
21,20000,9000,7.51
22,21600,9000,9.83
25,25000,9000,11.49
22,64000,25000,11.83
24,64000,12000,8.59
24,25000,9000,11.48
22,25600,9000,8.9
22,25920,9000,10.59
22,26000,9000,12.73
26,64000,8000,14.96
24,26400,9000,11.49
24,64000,4800,12.21
22,64000,2000,9.32
21,26785,9000,7.9
26,58000,25000,13.55
23,58000,7200,11.97
23,26976,9000,7.51
23,27600,9000,13.98
22,28800,9000,10.99
22,30000,9000,13.49
25,30000,9000,17.58
21,30000,9000,12.99
26,30000,9000,5.99
26,64212,9600,14.27
22,64260,9200,13.43
26,64260,4500,8.94
22,64312,5000,14.91
23,30000,9000,14.61
24,31200,9000,10.38
23,64500,7000,10.99
24,64500,1200,14.72
25,64500,12000,13.48
23,64500,10000,12.18
21,64500,15000,11.83
21,33000,9000,12.69
22,33000,9000,11.99
25,33000,9000,5.79
25,33000,9000,7.14
21,33600,9000,11.86
24,34000,9000,11.83
24,64656,14500,10.99
24,34000,9000,13.16
26,34320,9000,6.62
23,29000,9000,11.71
25,64800,4500,10.65
21,35000,9000,8.94
26,64800,2000,11.99
23,64800,4000,13.99
23,36000,9000,9.99
24,64800,11000,5.79
23,64800,2400,13.23
24,30000,9000,15.58
26,64956,7500,13.47
26,64992,4000,9.63
26,64999,15000,10.99
26,64999,10000,13.98
22,64999,2500,14.61
26,65000,3000,18.25
26,30000,9000,15.65
23,36000,9000,10.78
23,65000,10500,6.03
21,36120,9000,10.39
25,59000,3000,16.29
24,37000,9000,7.14
26,65000,10000,6.62
22,37500,9000,9.63
24,65000,12000,12.69
23,65000,8200,6.62
25,65000,12000,7.9
23,65000,6000,10.65
23,65000,10200,7.9
24,38400,9000,7.9
22,38500,9000,10.83
23,39600,9000,11.99
24,33996,9000,16.0
26,65000,17000,9.91
24,40000,9000,11.99
22,40000,9000,10.59
24,65000,12000,9.91
23,40000,9000,7.49
23,40000,9000,12.61
23,34000,9000,17.06
24,65000,6300,11.71
22,65000,7200,8.9
25,40000,9000,12.53
26,65000,12000,7.9
23,65000,12000,7.9
24,65000,6000,6.03
23,35500,9000,15.99
24,65000,6600,10.65
24,65000,7200,17.58
25,59000,5000,6.03
26,65000,5000,7.51
21,65000,10000,6.03
23,42000,9000,8.49
24,65000,8000,12.69
21,65000,2200,12.42
23,42000,9000,7.51
23,65000,7425,6.03
21,36140,9000,8.94
26,42600,9000,14.96
25,42900,9000,6.76
24,65000,4200,15.27
26,65000,8000,17.27
26,43000,9000,13.85
22,43200,9000,14.54
23,65000,7000,7.9
23,43200,9000,6.17
24,65000,3300,7.51
26,44000,9000,10.99
25,44000,9000,7.29
25,44000,9000,8.94
25,44640,9000,10.65
23,45000,9000,10.65
25,65000,10000,12.99
22,45000,9000,7.9
23,45000,9000,5.99
21,45000,9000,8.49
22,45000,9000,14.26
22,65000,12800,5.99
23,65000,7000,8.49
26,65000,4800,13.49
22,45000,9000,11.48
26,59000,8000,15.99
26,45000,9000,10.39
22,45004,9000,14.35
26,65000,5000,5.42
25,39512,9000,15.23
23,65000,4000,11.49
24,65000,4400,16.89
23,65000,16500,7.49
23,65000,3600,7.49
24,45888,9000,5.79
26,46000,9000,7.14
24,46000,9000,13.22
23,46200,9000,9.99
24,46704,9000,11.49
25,47000,9000,7.51
22,47840,9000,12.53
23,65000,18000,9.99
22,48000,9000,7.88
22,65000,7000,11.49
26,65000,20500,6.99
26,48000,9000,8.94
25,48000,9000,13.79
22,49500,9000,14.35
24,65000,9600,11.99
25,50000,9000,12.69
25,65000,12000,7.49
24,65000,6000,10.99
26,65000,8000,6.99
20,65000,4800,9.99
23,50000,9000,12.18
26,50004,9000,6.17
26,50200,9000,7.66
26,50760,9000,8.94
24,65000,14000,8.49
25,65000,1200,10.99
24,65000,8000,10.99
23,51000,9000,10.99
24,51000,9000,5.79
22,51000,9000,15.33
23,65000,8500,15.23
26,51400,9000,13.61
23,65000,7000,6.99
26,65000,12000,10.99
26,51840,9000,8.0
23,52000,9000,12.69
24,65000,8000,5.99
22,52000,9000,10.65
22,65000,8000,6.99
26,65000,14400,9.99
23,65000,5400,8.9
23,65000,10000,7.49
23,65000,13600,15.62
21,52000,9000,11.83
22,52000,9000,14.11
24,65000,1525,5.42
24,52800,9000,7.9
24,52800,9000,7.49
23,53000,9000,12.09
23,53664,9000,12.21
23,65000,7000,8.49
24,65000,6000,6.99
22,54000,9000,15.96
26,65000,4000,5.42
24,65000,10000,11.99
26,65000,11500,7.49
25,48000,9000,15.05
24,65000,2000,5.42
22,59000,4900,15.62
25,55000,9000,10.99
25,55000,9000,11.11
21,59000,5000,9.99
24,65000,5500,5.79
26,65000,10000,7.29
24,65000,10000,5.79
24,55000,9000,14.72
23,65000,10800,10.0
26,45000,9050,7.29
26,38400,9100,15.37
23,43200,9100,13.24
22,57500,9100,11.49
25,65000,5000,7.29
22,30000,9150,10.59
24,65000,9000,7.29
24,65000,10000,7.66
22,65000,10000,11.11
26,29000,9200,7.49
21,30000,9200,6.62
24,65000,6000,5.42
21,43000,9200,8.94
23,65000,9600,14.17
22,50000,9200,6.92
23,50000,9200,15.68
23,65000,13750,9.62
24,65000,20000,14.09
23,65000,7300,9.99
22,62000,9200,12.98
23,66000,9200,11.86
24,77385,9200,6.03
22,65000,3000,10.36
25,59000,3600,12.98
21,59000,25000,9.99
25,82000,9200,6.03
22,63000,9225,5.99
24,65000,12000,6.17
21,13000,9250,12.53
25,65000,12000,12.61
23,24000,9250,6.54
22,24000,9250,8.94
25,24996,9250,8.59
25,25000,9250,10.75
25,25716,9250,6.54
21,65000,5000,5.79
22,65000,10000,13.35
24,65000,2000,9.62
23,65000,9000,7.88
22,27120,9250,13.11
21,65000,8400,11.86
24,65000,3500,6.76
23,65000,6250,6.76
24,27456,9250,12.87
23,65000,10000,13.98
25,65000,10000,10.75
25,65000,7000,14.72
25,65000,15000,11.12
23,28800,9250,14.35
24,65000,7000,13.61
24,28800,9250,13.57
22,65000,13000,10.38
22,65000,13000,14.35
22,31000,9250,14.11
22,32400,9250,14.46
23,36707,9250,16.32
24,65000,11000,11.49
21,39000,9250,9.91
23,65000,14400,7.51
23,65000,5500,7.88
23,40000,9250,16.07
26,65000,10950,7.88
22,65000,3800,11.12
26,65000,22000,17.19
25,65000,15000,11.86
25,65000,8700,7.88
22,65000,10000,7.88
23,70522,9325,10.91
23,65000,7000,7.14
22,50000,9350,7.49
24,65000,8000,7.51
22,30000,9375,11.71
22,65000,8100,13.11
25,59000,20000,11.36
26,59000,20000,13.48
24,65000,2500,6.39
26,45500,9400,9.91
23,44000,9400,16.32
24,65000,6000,11.36
24,65000,3000,12.73
23,50400,9400,9.99
22,45000,9425,13.49
23,65000,4400,11.36
24,25000,9450,6.62
23,65000,8000,7.14
21,26000,9450,16.77
24,65000,8500,7.51
24,33600,9450,7.66
24,65000,14000,15.31
26,34200,9450,15.62
25,19200,9500,7.88
26,65000,7000,13.92
22,65000,3000,13.92
21,20000,9500,8.9
23,65000,6000,11.48
23,65000,7500,8.59
24,23040,9500,19.04
22,27000,9500,15.33
24,28000,9500,5.99
26,28000,9500,8.94
24,30000,9500,13.92
22,32000,9500,13.57
23,65000,20000,12.18
24,37157,9500,10.99
24,65000,10000,8.59
24,59000,12000,17.74
22,65000,17000,8.94
23,41000,9500,7.88
23,44064,9500,11.26
25,46500,9500,6.76
23,40574,9500,14.74
26,47000,9500,12.87
25,65000,15000,11.48
22,65000,5000,15.37
24,48602,9500,12.73
24,59000,6800,12.53
22,65000,1500,9.32
22,50000,9500,6.99
24,52500,9500,14.79
23,54000,9500,14.65
26,54011,9500,16.29
24,55000,9500,9.63
23,65000,15000,10.95
25,65000,7500,13.47
22,56400,9500,8.9
22,59000,19750,14.11
25,57000,9500,6.17
25,57000,9500,12.53
25,65000,2000,7.37
22,65000,9000,9.63
25,61000,9500,7.51
25,68000,9500,7.14
26,65000,5000,11.89
23,65000,17600,12.72
24,58650,9500,16.49
22,69000,9500,15.33
26,65000,6000,9.07
24,70446,9550,7.49
22,65000,7500,10.08
23,65000,5125,10.71
25,65000,7000,11.66
22,43000,9575,6.62
22,21600,9600,7.49
23,22000,9600,13.16
25,24000,9600,11.71
21,24000,9600,14.27
23,65000,15000,14.5
23,65000,4000,7.75
23,65000,12800,8.38
23,65000,5000,7.43
22,65004,12500,6.03
22,65004,5500,6.03
24,65004,3600,13.49
21,28800,9600,10.37
22,65004,4000,10.99
21,65004,5000,9.99
26,33996,9600,9.88
25,65004,4500,6.92
22,65004,6500,9.25
26,65004,20000,10.36
25,34000,9600,7.88
23,34560,9600,16.02
22,34800,9600,19.16
25,35000,9600,9.91
23,65004,15000,7.88
22,35000,9600,11.99
23,35400,9600,11.89
21,65004,1500,7.88
24,30000,9600,14.91
22,65004,13000,13.23
26,36996,9600,11.97
25,31000,9600,16.77
23,65004,7000,12.87
21,37740,9600,13.11
26,65004,5000,11.58
23,31800,9600,13.48
25,65004,5000,13.47
24,40000,9600,14.65
26,40000,9600,14.27
25,34000,9600,14.54
23,65100,9000,14.79
24,65158,18000,10.25
22,40000,9600,14.72
22,65200,4000,7.14
24,65200,3000,11.26
23,65280,18000,10.99
22,65338,6500,11.71
23,65400,20000,15.05
22,36000,9600,17.27
22,65416,8000,6.92
25,65454,8400,11.99
21,65496,13250,10.37
22,42500,9600,11.22
25,37200,9600,5.99
22,39000,9600,16.77
22,45000,9600,12.73
24,65544,5000,10.74
21,65592,3600,15.99
23,45000,9600,10.25
21,45000,9600,12.18
25,59600,6000,16.45
26,59600,21000,16.45
25,65600,10000,11.78
25,65707,2000,14.59
22,46000,9600,10.99
23,65748,8800,9.63
22,65856,16800,13.92
26,48000,9600,12.73
24,50000,9600,7.51
24,59964,1275,10.99
23,50000,9600,14.26
24,66000,15000,18.25
24,45000,9600,15.31
26,66000,18000,13.49
26,60000,5000,7.9
26,53000,9600,11.71
22,53000,9600,7.66
23,66000,15000,6.03
22,54000,9600,7.9
22,66000,6000,7.51
22,66000,5000,7.9
22,66000,7500,17.58
25,60000,8000,14.27
23,66000,6000,6.62
25,49000,9600,7.51
22,55000,9600,8.9
23,55000,9600,7.49
26,55000,9600,7.66
25,66000,15000,7.49
22,66000,15000,14.79
26,58000,9600,13.99
23,60000,9600,14.65
22,60000,9600,7.9
25,60000,9600,7.9
26,66000,4000,11.99
23,66000,8750,9.99
23,54000,9600,20.62
25,54000,9600,15.62
25,66000,6600,11.49
22,66000,10000,11.49
26,66000,15500,7.49
24,66000,11200,13.99
21,66000,4500,7.49
25,63000,9600,14.46
23,66000,2700,10.74
22,66000,12000,5.79
22,65000,9600,12.99
26,59000,9600,7.49
23,66000,10000,9.63
22,65000,9600,11.97
26,66000,7000,9.63
24,65450,9600,8.49
24,66000,9600,11.26
21,66000,18000,6.91
22,68004,9600,7.51
24,66000,15000,6.54
24,69996,9600,11.71
26,64000,9600,11.97
22,66000,2700,6.76
23,70560,9600,7.9
25,66000,15000,14.35
22,66000,8500,7.51
23,66000,6000,7.88
23,66000,7800,7.88
25,71000,9600,5.79
22,72576,9600,7.29
24,73000,9600,13.92
25,75000,9600,12.69
26,75000,9600,10.0
24,66000,13000,10.25
23,66000,5000,9.88
21,66000,7000,7.88
22,66000,20000,10.25
26,60000,15000,14.59
23,60000,5600,14.22
23,80000,9600,7.88
26,66000,15000,9.88
23,66000,13200,11.14
25,80000,9600,12.21
22,66000,17500,11.48
22,81960,9600,7.29
25,83000,9600,10.99
24,77964,9600,14.42
23,85000,9600,10.99
26,60000,10000,12.21
25,66000,18500,12.21
22,73000,9600,8.94
24,85392,9600,7.29
23,88000,9600,5.79
22,66000,15000,11.72
25,66000,5875,10.91
26,90000,9600,13.85
25,66125,4000,12.53
25,78000,9600,14.11
24,94000,9600,12.99
24,94837,9600,11.99
22,66250,8700,6.92
25,66252,5000,12.53
26,66384,10000,7.88
22,66396,15000,13.48
23,97500,9600,10.37
25,66420,4000,12.18
23,66480,4000,8.32
25,66500,5000,9.63
26,120640,9600,14.22
21,28000,9700,11.34
24,66500,8800,8.59
24,66500,1400,12.53
21,70000,9700,12.53
26,66504,12000,12.53
24,60516,18000,11.26
24,66600,7200,10.65
23,66661,1500,11.49
26,66800,2500,11.49
26,66912,12000,5.42
23,66912,16000,12.73
25,30000,9950,8.49
26,66948,20000,10.95
22,66996,6000,10.37
24,66996,10000,9.62
24,18000,10000,7.29
22,66996,7000,14.72
21,19200,10000,10.99
23,66996,7000,7.88
23,66996,10000,9.32
24,66996,1000,9.32
22,20000,10000,7.49
22,20008,10000,10.95
21,21000,10000,11.71
24,67000,16000,12.69
22,21000,10000,13.72
22,21000,10000,12.73
22,67000,7500,16.29
25,67000,3000,7.9
26,67000,29000,7.51
23,67000,2500,11.71
26,67000,10400,8.9
23,21000,10000,13.16
23,21000,10000,12.21
26,22000,10000,9.63
26,22000,10000,14.59
24,67000,10400,5.99
22,67000,12000,11.99
23,67000,5600,7.49
22,23000,10000,9.88
24,67000,4000,7.49
25,23387,10000,7.51
26,23624,10000,9.88
24,23700,10000,9.32
25,24000,10000,9.91
24,24000,10000,10.38
24,67000,12150,10.37
23,67000,9250,5.79
22,67000,8800,7.51
22,67000,4000,6.76
23,67000,3250,6.76
24,24000,10000,10.99
22,67000,12000,8.59
24,24000,10000,8.7
21,67000,25000,15.65
23,24960,10000,9.64
22,24996,10000,8.94
23,67000,6000,9.32
26,67000,10000,12.21
23,67000,16000,16.32
23,61000,18000,12.09
25,67000,7000,8.63
24,25000,10000,11.36
23,25000,10000,11.83
24,61100,25000,17.49
22,67145,10000,10.62
22,25000,10000,8.59
25,25000,10000,14.11
23,67200,16000,6.03
23,67200,5525,6.99
22,67200,5000,9.99
25,67200,5000,13.8
23,25920,10000,15.58
25,67200,3250,11.49
22,26000,10000,10.65
26,67260,6500,7.14
24,26000,10000,10.99
23,52102,3500,10.75
22,67320,3900,14.35
24,26000,10000,16.63
22,67350,9600,14.96
24,67430,12000,12.87
22,67440,5500,10.25
22,26400,10000,13.49
24,61499,19600,15.65
22,26400,10000,7.49
24,67500,14400,11.71
22,26400,10000,16.02
24,26400,10000,6.54
24,67500,3000,7.88
22,26400,10000,9.88
23,27000,10000,10.65
24,27000,10000,12.73
22,27048,10000,12.61
22,27376,10000,10.28
22,28000,10000,5.42
24,28000,10000,6.91
25,67675,3000,14.35
21,28600,10000,11.34
25,29000,10000,7.49
22,29000,10000,7.29
22,67775,9600,14.79
24,29000,10000,10.74
21,29000,10000,10.0
22,67807,6400,7.14
23,61836,1700,16.77
26,67900,2400,8.49
26,29406,10000,11.71
24,67992,12000,10.75
23,68000,12000,7.51
25,68000,6500,16.29
23,30000,10000,15.27
22,68000,20000,16.77
22,68000,16000,7.9
23,30000,10000,13.99
21,30000,10000,11.99
24,30000,10000,19.29
23,30000,10000,7.49
26,30000,10000,6.99
22,68000,9000,15.27
23,52700,8000,16.29
25,68000,6000,12.42
23,68000,10000,9.91
21,52700,26400,16.49
22,68000,11000,6.99
23,68000,11500,9.99
22,30000,10000,10.37
24,30000,10000,5.79
24,68000,8000,7.49
25,30000,10000,7.51
22,68000,6500,5.99
22,30000,10000,11.86
22,68000,10000,7.49
25,68000,6500,12.99
22,30000,10000,14.35
22,30000,10000,13.98
26,68000,10000,8.49
22,68000,10000,10.74
26,68000,10000,5.79
25,30000,10000,7.51
23,68000,9750,10.37
23,30000,10000,11.48
23,30000,10000,12.18
23,68000,10000,10.37
21,30000,10000,11.14
22,30000,10000,11.14
23,68000,12000,5.42
23,30000,10000,11.14
24,30000,10000,14.61
26,68000,3600,6.54
22,68000,13000,7.88
22,30000,10000,9.63
24,68000,6000,7.88
22,30000,10000,12.53
22,68000,3500,6.39
24,30000,10000,11.66
24,30000,10000,8.38
23,30680,10000,10.37
26,30720,10000,11.49
25,30720,10000,10.37
22,68000,14800,9.88
26,30720,10000,7.88
22,31000,10000,8.9
26,68000,24250,12.18
24,68000,3600,7.74
24,31000,10000,14.65
26,68000,21000,13.92
22,31000,10000,19.42
23,31000,10000,7.51
25,62000,20000,17.04
25,31200,10000,9.91
24,68000,5500,15.68
23,68000,1000,8.0
22,31200,10000,12.73
23,68000,21000,12.84
26,52700,7500,13.8
23,62000,9000,11.03
24,68004,4200,5.42
26,32000,10000,6.99
24,68004,4000,6.39
26,52703,4000,11.89
21,68004,16000,11.26
23,32000,10000,7.29
23,32000,10000,13.11
22,32000,10000,16.07
22,32000,10000,13.22
23,32004,10000,13.79
22,32376,10000,13.61
21,32400,10000,11.48
26,68399,10500,6.91
25,62400,4000,18.39
23,32580,10000,11.14
22,32647,10000,11.48
24,68400,6000,6.54
25,33000,10000,7.51
26,33000,10000,11.71
23,33000,10000,14.65
23,33000,10000,11.99
23,33000,10000,5.42
26,33200,10000,11.49
21,33276,10000,11.83
23,33280,10000,7.51
26,68500,9000,7.88
22,33280,10000,12.53
23,62500,10000,15.7
25,33500,10000,10.25
26,68500,6500,11.14
23,68500,4200,11.66
24,33500,10000,13.16
24,33600,10000,9.88
22,33600,10000,10.25
25,33600,10000,11.03
22,62654,6000,14.74
22,68670,20000,6.91
25,33996,10000,12.53
21,34000,10000,9.91
21,34000,10000,13.61
22,34500,10000,13.79
24,68900,19500,11.83
25,53467,25000,15.7
26,34995,10000,7.88
21,69000,13250,6.62
26,63000,12000,15.27
25,69000,25000,6.99
22,69000,15000,8.49
23,35000,10000,7.29
21,35000,10000,7.66
23,35000,10000,5.79
23,29000,10000,17.93
24,35000,10000,13.48
22,69000,6500,5.99
23,69000,9000,5.99
25,69000,9600,7.49
26,69000,15000,7.49
23,69000,8325,13.49
26,69000,5000,14.17
24,69000,3000,11.11
24,35000,10000,12.73
23,35000,10000,13.22
24,35004,10000,12.84
25,69000,20000,10.75
24,69000,7200,7.88
26,69000,6000,7.14
25,35364,10000,9.32
24,69000,11000,10.62
26,69000,16000,15.7
25,69000,6000,7.88
26,69000,18000,14.22
24,69000,5200,17.19
25,69000,15900,13.22
22,69000,1000,7.4
23,69000,15000,11.58
22,69000,15000,14.42
25,36000,10000,12.42
23,69000,8000,10.95
22,69000,7800,12.41
23,69000,19000,9.51
22,69077,10000,7.51
23,36000,10000,9.99
24,36000,10000,5.99
22,36000,10000,13.49
25,36000,10000,7.49
23,69500,16800,7.51
22,69500,6000,13.48
25,36000,10000,11.11
22,36000,10000,14.72
24,69504,10000,7.66
24,63508,2500,11.14
25,69570,1500,7.74
24,63582,14000,13.85
23,69600,1925,9.91
21,36000,10000,10.62
22,36000,10000,13.48
25,69600,7000,11.49
23,69600,1200,6.99
21,36000,10000,13.22
26,69600,5000,11.66
21,36000,10000,11.48
22,36000,10000,11.14
23,69743,1000,14.11
23,30000,10000,15.31
23,36000,10000,8.59
23,30000,10000,16.0
22,69867,13000,11.14
25,69900,5050,5.42
26,69912,8000,6.99
23,69935,7200,7.49
22,69950,9750,14.65
24,36000,10000,11.46
22,36396,10000,5.42
22,30400,10000,12.8
22,30712,10000,15.65
26,69996,14000,13.49
22,36996,10000,7.51
22,69996,10000,10.0
23,37000,10000,13.23
23,69996,12000,11.11
22,37000,10000,8.59
23,69996,3000,6.39
22,37200,10000,6.92
24,37200,10000,12.92
25,37500,10000,15.96
26,37500,10000,14.91
26,37500,10000,8.94
23,31800,10000,15.33
24,69996,3000,6.39
22,38000,10000,13.49
25,69996,25000,10.62
25,32000,10000,12.99
23,38000,10000,10.99
22,69996,8000,12.84
25,38000,10000,7.49
23,69996,4000,8.0
26,38000,10000,7.66
23,38000,10000,7.51
23,69996,15000,13.47
22,69996,15000,12.21
24,69996,5000,10.2
21,38000,10000,12.18
23,70000,10000,6.62
26,70000,20000,14.27
22,38004,10000,10.74
22,38004,10000,10.37
22,38004,10000,10.75
26,38004,10000,13.48
25,32200,10000,16.77
24,38244,10000,7.88
23,70000,24000,8.9
23,32400,10000,8.49
21,38400,10000,7.66
24,38400,10000,10.38
24,64000,16000,14.65
21,32400,10000,13.23
22,70000,8000,13.49
23,70000,3500,6.03
22,70000,6000,6.03
23,70000,2000,13.49
26,38832,10000,10.37
22,33000,10000,12.42
25,70000,11300,14.65
25,33000,10000,15.96
24,64000,6100,18.64
25,70000,1000,12.69
25,70000,15600,11.71
24,70000,7750,6.62
26,64000,9000,18.64
22,70000,5000,6.03
26,70000,35000,7.9
25,39500,10000,5.99
22,39580,10000,9.99
22,39600,10000,11.71
22,33948,10000,8.32
26,70000,10000,12.42
25,39996,10000,10.99
24,64000,4000,20.89
21,39996,10000,8.59
22,70000,2000,7.9
24,70000,10000,13.49
21,40000,10000,11.71
24,70000,17000,7.51
22,64000,14400,11.71
22,40000,10000,14.27
24,70000,5000,6.03
21,70000,7000,6.03
23,70000,13000,5.42
24,34000,10000,12.69
23,40000,10000,7.9
25,34000,10000,6.62
24,70000,7000,9.99
26,40000,10000,16.89
23,54400,12000,15.62
24,40000,10000,11.99
24,64000,14500,5.42
25,70000,14000,5.42
25,70000,4800,6.99
24,40000,10000,8.49
22,70000,9750,8.49
22,34000,10000,15.28
23,70000,15000,8.49
22,40000,10000,10.37
24,40000,10000,5.79
25,40000,10000,10.0
23,34000,10000,10.36
23,40000,10000,10.75
24,70000,6000,15.23
25,70000,8000,6.99
24,40000,10000,7.88
26,70000,4000,8.49
22,70000,4500,5.42
22,40000,10000,7.14
21,40000,10000,7.51
26,34000,10000,13.11
22,70000,8000,7.49
25,40000,10000,13.48
23,40000,10000,13.22
25,40000,10000,12.18
22,70000,6000,5.42
22,40000,10000,12.21
23,70000,25000,10.59
23,70000,10000,14.79
22,70000,2000,11.49
22,70000,6000,11.49
26,40000,10000,9.63
23,40000,10000,12.84
25,70000,4000,7.42
25,34000,10000,13.79
22,70000,8400,6.99
22,40000,10000,8.0
25,70000,10000,5.42
24,70000,21000,11.99
24,41000,10000,6.99
24,41004,10000,11.14
25,70000,20000,10.59
24,70000,1600,10.99
23,70000,3600,10.59
22,36000,10000,15.27
22,42000,10000,12.42
22,42000,10000,13.49
25,42000,10000,14.27
25,42000,10000,12.99
22,70000,10000,7.29
23,42000,10000,5.42
22,70000,2000,10.74
22,42000,10000,10.99
22,42000,10000,6.92
23,70000,3500,5.42
26,42000,10000,6.54
22,42000,10000,6.17
22,42000,10000,13.98
22,36000,10000,11.36
25,70000,6300,10.37
25,42000,10000,10.99
24,42000,10000,7.88
25,42910,10000,18.25
25,70000,12000,10.37
25,70000,4000,6.92
26,70000,8000,10.0
26,43000,10000,14.65
22,70000,8000,13.35
23,70000,3525,6.91
24,43000,10000,5.79
25,43000,10000,7.66
24,43000,10000,9.63
21,70000,6000,5.42
23,43000,10000,9.25
24,43000,10000,13.16
22,70000,10000,10.36
24,70000,25000,9.62
22,70000,8000,5.79
22,44000,10000,10.65
22,70000,21000,8.88
25,70000,12000,5.79
24,44000,10000,7.49
23,70000,20000,6.17
25,44000,10000,12.68
26,70000,3200,9.25
22,44000,10000,15.95
21,44000,10000,14.74
23,44160,10000,14.27
23,44796,10000,11.48
26,64000,7000,15.95
21,45000,10000,6.62
25,45000,10000,12.69
22,45000,10000,10.65
25,70000,8000,7.88
24,45000,10000,6.62
24,64000,5000,7.88
26,70000,4000,13.98
22,45000,10000,9.91
24,70000,6000,7.88
25,70000,12000,7.51
23,45000,10000,6.62
26,70000,3500,14.35
23,70000,16000,14.35
22,70000,13750,10.75
22,45000,10000,7.51
23,39000,10000,11.99
23,70000,4400,6.76
26,70000,8000,14.84
22,70000,16000,16.32
23,70000,5000,11.12
25,70000,8000,11.12
25,45000,10000,12.98
21,70000,9800,7.14
22,70000,8400,7.88
24,70000,8000,15.95
23,70000,6000,7.51
23,39000,10000,15.2
24,45000,10000,6.54
24,70000,12000,11.36
26,70000,2500,10.99
22,45000,10000,7.51
24,45000,10000,7.51
26,70000,5000,9.88
22,39000,10000,16.07
22,70000,6000,7.14
25,70000,12000,14.59
26,70000,4500,7.51
22,45000,10000,17.93
21,45000,10000,10.25
24,70000,16000,10.62
24,70000,25000,10.62
24,70000,12000,17.56
24,70000,4800,11.36
24,45000,10000,13.11
25,70000,12800,13.11
22,70000,11000,11.36
24,70000,6000,7.88
25,45000,10000,12.87
24,39000,10000,14.11
25,45000,10000,11.89
26,70000,7000,7.88
25,70000,14000,10.25
23,70000,3000,7.51
23,70000,10000,10.99
26,45000,10000,14.11
24,70000,15000,12.18
25,70000,5000,8.59
23,23000,4325,11.11
23,48000,4325,5.42
25,23000,4300,11.86
24,30000,4300,9.63
22,70000,12000,12.53
23,108000,4300,11.83
23,30000,4275,11.86
22,27500,4250,10.99
25,70000,16000,12.18
24,35000,4250,6.99
24,70000,24250,12.18
22,50000,4250,12.69
23,70000,15000,11.14
26,70000,12000,8.94
26,48000,4225,9.83
22,70000,25000,15.31
22,70000,15000,13.92
22,45500,10000,5.99
26,70000,7000,14.26
24,39600,10000,10.36
24,70000,9000,11.83
24,70000,10000,7.74
22,45600,10000,14.61
23,45756,10000,7.29
26,70000,5400,12.53
26,70000,12000,11.26
22,70000,15000,11.26
23,70000,20000,12.21
23,70000,6000,13.16
22,70000,9600,15.37
22,46200,10000,7.29
24,46256,10000,11.48
23,46585,10000,13.57
23,70000,8400,8.0
22,70000,16000,16.63
22,70000,18000,14.42
21,30000,4200,6.92
25,30000,4200,12.23
24,70000,9000,9.63
22,30000,4200,15.31
24,70000,8950,11.89
25,31200,4200,8.9
22,31200,4200,13.57
26,34000,4200,16.82
24,70000,15000,11.46
26,34400,4200,8.9
24,70000,7500,8.32
22,29000,4200,6.62
21,29000,4200,15.62
24,35000,4200,10.37
21,36895,4200,9.32
26,64000,8000,12.17
25,36996,4200,11.11
24,38400,4200,6.76
21,40000,4200,7.51
25,40000,4200,9.63
24,70092,13950,11.14
23,41000,4200,14.54
23,70200,5000,7.14
24,42000,4200,7.9
25,70224,21000,13.22
23,70236,8700,13.47
22,36000,4200,9.91
25,36499,4200,10.99
22,70404,14075,14.74
24,47500,4200,8.9
23,70500,10500,13.92
26,48000,4200,6.92
23,70572,14500,5.99
22,70600,7450,13.06
26,55080,2500,7.66
26,70800,8500,6.54
26,70885,1000,6.39
24,55243,2900,9.62
26,53000,4200,14.22
25,71000,7200,6.62
23,55000,4200,9.91
23,71000,9600,7.51
25,65000,6000,8.9
26,71000,4400,5.42
23,71000,7500,9.99
22,71000,1500,15.23
23,54000,4200,10.99
26,71000,6000,15.62
24,71000,14000,10.99
23,61000,4200,6.03
23,71000,8500,5.79
23,62000,4200,5.42
25,63000,4200,14.22
24,71000,10000,10.36
24,71000,3500,11.49
26,65000,4200,7.29
23,60996,4200,15.58
22,55250,7400,14.84
26,69000,4200,6.62
24,71000,20000,11.36
22,71000,3200,7.4
22,72500,4200,11.71
21,30000,4150,6.76
23,100000,4150,10.65
25,22812,4125,14.54
23,20000,4100,13.49
22,30000,4100,14.26
23,71004,15000,13.47
22,38004,4100,11.49
23,42000,4100,7.88
26,71040,3000,5.79
26,71046,6500,10.99
22,48000,4100,11.99
26,57000,4100,10.59
22,71201,12000,11.71
26,70000,4075,5.42
24,14400,4050,6.91
26,50500,4050,7.88
25,71328,25000,14.96
25,82000,4050,9.99
23,25000,4025,9.91
24,54000,4025,6.76
24,71496,15000,15.95
26,71500,7500,10.99
21,12000,4000,10.65
25,71500,9250,12.53
24,12000,4000,13.8
21,71688,7500,13.17
26,71760,3000,19.91
26,46999,10000,10.99
26,47004,10000,15.05
24,72000,18000,7.9
21,48000,10000,6.03
23,72000,12000,16.29
23,48000,10000,15.62
22,48000,10000,13.49
25,72000,14000,12.42
25,42000,10000,13.8
24,72000,5000,6.03
22,72000,5000,12.69
25,42000,10000,14.91
23,48000,10000,7.29
23,72000,4200,12.42
25,72000,5000,6.03
21,48000,10000,5.79
23,48000,10000,9.25
23,72000,2400,12.69
23,42000,10000,15.58
24,72000,12000,6.03
26,72000,17000,10.65
24,56100,6000,11.71
22,72000,15000,7.9
25,72000,18000,20.89
25,48000,10000,11.86
25,72000,4800,10.65
24,48000,10000,14.22
24,72000,1000,15.23
24,72000,6000,7.49
26,72000,5000,8.49
26,48000,10000,8.94
21,72000,24000,7.49
26,48000,10000,12.21
23,48000,10000,12.84
22,42000,10000,16.32
23,72000,20000,7.49
23,48000,10000,13.79
23,66000,4000,15.62
23,56100,5650,10.99
22,48132,10000,11.71
25,72000,9000,15.62
23,42720,10000,16.89
22,48996,10000,12.87
22,43000,10000,16.77
22,72000,8400,5.42
24,49200,10000,13.49
24,72000,6000,13.49
24,43500,10000,13.62
24,72000,9000,7.49
26,49571,10000,13.11
26,72000,16000,10.59
22,49920,10000,11.14
24,72000,12000,5.42
24,72000,11200,7.29
22,50000,10000,11.71
26,72000,10500,15.28
23,50000,10000,7.51
25,72000,2100,7.66
25,72000,18000,7.66
24,72000,6000,16.77
23,50000,10000,9.91
25,72000,16000,17.14
21,50000,10000,11.71
21,50000,10000,6.03
24,50000,10000,7.51
24,50000,10000,14.27
22,72000,16000,10.37
24,50000,10000,11.71
26,50000,10000,8.49
21,50000,10000,6.99
24,50000,10000,7.49
22,50000,10000,12.99
25,50000,10000,7.49
22,50000,10000,10.99
22,50000,10000,13.99
24,72000,10000,12.98
22,72000,5000,6.54
21,72000,2000,6.54
22,72000,10800,6.91
24,72000,5000,9.25
25,44000,10000,15.65
22,72000,3500,5.42
23,50000,10000,9.63
23,50000,10000,6.92
23,72000,7000,6.17
23,72000,6000,6.17
24,72000,6000,9.99
26,50000,10000,6.91
24,56100,4900,15.95
23,72000,5000,11.86
25,72000,15000,7.88
23,72000,8700,6.76
23,72000,8000,13.61
23,72000,9000,6.76
22,50000,10000,6.17
23,72000,6400,7.51
24,72000,8000,7.88
22,44000,10000,15.58
22,50000,10000,7.88
24,72000,18000,11.86
22,72000,15000,16.32
25,50000,10000,16.82
23,72000,11875,10.38
22,50000,10000,7.88
22,50000,10000,13.57
22,72000,12000,14.84
25,72000,6000,7.14
23,50000,10000,8.94
26,50000,10000,10.95
25,50000,10000,10.95
22,50000,10000,9.32
25,72000,10000,14.96
23,50004,10000,6.17
25,72000,3200,6.39
22,72000,8000,16.45
22,50004,10000,12.21
24,50004,10000,13.79
23,56100,18000,14.22
22,44307,10000,11.36
25,50500,10000,13.85
24,72000,16000,10.25
22,45000,10000,15.96
22,72000,15000,10.25
24,72000,8200,7.88
26,45000,10000,11.86
24,51000,10000,11.83
23,72000,16000,7.4
26,72000,10000,7.74
24,51160,10000,10.75
25,72000,20000,11.83
24,72000,20000,13.57
23,51400,10000,10.65
22,51600,10000,9.51
25,72000,5000,12.18
26,51996,10000,13.23
24,52000,10000,9.91
24,52000,10000,12.42
25,72000,25000,11.89
24,72000,8000,12.21
22,52000,10000,11.71
24,52000,10000,11.99
23,46000,10000,13.43
26,66000,15000,14.42
25,52000,10000,6.91
25,52000,10000,5.79
22,72000,15000,11.58
26,72000,4000,9.32
23,52000,10000,6.54
24,52000,10000,7.88
22,72000,25000,9.83
24,72000,5000,13.93
23,46000,10000,12.61
23,46500,10000,14.26
22,72060,5500,11.71
22,53000,10000,9.99
21,53000,10000,7.51
21,53000,10000,10.62
24,72100,16000,10.25
26,53000,10000,8.59
22,72204,18000,12.53
21,72252,8000,6.99
25,53004,10000,9.32
24,47292,10000,16.32
22,53500,10000,9.99
23,56403,30000,16.49
24,72400,35000,13.99
24,72400,25000,17.99
25,72400,8000,17.39
24,72444,25000,10.74
21,47520,10000,15.33
22,54000,10000,6.62
26,54000,10000,7.9
22,48000,10000,17.99
22,72500,13200,7.29
23,66500,22000,8.88
24,54000,10000,13.35
25,54000,10000,11.46
26,54316,10000,11.86
24,54480,10000,11.89
26,72600,4500,7.74
24,54996,10000,12.99
25,48996,10000,14.54
23,54996,10000,7.51
24,72800,2300,10.62
25,66800,12000,9.63
24,72800,11200,13.79
25,72893,20000,13.22
25,72972,10000,12.99
26,72996,15000,10.38
22,55000,10000,15.27
22,73000,22000,15.96
25,49000,10000,6.62
26,73000,10625,6.03
25,73000,6500,6.03
23,55000,10000,10.59
22,73000,7000,7.49
22,73000,7000,10.59
22,73000,12000,16.89
24,73000,10000,11.99
25,55000,10000,5.42
23,55000,10000,10.59
23,55000,10000,10.37
22,55000,10000,10.37
22,73000,5000,7.49
22,73000,17000,11.99
24,73000,10000,7.49
23,55000,10000,5.79
24,55000,10000,5.42
24,56950,4500,10.0
24,73000,6500,5.42
23,73000,7000,10.74
22,49000,10000,16.45
25,73000,3500,13.23
25,73000,9000,11.86
26,73000,14400,13.61
26,55000,10000,8.59
24,73000,8000,13.23
24,55000,10000,8.94
26,67000,5000,16.45
24,55008,10000,14.93
25,55016,10000,13.16
24,56000,10000,6.03
23,73000,7500,13.22
24,73000,14400,8.94
24,56000,10000,12.21
26,67000,6500,14.11
23,56004,10000,11.83
25,56950,25000,10.91
25,73163,25000,16.45
23,73164,1000,10.36
26,57000,10000,7.9
25,57000,10000,14.27
21,67400,20000,17.74
26,73440,35000,9.91
24,73440,7000,6.99
23,67476,25000,13.49
22,51000,10000,5.42
23,73500,10000,6.92
23,57000,10000,11.48
26,57600,10000,6.62
23,57600,10000,15.58
21,57996,10000,9.25
23,57996,10000,13.23
24,67524,10000,9.99
24,73600,24000,11.36
22,58000,10000,6.54
23,67700,15000,14.11
23,58000,10000,7.88
24,73909,3900,5.99
23,58216,10000,7.49
22,58608,10000,7.51
26,52800,10000,12.8
25,59000,10000,14.17
25,74000,12000,6.03
26,74000,10000,6.62
21,74000,25000,12.69
26,74000,1200,12.69
22,74000,2500,6.62
21,74000,15000,11.99
22,74000,4000,6.99
24,59600,10000,5.99
25,74000,16000,8.49
26,74000,4475,9.99
23,74000,15000,15.99
25,60000,10000,9.91
22,74000,10000,7.88
22,60000,10000,11.71
26,74000,3000,6.76
25,74000,10000,14.59
26,60000,10000,14.27
26,74000,1200,13.22
24,60000,10000,16.89
23,74000,20000,11.48
26,60000,10000,13.49
23,74000,12000,11.58
24,60000,10000,7.49
25,54000,10000,15.23
24,74000,5000,12.21
24,54000,10000,10.37
22,74004,3000,6.54
24,74004,5000,14.09
24,60000,10000,6.54
21,68100,17500,17.19
23,74196,17000,11.26
22,54000,10000,15.95
22,74263,11500,9.99
23,54000,10000,17.93
26,74400,15000,6.54
22,68400,10000,15.95
22,74500,8000,15.96
23,60000,10000,7.14
23,68500,9800,14.84
25,60000,10000,7.14
26,74500,8000,9.88
23,60000,10000,9.88
24,60000,10000,12.73
26,68551,4000,14.22
22,60000,10000,11.14
21,60000,10000,12.18
25,58313,5300,19.91
25,74678,4000,10.62
24,74700,12000,5.42
24,74700,19750,11.12
23,74758,11050,10.37
21,60000,10000,12.18
23,54000,10000,14.42
21,74880,8500,7.14
24,74900,18300,10.99
24,74900,3500,6.39
24,54000,10000,14.11
22,54000,10000,13.79
24,60000,10000,9.32
23,75000,31825,7.9
23,54000,10000,14.11
25,60000,10000,12.09
22,54000,10000,13.36
23,54000,10000,13.67
25,75000,4800,15.27
23,75000,24000,7.9
23,75000,5400,12.69
24,60629,10000,7.51
26,75000,5000,9.91
22,61500,10000,14.22
23,62000,10000,13.49
23,75000,10200,6.03
23,62000,10000,14.27
26,56000,10000,12.69
26,75000,6500,8.9
22,69000,15000,10.65
26,75000,10000,13.49
22,43200,4000,11.11
23,75000,5000,14.65
24,44000,4000,8.7
23,75000,12000,9.91
24,75000,11125,13.49
25,75000,8000,16.29
22,44700,4000,13.99
22,45000,4000,7.9
21,45000,4000,7.9
25,75000,24000,9.91
22,75000,14950,9.91
24,75000,16000,12.42
22,75000,15000,14.27
21,45000,4000,12.87
25,45000,4000,13.8
22,45000,4000,12.98
26,69000,14400,10.65
23,45000,4000,16.32
24,75000,7000,7.9
24,45000,4000,13.23
23,75000,14400,6.03
23,75000,14000,10.65
23,45000,4000,14.96
25,39000,4000,17.74
24,75000,8000,16.29
26,75000,9250,12.69
24,45000,4000,11.83
23,75000,21000,12.42
25,75000,12000,13.49
26,45000,4000,12.21
24,75000,15000,6.03
23,75000,12000,7.51
22,75000,14825,12.69
24,62000,10000,13.49
22,75000,8150,7.51
23,62000,10000,8.94
23,75000,16100,7.9
22,69000,17000,15.27
26,62000,10000,11.26
24,75000,16000,6.62
22,62364,10000,10.99
25,62366,10000,8.94
23,75000,5000,6.03
23,62400,10000,12.87
25,69000,4500,14.65
24,75000,12000,13.49
22,75000,28000,15.62
26,75000,15000,8.49
26,75000,7000,10.59
21,75000,7125,9.99
26,75000,7200,15.23
24,75000,8500,6.99
25,75000,11000,8.49
23,75000,4200,7.49
26,75000,6375,5.99
25,75000,15000,9.99
21,75000,14125,10.99
26,75000,4000,12.99
23,75000,7000,8.49
26,75000,12500,5.99
25,64800,10000,7.88
23,75000,5000,8.49
26,69000,6200,15.99
22,69000,10000,15.62
24,75000,11200,13.99
22,75000,11000,5.42
24,65000,10000,12.42
26,75000,7000,6.99
26,65000,10000,14.27
23,65000,10000,11.49
24,75000,8000,15.23
21,65000,10000,9.99
26,65000,10000,7.66
21,75000,9000,5.99
24,65000,10000,15.65
22,65000,10000,10.0
26,75000,13000,6.99
26,75000,3500,12.99
24,75000,7000,11.99
23,65000,10000,5.79
23,59000,10000,15.58
22,65000,10000,9.88
22,75000,9000,6.99
23,75000,4950,10.99
26,75000,10000,7.49
24,75000,19000,11.99
24,65000,10000,10.25
26,75000,29700,12.99
25,65000,10000,10.95
25,75000,1000,9.99
25,65000,10000,13.79
21,65000,10000,13.47
22,65000,10000,9.45
23,65488,10000,11.86
22,65496,10000,11.11
24,75000,3000,5.42
24,75000,12000,5.99
26,65520,10000,7.51
25,65900,10000,8.49
26,75000,5000,7.66
23,66000,10000,9.32
26,75000,12000,6.92
23,75000,10000,6.92
25,75000,10000,10.74
25,67000,10000,13.92
25,69000,15000,14.54
23,75000,12000,6.92
24,75000,12000,6.92
24,75000,3000,11.11
22,75000,10600,5.79
24,67000,10000,9.64
21,75000,5400,7.29
24,67600,10000,16.02
24,68000,10000,6.99
24,68000,10000,16.02
25,75000,12000,7.29
24,75000,25000,19.74
22,75000,9000,5.79
25,68000,10000,14.26
26,68000,10000,15.05
21,68400,10000,11.11
23,75000,10200,12.68
22,62496,10000,11.89
24,68750,10000,6.17
26,63000,10000,16.4
25,75000,6000,6.92
24,69600,10000,8.38
22,64000,10000,12.69
23,75000,12000,9.62
23,75000,6400,5.42
24,70000,10000,11.71
21,75000,8550,6.91
22,70000,10000,12.69
26,58650,14000,6.17
24,75000,12000,12.61
24,75000,6675,6.54
22,70000,10000,6.03
25,58650,5200,6.54
26,75000,4000,5.79
26,64000,10000,16.4
24,75000,11500,5.42
25,75000,20000,14.09
24,70000,10000,7.29
24,69000,25000,15.57
25,75000,1500,6.54
26,75000,9600,5.42
25,75000,9600,5.42
26,75000,15350,6.17
23,70000,10000,9.99
23,75000,8000,6.17
22,75000,25000,9.25
24,70000,10000,16.45
23,75000,7100,9.25
22,75000,18000,5.79
22,75000,19800,15.57
24,70000,10000,9.88
25,70000,10000,10.95
23,70000,10000,9.63
24,70000,10000,12.41
26,70000,10000,9.45
22,70800,10000,12.61
25,75000,3000,7.51
22,71000,10000,7.29
23,71496,10000,7.51
22,75000,9000,7.14
24,75000,12000,11.86
26,65600,10000,13.55
23,75000,15000,10.38
22,72000,10000,17.27
23,75000,5000,11.12
22,58650,9250,15.21
24,75000,1200,11.49
22,75000,15000,13.61
23,72000,10000,10.59
23,75000,17000,11.12
22,75000,16000,13.61
25,72000,10000,10.37
23,72000,10000,6.91
24,75000,5500,11.86
25,75000,12000,11.49
26,72000,10000,5.79
24,75000,15000,7.51
23,72000,10000,13.85
25,72345,10000,12.99
22,66500,10000,14.11
26,72500,10000,9.96
23,72858,10000,11.48
25,73000,10000,11.71
26,73000,10000,7.29
25,73000,10000,7.88
26,75000,6000,14.96
23,75000,6000,10.99
24,75000,25000,10.99
23,69000,15000,14.96
24,73000,10000,11.26
21,75000,20000,13.11
25,75000,20000,10.62
26,75000,10000,7.88
24,58650,10000,18.25
24,75000,10000,6.62
25,75000,8000,7.51
24,75000,10000,9.91
24,75000,5000,6.76
23,75000,11000,13.85
25,75000,5600,10.62
22,75000,10000,7.51
23,75000,12500,15.33
24,75000,8500,11.36
23,75000,10000,11.49
26,75000,21000,11.48
23,58650,5000,8.59
26,75000,10000,7.49
23,75000,8000,7.05
25,75000,10000,7.49
23,75000,20400,7.74
22,75000,24000,11.83
23,75000,5400,8.94
24,69000,10000,17.14
25,75000,8500,13.22
23,75000,4900,7.74
24,75000,9600,8.94
24,75000,12000,14.26
23,75000,8000,8.59
26,75000,10000,6.17
22,75000,10000,5.79
25,69000,10000,14.09
24,75000,25000,11.83
22,75000,10000,6.54
23,75000,7600,8.59
26,75000,10000,15.58
22,75000,5000,7.74
23,75000,10000,11.86
26,75000,10000,11.14
24,75000,2000,8.94
23,75000,10000,9.63
22,75000,6000,7.74
22,58650,25000,14.96
24,75000,16500,12.18
22,75000,10000,11.26
26,75000,8000,13.92
23,75000,10000,13.47
23,76000,10000,15.37
26,75000,10000,8.94
26,76250,10000,10.71
24,75000,9000,8.59
22,78000,10000,12.42
21,78000,10000,5.99
23,78000,10000,5.79
23,78204,10000,7.49
26,78513,10000,8.94
24,75000,10000,11.26
24,75000,15000,11.58
26,75000,3000,9.63
25,75000,6000,9.63
25,75000,15000,9.63
22,75000,5600,8.0
22,79000,10000,7.88
22,74000,10000,7.51
23,75000,3200,8.0
22,80000,10000,14.27
23,75000,3000,14.11
23,75000,16800,13.47
25,75000,5000,13.79
23,80000,10000,8.49
22,75000,8000,12.21
22,80000,10000,8.49
24,75000,15000,12.21
26,80000,10000,8.49
25,80000,10000,10.37
24,74000,10000,14.54
25,80000,10000,11.12
22,75000,4800,8.0
26,80000,10000,12.73
23,75000,15000,11.14
24,69000,4900,10.96
25,75000,7500,12.61
23,75000,6000,8.0
25,74000,10000,18.43
24,80000,10000,11.14
23,75000,19600,15.13
25,75000,10000,11.34
24,80004,10000,6.62
24,80004,10000,7.9
25,80004,10000,9.62
23,69000,2500,9.64
23,75000,12000,12.49
23,80038,10000,10.59
25,75181,6000,7.51
24,75200,6500,7.14
24,75360,7000,7.49
26,81996,10000,7.29
24,82632,10000,12.21
25,75500,7000,11.36
23,82650,10000,12.21
26,75555,10000,10.39
24,82800,10000,10.59
22,75600,10675,6.62
24,75600,7200,5.99
25,75600,15000,12.68
23,83000,10000,6.54
22,83200,10000,16.29
25,75600,14500,9.63
23,75689,25000,11.12
24,75744,15000,10.38
22,75744,6700,11.83
25,84000,10000,13.49
23,84000,10000,5.99
23,84000,10000,7.49
26,75873,1200,10.25
23,75885,3000,11.03
25,75912,22400,9.99
25,75996,10000,11.99
26,59497,7000,17.88
23,75996,15000,10.62
25,75996,9000,7.74
26,75996,8000,11.83
23,78996,10000,13.99
24,84996,10000,15.21
21,76000,14000,12.69
23,76000,3600,10.65
24,76000,6000,8.9
24,76000,12000,6.03
22,73000,10000,18.25
24,76000,13500,8.49
24,76000,13500,9.99
26,76000,5425,8.49
22,76000,24000,10.99
22,85000,10000,7.66
22,76000,15000,10.99
24,76000,20050,10.59
24,85000,10000,10.37
23,85000,10000,6.17
24,85000,10000,13.72
25,76000,14000,7.66
25,76000,6000,12.98
25,76000,20000,6.54
24,85000,10000,16.0
23,73000,10000,14.11
23,85000,10000,11.89
26,86000,10000,13.49
22,87000,10000,11.26
23,76000,18000,10.99
24,75996,10000,16.0
26,88000,10000,12.69
23,59500,20000,11.83
22,70000,25000,13.79
23,90000,10000,12.69
25,70000,15000,13.16
26,76160,7400,7.51
25,90000,10000,12.42
25,90000,10000,7.49
22,76296,18000,7.88
25,76300,3000,11.86
23,90000,10000,7.49
22,59813,20000,17.74
26,90000,10000,7.49
26,76486,6000,7.9
26,70500,14500,7.49
21,78000,10000,15.57
23,76500,4800,7.51
23,90000,10000,7.51
26,76596,24000,12.73
24,90000,10000,11.89
25,76700,14800,19.42
23,91000,10000,10.2
22,76800,6000,6.62
22,76800,12000,8.9
26,76800,12800,6.92
25,76800,6500,5.79
21,76800,8000,14.96
23,76800,10000,9.63
23,92000,10000,11.71
23,76896,25000,11.71
24,77000,12000,12.42
26,92652,10000,13.23
25,77000,12000,7.9
22,77000,12400,7.51
23,93000,10000,14.26
25,77000,9000,6.03
24,94000,10000,18.64
26,71000,6000,15.62
23,77000,3500,5.99
25,77000,3000,7.49
24,77000,4000,11.99
22,60350,35000,16.89
23,94000,10000,9.45
24,77000,3850,11.11
25,70550,10000,16.77
23,95000,10000,6.17
25,44966,10025,5.42
23,65400,10075,13.98
26,29136,10100,13.55
22,71000,3200,10.25
23,77000,10000,7.88
24,70000,10125,14.65
25,77000,8000,15.33
22,77000,21000,11.48
23,69000,10150,11.99
24,77000,14000,8.94
20,77000,6000,8.0
26,77000,5400,13.04
24,71000,5000,10.39
23,71000,20000,15.13
26,77004,6000,11.99
25,77004,15000,9.63
23,77004,12000,5.79
24,42000,10200,7.49
23,77004,6000,7.88
24,71004,5000,14.96
25,71004,2400,17.04
25,77004,16000,13.92
20,77052,24250,11.36
25,77078,3425,12.18
22,50004,10200,15.21
23,55000,10200,12.73
22,77237,5875,6.17
24,77237,15000,6.17
22,90000,10200,11.71
24,77350,4800,13.79
24,100000,10200,12.99
24,22000,11000,7.51
26,27000,11000,8.9
23,27000,11000,8.59
22,27300,11000,11.48
21,29000,11000,13.49
21,29004,11000,14.22
23,29472,11000,13.49
25,30720,11000,13.72
26,77604,6800,13.06
23,32000,11000,9.91
25,32000,11000,7.66
23,77705,4000,16.77
23,33000,11000,7.66
23,77927,15000,12.99
23,33600,11000,15.65
25,29000,11000,8.49
23,78000,2400,12.42
24,72000,14000,14.65
25,72000,10000,14.27
24,29000,11000,15.05
24,78000,4500,12.69
23,57000,11050,14.74
23,78000,10000,6.62
25,78000,8000,7.9
22,30000,11100,6.62
23,78000,5000,11.71
26,78000,7200,6.62
24,78000,5000,6.62
24,78000,8500,7.51
22,78000,1750,10.65
22,72000,8500,15.96
22,32244,11100,12.21
25,45000,11100,13.11
23,78000,15000,8.49
26,78000,3000,11.49
26,78000,8325,6.99
23,78000,6000,12.99
21,40000,12000,8.9
22,26000,11200,16.89
24,30852,11200,5.79
23,78000,4200,13.06
24,78000,20000,10.37
25,78000,8000,5.79
22,40000,5000,16.29
23,78000,4600,7.66
24,78000,3600,5.42
23,78000,12400,7.29
26,78000,12000,13.43
25,30840,11200,17.27
22,40000,11200,7.88
24,41600,11200,10.62
22,78000,12000,6.54
21,42000,11200,16.77
25,78000,10000,5.79
23,78000,6000,6.91
26,78000,1750,10.36
23,45000,11200,10.59
25,78000,14000,7.51
23,72000,12000,13.61
24,45000,11200,12.04
26,78000,2400,14.72
22,78000,15000,7.88
23,78000,25000,15.58
25,78000,2400,11.86
24,78000,9800,10.99
23,78000,1000,9.88
24,50000,11200,13.85
23,78000,6150,7.88
23,54000,11200,13.99
22,78000,18000,10.99
22,78000,7750,7.51
22,78000,16000,16.45
22,78000,16000,16.45
24,78000,14500,7.51
23,60000,11200,10.78
24,78000,25000,12.18
24,61000,11200,9.99
22,61200,11200,6.62
22,78000,4000,7.74
25,78000,14200,11.48
22,57800,11200,13.16
24,78000,8000,13.22
23,78000,16000,11.89
22,78000,9600,10.95
25,61200,20000,14.74
25,68000,11200,11.99
24,71000,11200,11.36
24,61200,13500,10.83
25,72000,11200,10.36
25,78000,25000,9.64
26,78402,11200,11.71
25,78200,6000,6.54
25,82000,11200,5.42
23,61455,15000,16.82
24,78386,4000,5.42
22,78400,5000,17.49
24,78400,17400,13.48
26,100016,11200,13.98
22,78413,17500,10.65
26,78420,8000,11.49
24,78500,6000,7.49
23,78500,7200,7.49
25,72500,16000,15.28
23,78500,4800,7.14
24,110000,11200,7.49
25,78500,16000,7.88
24,180000,11200,5.79
25,45000,11250,9.38
22,72644,5900,7.49
26,61754,10000,14.83
21,35000,11300,13.49
26,41892,11300,13.22
25,78720,10000,9.62
22,78792,5500,14.61
23,78885,20000,12.42
26,78948,17500,11.83
22,45000,11300,13.48
22,78996,10000,11.11
23,71000,11300,7.49
21,29000,11325,9.91
22,79000,10375,6.62
23,79000,17825,6.62
25,36000,11325,12.69
24,79000,8000,5.99
25,30000,11400,7.51
26,41500,11400,7.66
25,79000,14000,6.92
22,79000,35000,13.8
22,50000,11400,17.58
23,60000,11400,15.23
25,79000,10000,5.79
25,79000,20000,6.91
22,62050,2000,13.35
24,65000,11400,11.89
24,73000,11400,14.84
25,79000,9000,6.76
25,62050,18300,10.62
22,79000,10000,10.99
23,79000,3200,7.88
23,107806,11425,10.37
23,79000,16000,12.73
22,79000,11000,13.11
26,79000,14000,13.57
25,79000,14500,11.48
25,79000,15000,13.79
25,79000,7500,10.01
23,79100,3300,5.42
24,24000,11500,7.51
26,79200,6075,6.03
24,79200,3800,6.62
23,79200,5000,5.42
23,79200,8000,7.88
22,79200,4750,10.25
26,79380,10000,12.23
24,79400,12000,9.88
25,62393,20000,15.05
26,79500,6000,11.36
26,79560,8000,12.53
26,34100,11500,6.62
22,79618,7000,7.74
21,34500,11500,15.31
24,79632,7200,14.17
26,79700,7200,9.99
24,79768,12000,13.49
23,40000,13000,7.29
25,79992,10000,6.03
23,34000,11500,11.49
23,79996,24000,16.32
23,40000,3000,7.66
26,74000,15000,9.91
26,41784,11500,10.95
26,80000,12000,16.29
24,42000,11500,7.88
25,80000,4000,19.03
25,80000,6000,7.9
25,42000,11500,13.79
26,45760,11500,11.78
25,45996,11500,12.53
23,80000,15000,12.42
26,62900,11000,7.9
26,57000,11500,7.51
25,80000,25000,13.49
22,40000,8000,5.79
24,62500,11500,5.79
23,80000,24000,11.71
24,80000,18000,7.9
24,63000,11500,14.79
23,70000,11500,11.86
24,80000,10000,8.9
24,74000,11500,10.74
25,80000,4000,6.62
24,80000,12000,6.62
26,79000,11500,11.99
25,74000,18000,7.9
24,125000,11500,10.38
24,41000,11525,12.99
25,77954,11550,16.77
22,80000,9500,11.71
26,70000,11600,6.99
26,80000,4200,14.27
26,71000,11600,10.99
23,40000,11650,11.99
22,80000,16000,12.42
23,57996,11650,13.47
26,30000,11700,11.71
24,80000,7000,14.65
25,80000,6000,6.03
25,80000,4900,15.27
26,80000,7000,6.03
22,74000,4000,7.51
25,80000,18200,7.9
22,66000,11750,17.14
25,80000,5000,7.51
22,44400,11775,13.49
22,35000,11800,10.95
24,40000,11800,6.92
25,80000,3000,6.03
23,42000,11800,12.69
26,76000,11800,13.11
22,94000,11800,13.99
23,80000,7000,16.29
22,42500,11850,14.11
25,50000,11875,10.65
23,35000,11900,7.66
25,80000,11000,6.62
23,80000,22000,10.65
23,80000,2000,7.9
24,80000,2000,15.27
25,20000,12000,8.07
25,80000,12000,5.99
24,80000,2200,13.49
22,24000,12000,14.79
24,24000,12000,10.36
25,24000,12000,12.17
24,80000,5000,6.99
22,24996,12000,9.63
24,26000,12000,7.9
25,26000,12000,11.99
25,80000,14000,15.62
24,26000,12000,14.26
24,80000,5550,8.49
21,80000,12000,5.99
24,80000,2500,11.49
23,28000,12000,14.27
24,80000,3000,6.99
22,80000,16000,11.99
24,29000,12000,15.05
23,80000,9000,7.49
23,80000,8000,10.99
24,29435,12000,7.66
22,30000,12000,10.99
24,80000,5000,15.62
21,30000,12000,5.79
24,30000,12000,6.91
25,80000,2700,10.59
24,80000,12000,7.49
23,80000,4000,15.23
22,30000,12000,13.72
23,80000,5500,5.42
22,30000,12000,14.46
24,80000,12000,13.99
22,30000,12000,10.62
23,80000,4000,5.99
24,30000,12000,11.48
25,30000,12000,11.48
22,30000,12000,9.32
22,80000,4800,10.99
25,80000,10000,7.49
23,80000,6000,5.99
26,80000,10800,11.99
21,80000,5000,12.99
22,31000,12000,10.25
25,80000,20000,15.62
24,74000,35000,20.11
25,80000,10250,5.42
22,31200,12000,10.39
22,80000,1500,10.37
26,74000,24000,10.74
24,32000,12000,7.51
22,74000,19000,20.48
23,80000,4800,7.29
24,32000,12000,7.29
24,32000,12000,13.85
26,74000,16800,16.4
24,32000,12000,12.87
26,32000,12000,8.94
25,80000,14625,12.68
22,32500,12000,11.49
23,33000,12000,8.49
25,80000,12000,10.0
22,33504,12000,13.98
24,80000,25000,14.46
23,33504,12000,13.11
22,33600,12000,9.91
21,33600,12000,11.12
26,80000,6300,5.79
24,34000,12000,11.71
24,80000,20000,6.54
23,80000,9000,9.62
25,80000,13000,6.54
26,34000,12000,14.96
24,80000,16000,6.17
25,80000,12000,6.91
26,80000,18000,5.79
23,34000,12000,12.84
25,80000,18000,5.79
26,80000,2000,6.91
25,80000,3000,6.17
25,80000,25000,10.36
25,80000,10000,5.79
24,34132,12000,10.62
22,40000,6000,8.0
26,34138,12000,10.39
22,34500,12000,14.84
24,34500,12000,10.38
23,80000,25000,9.99
25,80000,15000,12.61
24,80000,16000,7.88
22,80000,2000,14.72
25,40000,6000,13.47
21,40000,15000,13.16
22,35000,12000,11.71
23,35000,12000,10.0
24,35000,12000,6.54
26,35000,12000,10.91
23,80000,8000,15.58
24,80000,24000,14.35
26,80000,4900,6.76
25,29004,12000,12.84
24,35400,12000,7.29
25,80000,10000,14.72
24,40000,2000,12.53
25,36000,12000,9.91
26,30000,12000,11.11
23,80000,4000,7.51
24,80000,18000,7.51
23,40000,6400,8.32
24,36000,12000,8.88
26,80000,7000,7.51
22,36000,12000,11.49
23,80000,11000,12.73
25,62900,8825,15.7
21,36780,12000,11.49
25,31008,12000,13.79
24,80000,18000,10.62
23,80000,12000,13.48
24,80000,12000,13.48
22,80000,10000,7.14
23,80000,15000,9.88
26,80000,15000,16.07
25,80000,12000,7.88
22,31200,12000,10.99
22,80000,5000,11.36
25,80000,8500,7.51
22,37392,12000,10.62
26,80000,25000,10.62
22,80000,5000,7.14
26,80000,5000,14.96
23,80000,20000,14.96
23,38000,12000,11.71
22,62900,12000,16.35
23,80000,6000,19.13
22,74000,10000,11.83
21,38000,12000,10.37
24,38000,12000,13.23
23,80000,10000,7.74
24,38000,12000,11.89
22,80000,6000,7.4
24,38000,12000,11.34
25,80000,6000,7.74
24,38001,12000,6.17
25,80000,25000,15.31
24,80000,6000,8.59
25,80000,25000,11.48
22,38004,12000,10.75
25,32004,12000,14.96
24,80000,5500,8.94
26,80000,15000,12.53
25,38340,12000,11.71
23,80000,8500,11.14
23,74000,25000,12.18
26,38400,12000,8.9
26,80000,7000,13.22
25,80000,22000,11.48
25,39996,12000,8.94
26,38400,12000,5.99
25,38599,12000,10.38
22,80000,15000,11.48
23,39000,12000,10.99
22,39000,12000,11.11
26,80000,3000,8.0
23,39000,12000,10.83
24,39996,3000,7.37
25,39600,12000,10.99
23,80000,8000,15.68
25,39779,12000,5.79
23,80000,17000,12.21
22,74000,15000,15.05
21,39900,12000,7.9
25,39900,12000,9.88
26,74000,7500,10.08
24,80000,7500,8.63
24,39996,12000,12.69
22,80000,10000,8.32
23,39996,12000,9.63
24,80000,20000,9.51
22,74000,25000,14.38
24,40000,12000,13.49
24,80004,2425,15.27
25,80004,3600,7.49
24,80004,6000,6.17
24,74004,25000,15.57
26,40000,12000,9.99
24,80004,25000,10.36
26,40000,12000,7.51
26,80004,15000,11.86
22,40000,12000,10.99
26,40000,12000,7.88
23,80004,19000,10.62
22,40000,12000,13.22
26,80004,6000,8.0
23,40000,12000,12.18
26,40000,12000,11.58
22,40000,12000,11.89
24,80004,6000,8.63
23,40100,12000,9.91
22,80070,27525,10.74
25,80140,11300,10.37
23,80196,30000,9.91
25,80208,4000,5.42
22,40320,12000,14.27
22,80340,7000,7.14
25,41000,12000,11.71
25,80400,1000,5.42
25,80400,25000,17.49
24,80400,12000,5.79
24,36000,12000,9.91
23,42000,12000,13.49
25,42000,12000,7.9
22,74476,5000,8.49
26,80500,24000,17.58
23,42000,12000,10.65
26,42000,12000,8.49
26,80500,11000,12.53
22,74500,7500,13.17
24,74600,20000,17.51
24,42000,12000,7.66
24,80689,16000,13.22
26,80730,9600,7.29
21,42000,12000,13.23
23,80832,15000,15.65
22,81000,9100,12.42
25,42500,12000,12.69
26,81000,10750,8.49
23,42500,12000,13.35
24,42500,12000,11.36
25,42900,12000,8.9
25,43000,12000,13.16
22,75000,25000,15.57
23,81000,10000,8.88
26,81000,5000,10.75
22,81000,6600,7.88
24,43200,12000,10.36
24,81000,20000,11.49
26,43680,12000,10.37
22,81000,24000,9.88
25,44004,12000,16.45
22,44160,12000,13.24
23,44400,12000,14.79
22,81000,10000,15.31
22,44412,12000,13.11
24,81000,15000,12.18
25,81000,5200,10.95
21,81000,8400,12.53
23,45000,12000,12.69
23,81120,15000,10.25
25,39000,4400,14.84
22,45000,12000,6.62
26,81204,9100,10.95
26,81360,6000,7.9
25,39000,3600,11.86
25,39000,8500,14.35
23,81500,15000,10.0
22,81500,7575,6.54
22,81500,20000,6.54
23,39000,3000,10.62
23,81504,2400,6.92
26,81600,7200,11.99
23,81600,9000,7.49
21,81600,14400,6.92
25,81600,13000,13.23
22,81600,1300,6.39
24,45000,12000,10.99
25,81600,20000,12.18
23,45000,12000,5.79
25,45000,12000,7.66
22,81800,2500,6.39
25,45000,12000,9.62
23,45000,12000,11.83
22,81996,7000,14.72
24,81996,14000,7.88
21,45000,12000,11.97
26,82000,7000,12.42
24,82000,25000,15.27
21,45176,12000,11.49
24,45204,12000,7.51
25,45600,12000,13.23
21,39760,12000,16.07
26,45806,12000,14.84
26,45900,12000,10.39
26,82000,1000,14.27
26,82000,19075,7.9
23,82000,5000,16.77
24,45996,12000,15.68
22,46000,12000,11.71
25,46000,12000,5.42
26,82000,3200,5.99
22,46000,12000,12.68
22,46000,12000,12.84
21,46800,12000,15.21
25,82000,15000,10.37
25,47000,12000,15.96
23,82000,9600,10.0
22,47000,12000,6.03
25,47000,12000,10.37
22,82000,10750,9.25
24,82000,8000,5.79
24,82000,20000,6.54
23,76000,6000,11.49
23,47840,12000,12.69
23,48000,12000,6.03
24,82000,6000,6.76
24,48000,12000,16.77
25,48000,12000,13.49
22,82000,20000,9.88
22,42000,12000,15.65
22,82000,10000,12.87
26,82000,20000,13.57
26,76000,7200,16.35
24,82000,14700,9.63
26,48000,12000,11.66
26,82000,4500,15.05
26,82000,5000,13.47
22,82000,8300,11.46
25,82000,10000,14.93
25,82000,7500,12.72
24,82000,7500,8.32
25,48074,12000,13.85
24,76000,7000,12.92
26,60000,12000,10.65
21,60000,12000,7.51
23,54000,12000,12.42
25,76248,9750,14.27
23,60000,12000,12.69
26,82305,18600,6.99
23,60000,12000,6.03
26,60000,12000,6.62
25,60000,12000,7.9
23,82500,5000,8.49
24,82500,10000,5.79
23,65025,16000,14.35
24,60000,12000,8.9
24,60000,12000,9.99
24,60000,12000,10.99
22,82500,14400,9.32
22,60000,12000,10.37
24,60000,12000,10.36
23,54000,12000,12.98
25,60000,12000,5.42
25,82729,4800,6.17
25,60000,12000,11.86
23,60000,12000,7.88
22,60000,12000,10.99
26,60000,12000,10.62
22,83000,5500,11.99
26,60000,12000,12.87
25,60000,12000,14.26
21,83000,14000,8.49
24,60000,12000,9.63
25,60000,12000,12.21
24,60000,12000,12.21
25,83000,13000,10.99
24,83000,10400,5.79
23,83000,20000,14.54
23,83000,10000,7.66
22,60000,12000,13.47
23,60000,12000,9.63
24,83000,15000,6.91
22,38272,4800,9.99
23,83000,1500,11.12
22,83000,25000,15.95
24,60500,12000,16.49
26,83000,25000,10.99
21,83000,7000,12.73
26,83000,17000,10.25
21,83000,8500,8.0
25,77000,7200,18.53
26,65450,10800,12.21
25,61000,12000,7.29
23,23500,3000,13.23
23,83004,3500,12.61
22,83004,24000,7.88
25,83004,5000,6.76
24,83050,10000,13.49
24,38004,3000,13.35
23,83199,14400,5.42
23,83200,4000,7.49
26,24856,3000,9.32
23,77200,22000,13.23
21,24996,3000,11.49
22,25000,3000,12.69
25,83400,10000,13.11
25,25000,3000,11.12
22,38004,3000,12.92
26,83500,1600,6.76
26,83500,6500,8.59
26,83600,13600,7.66
22,83600,7500,13.11
24,25000,3000,10.95
24,25000,3000,8.32
26,83957,3000,8.94
26,25200,3000,14.35
25,84000,8500,6.62
23,84000,17500,8.9
23,84000,16000,6.03
25,84000,20000,15.27
26,84000,7500,12.69
22,84000,3900,11.71
25,26500,3000,10.62
23,26880,3000,12.23
23,84000,4200,5.42
24,27000,3000,11.14
25,84000,5000,10.99
21,27600,3000,11.49
21,84000,2500,9.99
25,84000,6500,10.99
23,84000,28000,8.49
22,28000,3000,10.59
24,28000,3000,10.25
23,28000,3000,10.25
23,84000,23000,11.99
24,84000,18000,9.99
22,84000,12000,11.99
25,28800,3000,12.42
22,84000,2825,5.99
26,84000,21000,13.49
25,28800,3000,11.12
23,84000,7000,6.92
25,29000,3000,20.25
22,84000,7200,5.79
22,84000,23000,12.68
23,30000,3000,12.69
25,30000,3000,11.71
26,30000,3000,13.49
25,84000,4200,9.25
24,84000,8000,7.51
22,84000,8000,7.88
26,62000,12000,12.69
22,84000,10000,10.38
22,84000,10000,7.88
25,84000,6000,10.62
25,66300,1700,6.76
23,62000,12000,5.79
23,84000,25000,10.25
25,84000,15000,7.88
25,62204,12000,14.11
25,84000,8500,11.83
25,62300,12000,7.9
23,84000,25000,12.53
21,84000,10000,12.53
24,84000,20000,11.83
23,78000,8000,12.87
23,62400,12000,7.29
23,62400,12000,6.91
26,84000,3000,9.63
26,84000,2150,13.47
24,84000,25000,11.26
26,62500,12000,12.23
22,84000,7500,8.63
24,63000,12000,10.65
23,84000,20000,12.61
26,84000,4925,9.96
25,63000,12000,14.26
26,84191,9000,6.62
21,84400,12000,8.94
21,63996,12000,13.79
23,84500,10000,7.51
24,38000,5000,12.53
23,64000,12000,13.16
23,84554,3600,6.03
26,64404,12000,11.89
22,78700,7000,7.68
26,64500,12000,10.99
24,64575,12000,7.29
24,65000,12000,8.9
21,65000,12000,11.71
24,38000,1000,10.08
26,84996,1500,12.23
24,84996,8000,15.57
23,84996,16750,14.35
24,59000,12000,15.28
22,65000,12000,8.94
22,84996,15000,11.48
23,84996,10000,10.95
22,59000,12000,17.58
23,84996,5000,10.95
21,65000,12000,14.3
22,65400,12000,13.06
23,66000,12000,14.65
24,62050,5600,14.65
26,66000,12000,11.83
25,67200,12000,13.49
26,68400,12000,7.29
25,85000,12000,14.65
22,68496,12000,15.31
25,62500,12000,16.77
21,69000,12000,7.88
24,85000,15000,7.9
22,85000,20000,13.49
24,69500,12000,10.65
26,85000,24000,8.9
24,85000,7000,12.69
24,85000,10000,6.62
22,69600,12000,7.29
23,85000,14000,16.29
21,37500,6000,11.49
24,70000,12000,10.65
25,70000,12000,8.9
23,70000,12000,7.9
23,85000,11000,14.27
25,70000,12000,11.99
26,70000,12000,5.99
23,85000,3000,6.03
26,70000,12000,6.99
21,70000,12000,6.99
22,70000,12000,7.29
25,70000,12000,10.37
26,85000,7200,8.9
22,73000,6000,13.49
24,85000,25600,12.69
23,85000,14000,6.03
25,70000,12000,12.18
22,64000,12000,12.87
26,85000,12000,14.27
25,85000,5500,13.49
26,85000,12000,6.62
24,70000,12000,11.58
25,70000,12000,13.55
23,85000,24000,7.49
24,71151,12000,6.62
24,85000,10000,12.99
26,85000,4650,13.49
24,85000,7500,13.99
21,37200,7000,8.49
24,72000,12000,13.99
22,72000,12000,12.99
24,85000,12000,5.99
26,85000,11600,5.42
23,85000,10000,10.99
22,85000,10000,5.99
23,85000,21400,13.49
22,72000,12000,10.99
25,66000,12000,16.89
25,85000,2800,7.49
24,85000,27500,11.99
22,85000,10000,13.99
23,72000,12000,9.99
26,85000,11000,11.99
24,72000,12000,7.88
25,85000,24000,10.99
26,85000,4650,8.49
22,85000,12000,11.99
21,72100,12000,5.79
25,85000,16000,10.99
23,72324,12000,10.99
25,85000,1500,13.06
24,85000,10000,10.0
23,85000,7200,6.92
25,73000,12000,7.49
24,85000,6250,14.91
25,57424,12000,15.31
26,85000,20000,10.37
25,74000,12000,7.88
23,85000,4000,5.79
24,85000,10400,5.79
25,85000,7350,5.79
24,85000,9600,10.37
26,41000,3000,12.42
26,85000,2200,13.43
23,85000,15000,10.0
26,73000,14400,13.8
23,85000,5000,5.42
23,41000,3000,11.03
24,85000,20000,11.11
22,85000,7000,6.91
26,73000,10000,14.09
22,85000,12800,6.54
26,41004,3000,11.14
22,42000,3000,12.69
24,73000,25000,16.32
23,85000,25000,10.36
23,42000,3000,6.62
25,85000,4000,6.54
24,85000,1000,9.99
25,85000,14000,5.79
24,85000,25000,10.36
22,36000,3000,11.49
23,85000,10000,10.36
21,37000,9250,12.23
23,85000,7000,9.25
26,85000,4000,9.25
22,85000,12000,6.91
22,85000,5000,12.61
22,42000,3000,11.49
22,36000,3000,10.37
24,85000,22000,6.54
23,37000,1125,5.79
25,85000,5000,6.17
23,85000,9600,13.61
21,37000,7200,13.61
25,62050,5400,15.21
24,85000,12000,7.88
22,85000,6000,7.88
23,85000,25000,10.75
25,37000,9000,10.25
24,85000,2500,10.38
23,85000,5000,14.35
23,42000,3000,17.93
24,42000,3000,12.73
24,85000,7750,11.12
25,85000,4000,7.88
24,85000,12000,7.51
26,42000,3000,11.83
25,85000,9600,13.85
23,85000,4000,6.76
26,85000,15000,12.73
25,85000,18000,9.88
23,85000,8000,7.14
26,85000,15000,7.88
21,85000,25000,10.99
23,36000,3000,12.29
22,42224,3000,13.48
23,85000,15000,15.33
25,42264,3000,10.71
24,36708,3000,15.33
24,85000,15000,9.88
23,74000,12000,12.53
25,68500,12000,13.16
25,85000,7200,13.57
22,85000,11700,8.59
23,74706,12000,11.58
22,85000,18000,12.18
23,75000,12000,14.27
26,85000,10000,12.18
23,75000,12000,6.03
22,75000,12000,13.49
24,75000,12000,6.62
22,75000,12000,11.49
24,85000,4400,7.4
26,85000,8000,11.14
22,75000,12000,10.74
26,75000,12000,10.37
23,69000,12000,12.68
25,85000,20000,13.92
24,85000,12000,11.14
23,85000,20000,13.22
21,36662,18000,10.25
23,75000,12000,12.98
26,75000,12000,10.38
23,73000,25000,17.9
25,85000,1000,9.32
23,75000,12000,12.53
22,62050,6000,14.74
24,69000,12000,10.2
21,75000,12000,12.09
23,85000,15000,12.84
22,76000,12000,7.9
22,85000,25000,12.53
26,77000,12000,11.71
24,73000,9325,12.53
25,85000,5000,13.79
24,77000,12000,11.49
26,78000,12000,7.14
25,78000,12000,12.53
25,78500,12000,10.99
26,85000,4800,11.59
25,85000,7500,11.03
23,85000,7000,8.63
23,73500,12000,12.99
24,80000,12000,9.91
23,85000,9000,12.36
25,73000,20000,13.12
23,85000,5275,7.43
24,80000,12000,12.69
26,73008,15000,15.68
25,85100,4500,6.39
26,85200,8000,6.03
22,80000,12000,11.71
25,73248,12000,11.11
21,36184,12000,9.99
23,80000,12000,12.42
23,80000,12000,6.62
25,80000,12000,12.99
24,62900,12000,15.62
23,80000,12000,10.59
24,85500,20675,10.0
24,85500,12000,11.49
23,85596,6000,10.0
24,80000,12000,13.61
20,85920,12000,8.49
23,62900,12000,14.96
26,80000,12000,11.83
22,86000,24000,7.51
23,86000,15000,6.03
22,80000,12000,13.47
25,74000,12000,14.11
23,86000,21000,8.9
24,80004,12000,7.29
25,80004,12000,10.36
22,86000,10000,11.49
23,80800,12000,8.9
23,81000,12000,16.29
25,86000,13000,8.49
24,36000,5000,13.49
25,86000,8000,7.29
21,82000,12000,15.21
22,82000,12000,13.55
24,86000,15000,5.79
26,86000,5000,11.12
24,86000,16000,11.12
25,82560,12000,10.99
26,86000,9250,11.12
26,82700,12000,6.91
23,83000,12000,7.51
22,86000,25000,11.83
22,86000,10000,8.94
26,86000,16000,14.26
22,83000,12000,11.71
26,83000,12000,9.99
24,62900,14000,17.58
23,86000,16000,12.21
24,83004,12000,13.23
24,86000,15000,13.16
25,62903,3000,10.65
24,74004,8000,15.21
24,84000,12000,6.91
23,78000,12000,14.96
23,86250,20000,6.91
24,86376,20000,7.29
22,78996,12000,15.95
25,85000,12000,12.42
23,74400,9000,7.66
24,86400,12200,7.29
22,86400,24000,13.85
23,86400,16000,11.86
23,86500,14000,7.29
26,86604,4300,7.66
24,86610,8750,12.72
23,86670,20000,12.53
23,86748,10000,8.49
23,63719,3500,7.9
24,87000,6000,10.65
24,87000,4000,6.03
23,85000,12000,10.37
23,87000,17000,7.51
22,75000,8000,15.99
23,87000,8000,5.99
22,87000,1750,7.49
23,75000,8000,7.49
26,87000,10000,9.99
22,87000,11200,8.49
22,85000,12000,12.84
23,85000,12000,9.63
23,85000,12000,13.16
22,87000,8000,5.79
21,85000,12000,11.97
23,87000,10000,7.29
24,86000,12000,10.65
24,87000,10000,10.36
26,86004,12000,12.99
25,87000,7000,7.51
23,87000,15000,14.35
24,87000,12000,8.88
24,87500,12000,12.68
23,87000,12000,12.73
26,88000,12000,12.42
22,87000,1500,10.99
26,87000,25000,12.73
26,87000,15000,10.62
24,87000,25000,10.99
24,87000,12000,8.59
22,36000,14500,10.99
23,87000,25000,14.96
23,63750,15000,12.87
25,87000,5500,14.61
22,87000,10000,8.59
25,87000,13000,11.26
26,87000,1000,11.89
22,87000,8000,12.21
24,36000,4000,13.06
24,90000,12000,9.91
23,87000,3500,9.32
26,87000,15000,14.74
23,87000,7500,11.28
23,90000,12000,8.9
23,87200,10000,6.92
24,87278,12000,5.42
26,87292,9600,5.99
26,87300,6000,10.28
22,90000,12000,12.42
23,36000,8000,15.65
25,78000,12000,14.09
22,90000,12000,5.79
24,87500,10000,6.17
21,87500,25000,13.98
23,87500,1600,9.88
26,87500,7500,15.05
24,87504,7000,8.88
21,87547,12000,5.99
24,87550,3600,11.86
24,87600,10000,13.49
24,87600,3000,5.99
23,87600,20000,13.35
24,87700,25000,10.25
26,87800,12000,5.79
24,87996,7000,11.99
26,87996,8000,6.91
22,90000,12000,8.94
25,90000,12000,11.48
22,88000,16000,11.71
24,88000,6000,9.91
26,90000,12000,9.38
23,88000,12475,6.03
23,88000,2700,7.9
23,88000,15000,12.42
23,91392,12000,5.42
24,88000,8000,5.99
25,92000,12000,13.43
24,92004,12000,14.46
24,92341,12000,7.51
22,88000,5000,11.11
26,92500,12000,11.71
23,88000,18150,12.68
24,88000,25000,14.54
26,88000,3800,6.54
24,94992,12000,11.89
23,83000,12000,17.27
26,88000,10000,7.88
23,95000,12000,11.71
23,88000,10000,7.51
26,95000,12000,10.65
26,95000,12000,8.49
23,95000,12000,9.63
23,88000,10000,8.94
24,95000,12000,7.88
22,88000,15000,11.83
25,88000,11000,11.14
22,70550,12000,15.68
25,96000,12000,9.99
25,96000,12000,11.99
23,88000,6625,11.22
22,96000,12000,13.61
25,88140,15000,13.49
26,88200,3000,10.59
22,88200,21000,6.17
22,88200,19000,14.61
23,76268,15000,11.89
23,88500,5000,13.99
23,88500,12000,7.51
24,100000,12000,7.9
26,88500,10000,8.59
25,100000,12000,9.91
22,88512,3000,5.79
24,88560,10000,11.49
22,88620,24000,6.62
25,88668,3000,6.62
23,76800,7200,20.89
26,88800,10000,11.36
25,76800,15000,14.96
22,88812,29000,15.65
22,88824,12600,7.66
26,88900,19200,14.65
26,88900,5000,11.83
24,65450,5000,16.77
24,89000,15000,17.58
23,100000,12000,13.57
23,88000,12000,14.61
25,89000,14000,7.49
25,78200,12000,16.4
22,89000,20000,10.99
26,104000,12000,12.21
25,77000,14500,15.95
26,89000,8000,10.99
23,105000,12000,12.61
24,89000,25000,13.11
25,93000,12000,13.12
24,110000,12000,7.9
22,89000,16000,13.22
25,110000,12000,12.23
26,110000,12000,7.88
26,89018,5800,11.97
21,111016,12000,13.11
26,112000,12000,13.49
23,89204,18000,7.9
24,113000,12000,7.49
22,89440,8000,5.79
26,115000,12000,10.99
24,115000,12000,6.54
22,119000,12000,10.36
23,120000,12000,11.71
25,89796,9000,11.11
22,89800,20000,12.53
24,78000,24000,15.96
25,120000,12000,9.01
25,123000,12000,9.63
25,123144,12000,10.75
23,90000,20000,14.65
26,125000,12000,6.99
25,36000,2400,12.21
22,36000,14000,11.26
23,113000,12000,15.28
26,90000,6000,9.91
24,66300,30000,19.42
23,36000,12000,12.53
25,90000,7750,7.51
23,90000,4000,10.65
25,90000,15000,12.42
23,127500,12000,10.37
23,90000,3600,12.69
22,90000,14300,6.03
26,78000,14000,9.91
24,90000,35000,10.65
25,36000,11200,9.76
25,90000,9500,11.71
26,130000,12000,14.22
25,90000,18000,9.91
26,136000,12000,14.72
22,78000,25000,16.77
23,140000,12000,11.12
22,36000,3250,7.75
25,90000,3600,7.9
24,90000,13000,12.42
26,150000,12000,7.9
24,90000,12000,7.51
23,90000,15000,6.03
24,125375,12000,14.27
24,90000,8000,9.91
24,35556,13000,5.79
22,90000,16000,6.03
23,170000,12000,11.11
25,90000,9000,12.69
24,90000,20000,7.9
25,66300,20000,15.27
26,90000,10000,6.62
25,225000,12000,16.49
23,90000,35000,8.9
24,90000,4300,7.9
21,90000,12000,6.03
23,35482,7000,14.74
23,90000,21000,12.42
22,35400,8000,6.03
26,90000,8000,5.42
22,90000,6400,5.99
24,90000,15000,9.99
22,36000,12200,11.49
25,90000,6000,6.99
21,82100,12200,6.03
23,24000,12250,13.16
23,25960,12250,10.37
26,90000,13000,10.59
24,26000,12250,11.49
24,90000,8000,12.99
24,28800,12250,9.99
23,90000,22000,6.99
23,90000,4900,6.99
22,90000,12000,10.99
21,30000,12250,14.59
22,30000,12250,13.67
25,90000,10000,5.42
25,90000,3000,11.49
21,29000,12250,13.61
24,90000,15000,8.49
25,90000,15000,8.49
23,90000,13675,7.49
24,36000,12250,11.49
24,90000,7000,10.99
23,36000,12250,10.74
25,78000,6000,15.62
22,44000,12250,15.99
25,90000,5600,9.99
24,50000,12250,14.72
25,45600,12250,14.84
23,60000,12250,10.59
23,90000,4000,5.42
24,61400,12250,12.23
26,90000,5175,11.99
24,30000,12300,10.74
23,90000,21000,7.49
25,90000,10000,15.28
24,90000,35000,12.68
25,90000,10000,10.0
24,90000,24000,13.06
26,42000,12375,7.51
25,42000,12375,7.29
25,80000,12375,10.91
23,90000,4800,10.36
22,56324,12400,10.74
25,36996,12450,16.32
23,31000,12500,10.65
25,90000,20000,6.54
26,90000,1000,6.17
24,90000,12000,13.35
23,66300,15000,14.83
24,90000,6000,5.79
25,36000,12500,11.72
24,32000,12500,12.87
23,90000,5000,5.42
26,40000,12500,6.92
22,30000,2800,6.54
22,90000,6000,9.25
23,90000,8500,5.79
23,90000,8000,10.36
25,90000,10000,12.61
22,33250,2800,15.62
22,90000,3500,9.25
24,33396,2800,16.0
22,35000,2800,10.37
21,37423,2800,7.88
26,39000,2800,10.0
22,40000,2800,7.49
22,40000,2800,7.49
24,40000,2800,10.25
25,90000,15000,13.61
24,40800,2800,6.99
24,90000,19750,13.61
25,90000,7500,6.76
26,36120,2800,13.35
25,37200,2800,16.29
25,90000,8500,15.21
24,90000,1700,10.75
25,44000,2800,6.92
22,90000,5000,10.75
22,45000,2800,13.49
22,90000,7000,7.14
22,46800,2800,10.37
22,90000,25000,12.73
26,35000,7500,7.9
22,90000,6400,9.88
26,90000,6500,7.14
24,50000,2800,5.79
25,90000,6000,7.14
24,90000,24000,17.56
24,44000,2800,14.17
26,50000,2800,13.61
23,50000,2800,11.86
22,90000,10000,7.88
26,52582,2800,13.47
21,48000,2800,8.9
22,56000,2800,15.31
23,74000,2800,15.21
23,78000,15000,15.31
24,86400,2800,14.65
21,35000,7200,15.23
25,90000,15000,12.18
23,123000,2800,13.49
25,90000,6000,7.74
24,78000,19500,15.31
22,35000,18500,7.49
23,18460,2775,7.68
23,16800,2750,16.77
25,78000,3000,11.48
25,78000,8000,16.0
26,90000,3200,13.22
22,90000,2500,13.22
23,60000,2750,15.23
23,90000,12000,12.18
25,90000,10000,8.0
24,31200,2725,10.74
22,90000,20000,11.26
21,90000,16000,11.26
23,90000,6000,11.89
21,15600,2700,20.62
24,90000,3000,13.79
23,90000,1500,12.84
23,90000,15000,16.32
26,78000,10000,9.63
25,90000,11000,9.32
23,24000,2700,10.75
25,78000,9000,11.78
24,90000,5000,8.0
23,26000,2700,7.29
24,90000,5000,11.34
25,90000,25000,10.39
26,30000,2700,10.75
22,31200,2700,6.91
26,90000,25000,11.09
25,35000,2700,7.88
26,90000,9500,8.07
25,90084,15000,7.88
23,90096,10150,11.97
22,78369,11000,17.99
24,90474,15000,10.38
25,51000,2700,9.7
25,46200,2700,15.96
22,90888,13200,14.79
24,98450,2700,13.49
24,90996,8400,10.99
21,90996,6000,9.99
24,90996,20000,16.32
26,18144,2675,9.91
24,90996,16000,7.88
23,40000,2675,8.07
23,91000,1000,11.71
24,91000,15000,6.03
24,91000,2400,9.91
24,91000,10000,10.99
23,91000,1500,14.54
21,22240,2650,9.88
23,79000,16000,14.09
23,91000,10000,16.32
23,46728,2650,10.59
22,91000,15000,7.88
23,91000,10000,13.61
24,79000,5000,15.33
23,91000,8000,17.19
21,91000,20000,10.62
24,91000,15000,7.88
22,20160,2600,6.92
21,35000,11000,7.88
24,21600,2600,19.29
24,91000,1000,7.68
26,67150,15000,14.11
21,27000,2600,13.22
24,91000,7000,8.0
24,91000,7500,10.39
23,91000,7500,11.97
23,91092,10000,13.43
25,79200,11200,14.79
21,35000,7000,14.59
25,35000,4000,13.11
23,91200,3000,8.88
22,91200,5000,11.48
25,91200,6000,7.68
24,79200,6500,11.78
24,91228,12000,7.49
22,91234,12000,11.83
23,35000,10000,10.25
22,35000,13200,13.48
22,48000,2600,11.12
21,91500,8000,13.61
23,74029,2600,15.27
25,100000,2600,7.9
26,35000,4175,7.74
26,67983,15000,16.49
23,92000,15000,9.91
23,92000,12000,6.62
23,10000,2500,14.59
23,92000,2400,12.69
23,92000,4800,7.49
22,35000,5000,11.14
24,92000,11000,10.99
26,92000,22500,10.99
23,41000,12500,13.57
21,42000,12500,8.94
26,68000,25000,15.65
23,92000,18000,12.68
24,92000,15000,11.11
25,36960,12500,14.61
22,13200,2500,9.91
24,92000,25000,17.93
26,14400,2500,13.47
24,92000,22000,10.99
23,15600,2500,10.65
24,92000,7200,9.88
23,68000,8000,15.33
23,92000,10000,16.7
23,92000,15600,16.35
23,92000,15000,11.26
23,92000,7000,13.47
25,92000,13000,11.26
26,92000,5600,11.46
22,92000,6000,12.22
23,92000,12950,9.96
25,17352,2500,12.53
21,18000,2500,7.88
26,80004,7500,15.23
22,18204,2500,11.89
23,92004,24250,11.12
22,18984,2500,14.22
26,92004,24250,14.72
25,80004,6000,8.0
25,20000,2500,15.7
21,20000,2500,13.79
25,37560,12500,18.62
26,92400,14500,7.88
24,80400,10000,11.66
25,45000,12500,10.37
23,46000,12500,11.11
26,46800,12500,11.86
21,49000,12500,7.49
26,44000,12500,22.11
22,50000,12500,7.29
25,92700,1500,14.65
22,92700,9250,7.9
24,50000,12500,7.88
26,92700,1500,9.63
23,92700,25000,10.99
24,34800,1700,10.38
22,34800,7350,14.22
23,92700,5000,8.94
26,92795,19000,10.37
26,34656,5500,7.51
25,93000,12000,16.77
25,93000,12000,6.62
24,54996,12500,12.87
23,93000,2000,7.9
26,51000,12500,14.18
22,93000,3600,7.9
26,93000,8000,6.99
26,93000,6000,10.99
25,93000,2000,15.23
24,34500,2000,11.71
23,81000,16000,11.99
22,60000,12500,10.59
24,60000,12500,11.49
23,60000,12500,10.25
25,60000,12500,11.89
24,54000,12500,14.5
22,62000,12500,7.29
22,63000,12500,10.25
22,65000,12500,6.91
26,93000,17500,7.51
23,65000,12500,11.48
23,93000,25000,12.73
25,93000,12000,7.88
23,93000,10000,9.88
21,93000,9800,12.73
24,70000,12500,7.88
25,80400,12500,9.38
23,84000,12500,6.54
24,73000,12500,6.0
26,95000,12500,12.61
24,93000,18000,11.78
23,93000,3000,7.12
25,93080,8450,13.49
24,110000,12500,9.62
25,93200,25000,15.58
22,93218,12000,11.49
22,93240,7000,9.63
26,93450,12000,11.26
22,30000,12600,11.99
25,42504,12600,11.26
25,93500,14000,12.23
26,93500,6250,14.83
24,47250,12600,11.83
22,74000,12600,10.65
22,110000,12600,10.75
22,190000,12600,6.92
22,93600,5000,9.99
21,93600,25000,10.36
25,69360,22000,19.79
25,93600,20000,10.62
23,23000,12700,14.27
22,81996,10000,11.46
22,52000,12750,18.25
25,94000,30000,10.65
23,94000,13000,6.03
22,94000,35000,15.23
24,32000,12800,12.42
23,38500,12800,8.9
26,94000,15000,6.17
24,94000,25000,11.49
22,40000,12800,8.9
23,40000,12800,16.0
26,42000,12800,10.59
22,44400,12800,12.73
26,94000,5000,7.68
22,42200,12800,15.21
23,46000,12800,19.41
26,52992,12800,5.42
22,94200,20000,8.88
23,94200,18000,6.54
25,94400,35000,7.49
26,94500,2000,5.42
25,94500,13500,10.0
23,58000,12800,12.42
23,60000,12800,10.59
22,94692,20000,11.49
26,60000,12800,12.84
23,94800,6000,14.27
26,94800,14000,6.03
23,82800,12000,9.76
23,94940,2000,5.42
23,94965,8000,13.22
25,94976,20000,10.74
23,64000,12800,14.35
23,95000,10000,9.91
23,95000,19000,7.51
21,71232,12800,14.96
23,95000,4400,7.9
23,70550,15000,8.9
23,95000,35000,7.9
24,78600,12800,14.11
25,103000,12800,15.7
24,95000,7450,12.69
22,95000,24000,7.9
22,95000,6400,7.9
24,95000,10000,10.65
24,95000,15000,12.69
26,95000,6600,7.51
22,31760,12875,12.53
26,95000,15000,15.96
21,44000,12875,15.31
22,95000,7200,11.49
22,50000,13000,12.42
23,95000,7200,14.79
23,44000,13000,18.39
22,50000,13000,12.23
22,33716,13750,6.92
26,95000,24000,10.99
23,44000,13000,17.26
23,95000,12000,11.99
26,50000,13000,12.09
26,95000,25000,16.89
24,45996,13000,13.47
24,83000,28000,16.49
24,95000,35000,11.99
25,52000,13000,15.31
25,95000,18000,10.99
22,95000,10400,5.42
22,52128,13000,8.94
23,95000,9950,8.49
22,48000,13000,7.88
22,95000,5000,10.59
25,95000,15000,11.49
24,95000,10000,15.23
26,54000,13000,17.93
22,95000,9000,8.49
25,55000,13000,7.51
23,95000,20000,14.17
23,83000,24175,11.11
26,95000,15000,10.37
24,56000,13000,11.83
24,95000,4800,13.43
23,95000,4500,6.92
26,95000,17000,15.65
25,95000,6800,9.63
22,60000,13000,9.99
21,33600,9600,13.98
24,95000,12000,10.36
22,95000,6875,6.54
22,60000,13000,8.94
25,62000,13000,6.91
24,33600,2500,6.39
22,95000,7200,12.23
21,33600,10000,7.88
26,95000,7275,6.91
22,64000,13000,14.11
24,95000,25000,16.32
21,33600,3000,11.83
24,65000,13000,13.49
23,95000,4000,7.88
22,95000,12000,7.51
24,95000,18000,7.88
25,95000,6500,7.14
23,60000,13000,7.66
24,67500,13000,13.98
26,95000,20000,14.96
26,95000,5000,9.88
24,95000,16000,15.33
23,95000,15000,12.73
24,95000,20000,10.62
24,95000,5000,7.88
23,69996,13000,11.58
22,95000,12000,10.99
23,95000,10900,7.74
24,70000,13000,7.9
26,95000,1000,8.94
23,95000,25000,18.78
24,70000,13000,10.0
23,95000,14400,11.83
23,83000,20000,11.83
23,83000,5000,14.61
24,75000,13000,10.99
21,83000,15000,12.84
23,95000,6000,7.68
25,95000,4000,8.0
23,75000,13000,6.91
21,33009,12000,11.48
23,33004,5000,8.59
25,75000,13000,11.48
22,95000,10000,9.07
24,95000,25000,10.08
25,83195,13000,11.71
24,84000,13000,11.83
25,95000,5000,7.43
25,95004,2800,9.91
23,86000,13000,10.62
21,83004,10000,15.28
24,95004,18000,13.35
25,87000,13000,7.29
26,95004,24250,8.88
24,95004,16000,5.79
23,90000,13000,12.73
25,95004,18000,7.51
23,95004,10000,7.51
22,95004,7200,10.95
24,90000,13000,8.94
25,95111,18000,14.72
24,83290,6000,9.32
23,95327,4325,7.74
21,95400,12000,5.42
26,95400,5000,12.68
26,69700,13000,14.42
24,110000,13000,8.9
26,110400,13000,7.9
24,95610,6000,10.99
23,95620,13500,14.96
24,90100,13000,12.69
23,120000,13000,11.71
26,108000,13000,15.99
24,83904,16000,16.07
25,96000,21000,14.65
24,96000,35000,7.9
25,96000,10925,12.69
22,71400,21600,15.27
22,96000,3000,7.9
22,96000,5500,12.69
25,96000,35000,18.25
22,96000,6000,13.49
23,96000,9000,6.62
25,96000,14000,6.03
23,96000,1500,6.62
26,96000,24000,19.42
25,57840,13600,9.99
24,96000,5000,8.9
25,96000,35000,7.49
25,68000,13600,10.0
22,70000,13600,7.29
24,96000,4800,11.99
26,96000,10000,5.42
22,70000,13600,12.21
25,73000,13600,11.99
23,78625,13600,9.88
25,96000,20000,6.99
23,96000,12000,7.49
24,96000,11000,5.99
23,85000,13600,6.03
24,96000,12000,5.42
25,33000,8000,10.38
23,96000,8000,13.49
24,96000,4200,5.99
23,96000,4000,5.42
23,96000,10000,7.49
22,96000,9000,7.49
25,33000,13650,16.35
21,33000,11000,13.11
24,33000,8000,14.26
21,33000,5000,14.61
25,84000,5000,16.02
26,96000,20000,11.11
23,96000,7000,5.79
26,96000,11625,10.0
26,96000,8000,7.29
22,96000,25000,13.8
23,96000,20000,11.11
23,33000,3600,11.58
25,45000,13650,18.79
25,96000,18250,11.11
25,71400,25000,14.09
26,96000,16000,5.79
21,30000,13750,15.05
25,35000,13750,7.51
25,84000,3500,14.84
22,96000,20000,7.88
26,32956,10000,8.49
22,53591,13750,14.96
23,96000,5000,10.38
21,32868,2500,13.61
23,32800,8000,7.29
22,96000,8000,7.88
24,96000,15000,7.51
22,32760,7000,11.78
23,96000,5000,7.51
24,32700,4200,7.29
24,96000,2000,10.38
24,79000,13800,8.49
25,80600,13800,11.99
25,96000,4000,9.88
24,105000,13800,7.66
22,96000,5000,10.99
26,96000,12000,13.11
23,96000,20000,10.99
23,32500,5000,13.99
26,96000,10000,10.99
22,71400,15000,14.96
26,71400,16500,16.45
26,117500,13800,7.49
24,32500,5600,14.42
26,96000,20000,16.7
25,96000,5000,11.83
25,76400,13900,10.62
21,96000,7000,12.53
24,96000,6000,13.92
26,42000,14000,6.92
26,42000,14000,9.45
22,96000,11400,13.04
25,84000,2125,15.01
24,42996,14000,7.51
23,96060,10000,5.42
24,96216,14400,7.88
26,96300,15000,6.17
22,96384,18000,10.25
25,96500,10000,6.17
26,96500,18000,7.51
24,96500,14000,17.19
26,96640,25000,11.58
25,96720,18000,7.9
25,39000,14000,16.49
24,96900,9300,6.17
23,97000,12000,9.91
24,97000,6400,15.96
26,97000,4000,6.62
23,72250,35000,15.99
22,97000,5000,6.99
22,46000,14000,8.49
23,97000,16000,6.62
24,40000,14000,15.58
24,97000,8000,11.11
23,46800,14000,10.37
23,97000,15000,9.63
24,97000,22000,12.68
23,97000,15000,16.4
24,46800,14000,7.88
22,97000,12975,6.91
26,97000,6000,13.61
23,97000,5000,7.51
24,97000,6800,13.61
23,42000,14000,16.89
25,97000,25000,14.59
22,97000,10000,13.57
23,97000,4000,16.32
26,44000,14000,14.83
22,97000,7500,11.34
24,97000,12000,10.28
26,97333,10000,5.99
24,50000,14000,9.88
24,50004,14000,12.21
25,85584,24000,17.19
23,97600,14500,7.51
25,97700,8000,7.49
24,97700,25000,11.12
26,97700,10400,9.32
23,97781,5575,6.54
23,97781,15000,6.54
23,52000,14000,6.91
23,32000,3500,15.27
22,85992,3500,14.74
24,98000,12000,6.03
23,52800,14000,14.27
24,98000,10000,11.71
24,98000,10000,6.62
21,53000,14000,14.65
25,98000,2000,5.42
24,98000,12000,7.49
22,32000,3000,6.99
26,98000,12000,8.49
23,98000,10000,18.07
21,98000,6000,10.59
24,98000,6500,11.11
25,54000,14000,10.99
25,86000,5000,10.36
22,54000,14000,7.14
22,98000,25000,14.46
22,48000,14000,13.92
22,86000,18000,13.48
26,98000,14000,7.88
24,86000,20000,10.99
25,55000,14000,6.62
26,55000,14000,9.99
23,98000,10000,8.94
24,98000,25000,11.83
23,86000,4800,16.0
23,98000,14500,8.94
23,32000,7500,12.98
25,98000,1000,11.14
23,98000,20000,13.57
25,98000,6400,9.63
25,98000,2000,7.37
22,98004,16000,7.66
25,86004,15000,6.91
23,55000,14000,11.66
21,55260,14000,6.54
23,73185,7000,9.63
21,98132,15000,11.36
21,98280,10000,6.62
23,98280,9400,6.62
23,98400,9000,6.62
26,98400,8450,6.99
22,55992,14000,12.21
24,98400,8000,12.68
23,98400,10000,11.14
22,56000,14000,14.35
23,32000,6500,8.59
24,98518,10000,8.59
25,56004,14000,6.92
26,98700,9600,13.06
24,56004,14000,12.61
23,98800,1000,11.49
22,99000,18000,8.9
24,99000,12000,6.03
26,57600,14000,10.37
26,99000,5000,11.49
25,58000,14000,12.61
26,60000,14000,12.69
22,60000,14000,6.03
25,99000,15000,6.17
23,60000,14000,14.84
23,99000,1800,7.88
26,99000,20000,14.22
24,99000,12250,9.88
22,60000,14000,7.88
26,99085,8000,14.91
23,99200,23000,6.91
22,60000,14000,13.48
25,99473,8500,11.58
23,99500,25000,15.7
25,54000,14000,14.59
25,99600,12800,12.42
22,99600,7125,7.51
22,99600,5000,9.67
23,99670,5500,14.74
22,60000,14000,12.73
24,99750,12000,9.62
25,99800,12000,8.94
23,99996,20000,7.49
23,99996,4800,11.49
22,61000,14000,6.99
25,99996,12000,10.38
23,62000,14000,10.99
24,99996,10000,13.61
24,62004,14000,8.59
25,99996,8000,8.0
24,62800,14000,12.69
23,100000,25000,11.71
24,100000,6600,9.91
22,64000,14000,7.88
23,65000,14000,10.65
23,100000,35000,16.77
23,65000,14000,9.99
24,65000,14000,10.99
23,100000,14000,17.58
23,100000,15000,13.49
24,100000,6000,8.9
22,65000,14000,7.49
26,66000,14000,6.62
25,100000,6000,8.9
25,31200,15000,6.03
23,66000,14000,12.99
25,100000,12000,9.91
26,100000,9200,6.03
25,88000,20000,17.58
23,100000,35000,16.77
25,100000,4800,10.65
25,100000,11650,6.62
23,88000,8400,14.65
24,69000,14000,12.61
26,69575,14000,9.63
25,100000,15000,6.03
25,63996,14000,14.42
21,70000,14000,6.99
23,31200,6000,10.37
25,70000,14000,9.99
24,55845,14000,14.96
22,100000,6000,8.49
24,100000,8000,9.99
24,72000,14000,7.9
26,100000,12000,5.99
23,72150,14000,10.75
21,72500,14000,13.49
22,100000,14350,9.99
24,100000,6000,5.42
24,100000,5625,6.99
26,100000,15000,13.99
23,73000,14000,13.11
23,100000,8000,11.49
25,100000,3275,5.42
24,100000,10750,6.99
23,100000,11200,11.49
23,100000,10000,10.59
25,100000,16000,14.79
21,100000,6200,8.49
26,88000,7700,14.79
26,75000,14000,11.11
22,100000,15000,7.49
25,100000,7500,13.99
25,100000,17600,10.59
22,31193,4000,14.74
24,100000,10000,5.99
22,100000,3000,11.49
23,100000,11000,8.49
26,100000,10000,10.59
25,100000,15000,15.99
22,100000,15000,11.99
24,100000,10300,15.99
24,88000,24000,19.69
26,100000,25000,11.99
25,77700,14000,10.99
22,78700,14000,13.48
23,80000,14000,14.27
26,100000,5000,6.92
26,74800,10000,14.54
23,100000,10000,7.66
24,81000,14000,14.17
22,100000,12000,11.11
24,100000,6000,5.79
22,82000,14000,7.9
23,100000,9125,11.11
25,100000,12000,5.79
24,100000,30000,18.62
25,100000,7000,5.79
24,100000,12000,6.92
24,100000,12800,5.79
24,100000,20000,6.17
24,100000,7700,10.74
22,100000,10000,10.74
23,100000,25000,17.14
25,100000,7500,6.54
23,100000,16000,6.17
23,86000,14000,6.62
24,88000,14000,9.99
26,90000,14000,6.03
21,88000,25000,14.83
25,90996,14000,12.23
25,100000,15000,6.17
23,100000,17000,5.79
23,95000,14000,12.69
24,100000,10000,6.54
26,100000,2000,5.42
24,100000,5000,9.62
24,100000,16000,6.54
23,100000,14000,6.17
23,83000,14000,17.51
22,100000,20000,6.91
23,100000,5400,12.23
26,100000,14000,13.85
24,100000,16800,7.88
24,74800,14000,16.45
25,100000,15000,7.88
24,100000,14000,10.75
25,100000,13750,15.95
24,100000,3600,13.23
24,100000,7000,6.76
24,105000,14000,7.88
26,100000,17000,13.61
24,98000,14000,14.26
25,100000,7000,13.98
25,100000,10000,7.51
23,100000,15000,7.88
24,100000,16000,14.72
24,110004,14000,7.88
25,100000,25000,10.75
23,113000,14000,13.49
23,120000,14000,9.99
26,100000,24000,10.99
22,100000,15000,13.85
24,120000,14000,10.0
25,100000,4800,7.14
23,100000,20000,11.36
26,100000,14000,13.11
23,122000,14000,13.48
25,100000,15000,12.73
24,100000,25000,15.33
24,100000,24000,10.99
22,128165,14000,8.94
25,100000,14000,10.25
22,140000,14000,13.11
21,100000,5000,7.14
24,145000,14000,12.84
24,100000,17400,16.07
25,100000,8000,10.25
24,100000,12000,15.33
22,100000,20000,11.83
24,148000,14000,5.42
22,88000,25000,18.09
23,100000,1000,14.26
23,100000,15000,16.0
25,100000,25000,11.48
24,100000,10000,12.87
22,100000,15000,8.94
26,100000,10000,14.26
23,100000,7000,8.59
24,100000,13000,11.48
22,46000,14100,14.26
23,100000,10000,13.57
25,100000,12000,8.94
23,100000,10000,12.87
24,100000,12000,12.18
23,100000,25000,11.58
24,100000,15000,12.21
24,88000,25000,18.84
23,32000,14125,7.9
26,30000,6000,7.9
22,100000,24000,13.47
23,100000,6850,13.47
25,33000,14125,9.91
24,88000,15000,10.2
26,30000,1925,6.03
25,100000,15000,11.28
26,100000,7500,8.32
24,88000,6400,11.66
22,40000,14125,11.49
26,100000,12800,9.45
26,92000,14200,10.99
23,100000,15000,11.34
21,78000,14275,9.91
26,135000,14275,9.45
22,74867,17000,16.02
23,100080,20600,12.53
24,88128,1950,9.99
24,74909,14000,9.99
24,100400,10000,16.4
25,100505,35000,11.99
23,100800,20000,7.9
24,35000,14400,15.7
26,100800,8000,11.99
24,100800,21000,11.49
24,100800,10800,10.75
25,75500,6000,14.74
22,30000,15000,6.62
24,100860,6000,5.99
23,36000,14400,13.57
24,100995,16000,7.51
25,101000,17000,11.71
23,101000,20000,17.43
22,30000,7200,10.99
24,34320,14400,16.82
21,36500,14400,15.05
26,101000,16000,7.88
24,101000,24250,12.53
24,89000,25000,15.65
26,43000,14400,9.62
21,101004,14000,10.25
22,43000,14400,7.88
22,30000,6000,7.49
23,101138,20500,13.48
26,101400,5600,6.62
24,101400,9900,8.0
22,48000,14400,13.49
24,101900,13600,6.62
23,102000,30000,16.77
25,102000,6975,9.91
23,51000,14400,7.51
23,102000,25000,11.71
23,102000,35000,7.9
25,102000,8000,12.42
24,102000,12000,15.27
24,102000,23800,8.9
21,56400,14400,18.79
26,102000,13000,5.42
24,57000,14400,7.49
25,102000,11200,7.91
22,102000,18000,8.49
22,102000,10000,7.49
23,90000,15000,9.99
24,102000,9800,10.36
23,102000,10000,11.49
23,59000,14400,8.9
26,102000,6000,13.61
24,102000,20000,10.25
23,102000,6000,7.51
26,102000,20000,11.36
23,60996,14400,12.84
25,61000,14400,12.53
24,102000,24250,11.83
22,102000,7000,12.87
25,62000,14400,13.47
25,64000,14400,9.62
21,102000,18000,14.96
23,102000,15000,8.94
24,70000,14400,12.68
24,90000,19200,12.84
24,70000,14400,12.23
23,72000,14400,11.14
25,102211,15000,11.58
24,72000,14400,10.0
23,68000,14400,17.99
26,102500,11800,6.03
24,102960,16000,7.88
24,102996,20000,6.91
24,102996,5000,14.22
22,102996,8000,7.74
24,103000,21000,13.49
24,103000,24000,16.77
23,103000,4000,13.49
22,103000,15000,15.99
24,103000,8000,10.74
23,103000,21850,10.0
24,103000,6400,10.37
23,103000,17000,14.35
22,76000,14400,14.35
23,78000,14400,14.27
22,80000,14400,11.71
23,80000,14400,12.68
26,91000,5000,14.96
24,77350,25000,15.7
23,30000,4000,15.65
26,81380,14400,10.37
23,103000,20000,17.04
23,82000,14400,7.66
26,103200,9000,6.76
25,103500,7500,6.54
25,85000,14400,8.49
25,30000,3425,6.17
26,94500,14400,10.37
22,104000,13600,6.03
23,104000,9000,10.65
26,78200,15000,14.27
25,104000,14000,10.99
25,104000,10000,6.92
25,100000,14400,11.71
25,30000,1200,16.69
22,100000,14400,10.74
22,30000,3000,10.36
26,30000,7000,9.99
24,104000,14000,9.99
25,113000,14400,11.71
26,130000,14400,14.46
25,104000,11000,13.11
24,135000,14400,12.69
26,28000,14500,12.53
24,104000,25000,12.84
21,104000,15000,9.63
26,104004,15000,14.22
25,92085,2500,15.27
24,104606,5000,15.28
21,104740,19200,11.99
25,30000,14500,14.42
25,105000,9600,11.71
24,105000,13000,9.91
25,30600,14500,17.04
24,105000,12000,16.29
22,105000,12000,6.62
26,105000,4800,11.71
26,105000,7200,10.65
23,105000,7200,7.51
26,105000,5300,12.69
21,30000,14500,14.59
24,105000,11000,5.42
26,36000,14500,9.88
26,105000,12000,11.99
26,37000,14500,15.33
26,105000,12000,10.99
23,105000,20000,11.49
25,105000,16000,8.49
26,105000,10000,7.49
22,105000,3650,11.99
26,105000,6000,10.99
24,105000,5600,15.23
23,105000,19000,11.99
22,31000,14500,11.58
24,105000,6000,9.99
25,36000,14500,14.54
25,105000,4800,15.23
24,43000,14500,10.75
25,37200,14500,13.85
26,105000,5000,8.49
26,105000,10000,15.65
23,45000,14500,10.36
24,105000,9850,9.63
24,105000,25000,10.74
25,45000,14500,13.16
22,105000,15000,15.95
24,55000,14500,6.62
24,49500,14500,11.49
23,105000,15000,16.82
22,51996,14500,13.16
26,59000,14500,11.97
22,105000,6000,14.22
23,105000,12000,11.36
24,105000,10000,7.51
22,105000,16000,12.73
23,105000,12000,10.25
25,105000,12000,13.48
24,105000,18000,8.94
23,105000,20000,11.48
26,105000,15000,8.94
26,93000,25000,16.0
26,100000,14500,8.94
22,105000,12800,11.83
25,105000,5000,11.48
25,162000,14500,7.9
26,30000,12000,11.36
25,105000,12000,12.84
25,105000,15000,12.53
25,30000,11500,11.36
23,30000,3000,12.18
26,105000,25000,11.58
25,30000,10000,14.61
26,105000,9500,9.32
26,105000,5000,7.68
24,60000,14525,10.99
22,30000,2500,12.53
24,48000,14550,9.62
25,105000,6500,13.87
24,105000,4000,11.34
26,35000,14575,10.65
23,30000,14600,6.03
24,105018,28000,15.62
26,60000,14650,12.61
25,31200,14700,12.29
24,82440,14700,8.49
22,24000,15000,12.73
24,105508,3500,7.66
22,105600,8000,11.49
23,105600,25000,6.99
22,28000,15000,10.99
23,105600,15000,7.51
24,105804,15000,7.49
25,105897,25000,11.36
24,105996,3000,7.51
23,105999,8550,9.88
26,28800,15000,10.0
26,106000,5000,12.98
25,106000,12000,6.54
23,106000,10000,7.14
25,79900,15000,11.12
26,29040,15000,9.62
22,30000,15000,15.27
26,30000,7500,11.14
24,106000,4575,7.51
26,30000,15000,12.84
26,106000,10000,15.33
22,106000,25000,18.09
25,106226,20000,12.18
24,106800,11525,5.42
24,106800,16000,13.06
21,31680,15000,12.61
24,106839,14000,7.88
26,30000,5000,11.58
25,106870,6000,15.27
23,106921,30000,9.99
23,106925,24250,12.18
22,106982,30000,14.91
25,30000,3000,9.63
25,107000,24000,5.99
22,80750,24000,15.99
22,32000,15000,9.88
21,32000,15000,11.09
22,32240,15000,13.22
22,107000,10000,7.14
25,107000,1000,7.4
23,95000,19800,13.22
25,107000,7000,12.87
22,107000,17400,13.47
24,30000,15000,15.68
23,95000,15000,17.03
23,33204,2000,14.72
22,107004,10000,7.29
24,107203,6000,7.4
23,107280,25000,16.45
24,30000,7500,10.96
26,107496,20000,12.69
22,33996,2000,8.0
26,107900,16500,8.94
22,108000,8000,15.27
25,108000,4800,12.42
21,34800,2000,11.71
23,34884,2000,6.92
25,108000,15000,6.62
25,35000,2000,9.91
24,35000,2000,10.59
25,108000,21000,11.71
26,35000,2000,13.99
24,108000,10000,5.99
23,108000,35000,8.49
26,108000,6000,7.49
22,35000,2000,12.99
22,35064,2000,8.38
25,35400,2000,8.49
26,108000,7200,9.62
26,96000,10000,21.14
26,108000,9000,5.79
24,108000,9050,5.42
25,108000,24250,10.75
26,108000,9000,10.38
25,108000,10000,7.88
24,108000,9950,14.96
23,108000,4500,7.14
26,36108,2000,16.49
24,37000,2000,5.42
26,108000,13000,8.94
23,37000,2000,11.14
26,108000,18500,12.18
26,108000,10000,13.57
25,37315,2000,6.39
22,38000,2000,11.36
23,108000,14000,11.89
24,108000,18000,12.53
24,108000,10000,9.7
25,108000,15000,10.39
23,108060,14400,14.27
24,38000,2000,11.83
24,108288,10000,8.49
23,38400,2000,7.66
22,108600,14400,13.48
23,108600,8000,12.87
24,108600,15000,12.18
25,32400,2000,14.35
26,39000,2000,12.98
25,108960,10000,13.57
25,109000,12000,7.51
25,109000,16000,6.03
24,33500,2000,13.8
24,109000,8800,12.69
23,109000,7500,8.9
24,109000,6000,11.99
26,109000,15000,6.99
25,109000,5000,8.49
26,109000,20000,6.54
26,109000,20000,10.75
25,109000,15000,10.25
24,109000,15250,11.14
22,97000,14000,11.48
25,109000,14000,9.63
26,109000,6000,7.68
26,109200,2300,7.9
23,109200,10000,8.63
24,109500,3500,10.75
26,109500,20000,17.56
26,109500,5000,10.95
24,109720,20000,10.75
25,110000,5500,6.62
23,40000,2000,11.71
25,33600,15000,11.11
26,110000,5000,12.69
21,33800,15000,11.71
22,33996,15000,14.96
22,40800,2000,6.62
25,110000,1200,13.49
22,34800,2000,16.89
25,42000,2000,9.25
25,110000,10000,12.69
25,110000,28000,9.91
24,110000,27300,7.51
22,42000,2000,10.36
23,28872,2000,10.37
25,110000,8400,12.69
24,110000,5000,6.03
22,110000,2800,8.49
23,110000,2500,6.99
22,110000,28000,7.49
23,42870,2000,5.42
24,110000,10800,6.99
23,110000,7000,10.59
23,42996,2000,13.61
24,110000,10000,15.62
26,37680,2000,14.96
21,110000,14000,9.99
26,83300,28000,15.62
25,44000,2000,7.66
26,110000,23750,12.99
24,98000,16000,14.79
21,44304,2000,13.85
23,45000,2000,13.49
24,45000,2000,13.99
25,39000,2000,7.66
26,110000,5000,9.63
26,45000,2000,11.49
26,110000,4000,6.92
24,110000,13200,15.28
22,110000,9000,11.11
25,110000,10800,6.92
25,110000,6500,10.37
23,110000,18000,10.37
24,45000,2000,7.51
26,110000,12000,10.74
26,110000,15000,11.11
22,39000,2000,14.84
23,28800,12250,7.51
23,45000,2000,7.05
25,45500,2000,13.49
22,110000,8000,12.98
22,110000,6000,9.99
23,110000,7500,13.72
26,110000,15600,6.17
24,45996,2000,12.98
26,110000,20000,13.72
22,45996,2000,11.36
26,110000,17000,8.88
24,110000,7500,6.17
23,110000,5000,6.91
21,110000,10000,6.54
24,110000,5600,12.98
24,110000,10000,13.35
24,42000,2000,12.69
26,110000,8000,14.35
25,110000,15000,7.88
26,110000,4500,14.84
22,110000,12000,7.14
25,110000,5000,7.14
24,42000,2000,15.62
25,98000,25000,16.45
25,48000,2000,10.74
25,110000,20000,7.88
22,110000,14400,14.35
24,110000,8000,6.76
25,110000,8000,7.14
25,110000,25000,11.49
22,48255,2000,6.76
24,110000,15000,10.25
25,49029,2000,11.99
22,110000,8000,13.85
24,110000,16000,12.73
22,98000,25000,10.25
24,110000,6000,8.59
24,44000,2000,8.0
24,98000,5000,13.22
23,50252,2000,13.92
22,34800,15000,14.27
25,35000,15000,7.49
23,110000,20000,11.14
24,110000,12000,8.94
25,110000,8000,9.32
23,29976,15000,10.25
21,36000,15000,6.62
23,36000,15000,13.49
25,36000,15000,9.63
22,98000,9000,9.63
22,110000,20000,12.41
26,36000,15000,7.66
23,36000,15000,14.59
24,98004,2500,8.49
25,110004,15000,7.66
26,110004,12000,10.36
22,36000,15000,13.85
22,30000,15000,11.66
24,110004,25000,12.53
22,110196,25000,11.49
24,28000,10000,10.37
24,110400,3000,7.49
22,110500,12250,11.26
22,98656,7500,13.06
21,111000,28000,7.49
26,111000,5000,5.79
21,28000,4000,7.88
22,37000,15000,10.25
23,111000,8350,11.89
26,111147,15000,13.61
23,28000,1250,10.99
23,111150,10000,8.0
24,111239,14000,7.9
25,111262,20000,12.53
25,37818,15000,13.48
21,32000,15000,15.27
22,38000,15000,7.88
25,38000,15000,16.45
25,111996,16000,11.78
24,112000,20400,11.71
23,38400,15000,6.17
22,112000,4000,8.9
24,39000,15000,9.63
24,112000,6000,9.91
26,39996,15000,13.06
25,112000,16000,6.99
23,112000,12000,11.99
24,112000,3500,5.42
21,40000,15000,14.27
24,112000,3000,5.99
24,112000,20000,6.91
23,40000,15000,11.71
24,112000,15000,15.31
23,34000,15000,11.71
26,40000,15000,10.99
24,112000,9000,9.32
26,85000,2750,9.33
25,100000,9000,9.64
23,40000,15000,7.49
24,40000,15000,7.88
23,112404,6000,13.23
26,40000,15000,14.22
24,112500,8600,13.11
25,112500,18000,11.14
23,40000,15000,8.94
24,40000,15000,12.87
24,112689,24000,9.99
22,112774,6400,13.06
23,112976,20000,6.91
26,34988,15000,13.98
23,113000,22400,7.49
21,27600,1000,15.27
25,113000,21000,11.49
24,113000,17950,11.99
22,41000,15000,12.73
24,85850,12000,15.99
23,113000,12000,7.66
23,113000,8000,5.79
22,113000,25000,12.53
24,113000,2100,7.4
23,42000,15000,13.49
26,101000,25000,17.46
25,113135,25000,10.59
23,113200,24250,10.62
24,113217,6000,7.88
24,113676,7200,6.99
23,113698,15000,7.9
23,42000,15000,11.83
23,114000,17325,11.99
22,27560,2800,11.49
23,114000,6000,8.49
24,42000,15000,11.58
23,114000,8000,12.68
25,36000,15000,15.05
26,114000,14400,7.14
24,42300,15000,11.99
25,102000,25000,20.16
25,114000,10000,9.32
24,114000,15000,9.76
25,27336,5500,13.23
23,36500,15000,15.65
23,114600,10000,13.06
25,114996,5000,13.49
24,27168,7500,9.99
25,102996,20000,14.54
26,114996,24000,10.62
23,115000,10000,14.27
25,115000,19000,13.49
25,115000,4000,6.03
22,43000,15000,8.49
23,115000,24000,7.9
22,43000,15000,10.99
24,37680,15000,19.82
24,115000,15000,6.03
25,38400,15000,10.65
25,115000,18000,7.51
23,115000,5000,14.27
25,115000,19000,13.49
23,45000,15000,7.9
23,115000,8000,8.49
22,115000,12000,5.99
23,115000,5600,5.42
23,115000,10000,10.59
24,115000,35000,16.89
25,115000,7600,6.99
23,45000,15000,7.49
22,103000,15000,9.63
26,45000,15000,7.29
22,45000,15000,10.37
23,39000,15000,15.28
26,45000,15000,8.88
22,115000,13600,7.29
25,115000,20000,15.65
25,115000,20000,6.91
25,115000,4000,7.88
24,115000,1500,6.76
24,115000,10000,7.51
25,45000,15000,13.48
24,115000,8000,7.51
26,115000,6000,10.75
26,39000,15000,16.07
26,103000,14000,13.57
25,115000,8000,19.13
23,39000,15000,12.21
23,45000,15000,12.84
23,115000,13000,11.83
26,115000,15000,12.87
24,115000,15000,11.48
26,39000,15000,15.37
26,115000,20000,13.16
25,115000,25000,12.53
21,115000,20000,10.83
25,39000,15000,12.92
25,115200,14000,6.62
26,115200,4500,11.97
26,46890,15000,12.99
24,115500,3200,16.29
26,47000,15000,7.9
24,115500,10000,7.75
26,115600,9925,7.29
20,115731,9625,10.74
25,115731,7200,7.14
24,115800,12000,10.99
24,47000,15000,18.64
25,116000,35000,17.58
23,116000,15825,15.62
22,116000,12000,10.25
23,47000,15000,11.48
25,31000,1800,8.32
25,116000,19950,9.96
23,116004,14000,12.99
22,33000,1800,5.42
26,116004,20000,12.21
23,33195,1800,11.99
24,26400,3000,10.59
24,33660,1800,7.51
21,34000,1800,11.49
22,116700,6000,8.49
23,35000,1800,10.59
23,104736,25000,14.11
24,26400,9600,7.49
24,35000,1800,7.14
21,26400,3000,14.54
26,35000,1800,11.36
22,117000,11000,6.92
25,30000,1800,8.49
21,117000,4800,14.54
26,26400,8000,5.79
26,117000,7200,10.74
23,117000,3700,10.74
26,117000,6000,7.51
22,89250,25000,12.53
23,117000,14000,15.68
22,26400,7300,13.61
23,37500,1800,8.94
22,117000,7500,13.24
25,117014,8400,7.29
23,117696,15000,6.03
24,117996,18000,17.04
24,118000,28000,7.9
26,118000,25000,7.9
26,40000,1800,13.23
24,118000,5000,5.42
25,118000,15000,7.88
25,118000,25000,11.12
23,118000,12000,13.11
23,47000,15000,12.04
21,118000,14000,7.88
25,118000,2000,7.12
25,118189,25000,11.49
22,48000,15000,15.96
22,118812,15000,13.35
24,42000,15000,15.27
22,119000,35000,16.49
22,107000,24000,19.69
22,42000,15000,9.63
23,48000,15000,6.91
26,119000,9000,7.74
26,119000,15000,14.42
23,119496,12000,7.88
23,119500,24000,7.51
24,119500,3500,12.18
22,26000,7100,7.49
25,120000,10000,9.91
23,48000,15000,10.75
22,48000,15000,7.51
21,48000,15000,11.48
24,120000,10000,6.03
26,120000,23000,6.62
22,48000,15000,11.89
24,120000,20000,7.9
23,120000,4400,11.71
23,48800,15000,11.36
25,43000,15000,15.57
25,49000,15000,12.18
24,49812,15000,6.17
25,120000,3000,14.27
22,120000,8000,12.69
22,120000,8900,11.71
22,50000,15000,6.03
25,120000,21000,7.9
25,120000,28000,7.9
23,120000,2400,12.42
25,120000,15000,14.65
26,50000,15000,9.91
24,50000,15000,13.49
25,120000,10000,6.62
24,25920,3250,15.99
23,120000,10000,9.91
23,120000,4000,10.65
22,25899,6250,12.69
23,120000,5000,8.9
24,120000,7000,15.62
25,120000,5000,8.49
26,120000,5600,13.49
23,120000,8500,5.42
22,44000,15000,11.11
23,120000,30000,11.49
22,120000,16800,15.62
26,120000,10000,5.99
23,50000,15000,10.37
24,91800,10000,19.29
26,108000,15000,11.49
25,120000,21000,13.49
23,120000,12000,5.42
25,120000,10000,20.99
22,120000,5000,14.79
24,120000,20000,9.99
24,120000,5275,5.42
23,120000,6000,6.99
23,50000,15000,13.61
22,120000,12000,7.49
24,120000,16000,6.99
23,50000,15000,7.88
24,91800,5000,15.99
23,120000,6000,9.99
25,44000,15000,14.59
24,50000,15000,11.36
24,120000,4800,5.99
24,120000,20000,12.99
23,120000,3600,10.59
22,120000,22000,7.49
23,120000,3750,5.42
26,120000,13000,10.99
25,120000,14500,7.49
26,120000,5000,13.49
26,120000,8000,7.29
25,120000,10000,5.42
26,50004,15000,13.72
22,50004,15000,15.05
24,120000,14000,10.74
22,44172,15000,10.37
26,50400,15000,10.75
25,120000,28000,10.74
25,50500,15000,11.14
25,120000,10000,10.37
26,120000,10000,5.42
22,120000,17400,7.66
22,51000,15000,11.11
23,120000,6000,13.06
25,25000,6000,7.51
24,51000,15000,11.12
23,120000,24250,16.02
25,51000,15000,13.48
23,120000,16000,10.37
24,120000,15000,15.28
25,120000,13000,9.99
26,91800,10000,16.32
24,51500,15000,8.49
24,51996,15000,13.22
26,120000,10000,5.42
24,120000,8400,13.72
23,46000,15000,16.0
23,52000,15000,14.26
24,120000,25000,15.2
25,52000,15000,12.18
25,120000,25000,13.72
25,120000,4000,5.42
22,52500,15000,10.37
25,120000,9500,5.42
24,120000,3000,6.39
23,120000,6000,6.76
23,120000,8000,13.61
24,91800,15000,16.32
22,52596,15000,10.74
26,120000,4600,6.39
23,120000,10000,7.88
26,120000,4000,7.14
23,120000,10000,7.51
23,120000,4900,7.14
24,23000,1600,7.68
25,25000,1600,9.99
24,120000,12000,7.51
25,25000,1600,12.98
24,25000,1600,12.53
23,26000,1600,16.29
25,120000,6000,6.76
26,120000,10000,14.59
22,26880,1600,11.12
22,28150,1600,6.39
25,28800,1600,6.62
23,29124,1600,10.83
26,120000,10000,12.73
26,120000,15000,13.11
25,30000,1600,16.29
24,91800,16000,14.22
21,120000,15000,10.25
22,31000,1600,9.32
26,120000,20000,13.85
23,120000,25000,15.31
24,120000,21000,14.26
25,25000,17500,14.22
26,25000,5000,9.88
23,29000,1600,7.88
24,37500,1600,11.03
26,32000,1600,14.46
23,120000,14000,8.94
25,25000,2000,10.99
22,25000,13000,7.88
23,120000,17000,8.94
24,32400,1600,13.98
22,120000,18000,8.94
26,120000,16000,8.94
22,120000,9600,13.22
26,120000,20000,17.74
24,120000,25000,18.53
23,25000,8000,8.59
26,120000,20000,13.79
23,45000,1600,10.08
23,48000,1600,13.98
24,120000,15200,12.21
22,48000,1600,14.26
23,108000,18000,11.26
23,53616,1600,12.42
23,120000,20000,12.21
24,120000,16000,9.63
21,51000,1600,15.62
23,60000,1600,13.99
21,54000,1600,14.96
24,62000,1600,13.85
25,120000,20000,11.14
24,108000,25000,13.99
26,120000,25000,15.76
23,120000,23000,11.03
26,120000,25000,9.76
24,120000,9500,11.66
25,120000,3000,10.14
23,70000,1600,11.14
22,82000,1600,11.89
22,24996,13000,8.88
22,120456,20000,14.96
21,24996,5000,7.51
22,34480,1550,15.21
25,120775,15000,13.11
26,26989,1525,15.23
25,121000,13600,11.99
23,121000,3600,5.79
24,121000,20400,10.75
22,12000,1500,6.99
25,121000,3600,11.83
23,14088,1500,8.88
25,121680,15000,10.37
25,14400,1500,12.99
23,122000,16000,13.49
25,110000,12000,15.99
22,24744,5000,11.89
22,122000,6000,6.92
25,122000,35000,13.8
23,122000,12000,7.29
22,24600,4750,10.0
25,122000,20000,13.23
26,14400,1500,9.25
21,15600,1500,11.86
26,122000,6000,7.51
25,122000,10000,13.57
25,122000,10000,8.94
23,122004,11200,10.99
25,16200,1500,6.91
21,17000,1500,18.64
24,94102,8475,12.99
22,18000,1500,18.64
24,123000,8000,12.68
22,123000,7000,7.51
24,123000,4750,10.99
21,18000,1500,12.61
26,18000,1500,11.36
21,18000,1500,12.87
26,111917,25000,15.31
26,123996,2000,5.42
25,123996,10000,6.54
23,124000,16000,6.03
21,18000,1500,12.18
26,18700,1500,5.42
24,124000,12000,10.36
22,24000,8000,7.51
26,112000,20000,12.53
26,124500,6000,10.62
26,124726,15000,7.29
23,124800,5000,6.62
21,112800,16000,13.48
23,24000,6000,15.23
23,24000,5000,7.49
23,125000,35000,8.9
25,125000,20000,11.71
25,125000,15000,7.9
23,20004,1500,9.62
25,24000,6000,5.42
25,125000,30000,14.27
24,20160,1500,13.35
22,21216,1500,11.86
25,125000,12000,9.91
22,24000,4200,15.62
24,23004,1500,7.68
22,24000,1500,18.79
24,125000,28000,9.91
26,24000,1500,14.54
23,24000,1500,11.49
25,96050,35000,19.29
25,125000,10000,5.99
21,24000,1500,13.85
26,25000,1500,14.7
25,125000,25000,10.59
26,25200,1500,13.49
26,125000,6000,5.42
26,125000,10200,7.49
22,26400,1500,11.11
24,125000,15000,7.66
21,125000,6000,5.79
24,125000,25000,10.0
25,53000,15000,14.27
25,113000,5000,14.54
26,113000,12000,7.29
26,53307,15000,10.39
25,125000,12000,11.11
23,53500,15000,13.47
26,48000,15000,18.64
25,48000,15000,17.49
26,125000,24000,15.28
23,48996,15000,15.99
23,54996,15000,14.83
23,125000,10000,9.99
24,54996,15000,11.14
25,125000,25000,11.49
26,55000,15000,11.12
25,125000,12000,7.88
23,113000,10000,10.38
22,49000,15000,14.61
26,125000,15000,13.85
26,125000,20000,13.11
24,125000,10000,10.99
24,24000,6400,8.88
22,55000,15000,12.84
21,125000,10000,7.51
24,49200,15000,18.39
22,24000,5000,13.35
26,125000,7400,12.53
25,55315,15000,10.74
24,49700,15000,15.68
23,96050,15000,19.13
22,24000,3000,13.61
26,125000,16000,8.94
23,113000,19750,21.21
21,50000,15000,15.7
24,56000,15000,12.87
25,125000,8000,9.63
25,125000,14000,14.42
23,125000,7500,8.0
26,125000,9600,5.79
23,24000,7000,11.86
25,57000,15000,13.85
22,24000,6000,11.49
22,125004,30000,7.9
25,125004,15000,7.88
22,125004,10000,14.74
22,125555,9000,10.99
25,126000,15000,7.9
22,126000,3600,15.99
26,114000,6000,10.0
24,53000,15000,16.77
26,126000,11000,7.14
23,24000,7000,7.14
22,126000,24000,11.36
26,24000,2500,11.83
26,126000,7500,13.92
22,60000,15000,11.71
23,97583,6950,13.67
23,126996,11000,10.0
25,127000,6000,9.91
26,127000,6000,5.42
24,97750,24000,17.39
25,97750,20000,17.39
24,115000,12000,15.05
26,127500,10000,7.51
22,127500,15000,7.49
23,54000,15000,15.27
26,127500,24250,15.31
25,127741,12000,7.88
26,127992,26000,13.99
26,128000,35000,8.9
24,128000,12000,6.03
26,60000,15000,6.03
23,128000,6000,7.49
23,128000,4800,12.99
22,128000,21600,6.91
23,128000,3000,14.72
22,128474,30000,7.29
25,128500,15000,12.53
25,128600,28000,7.9
22,60000,15000,11.71
23,129600,13500,5.42
25,129600,3000,11.12
23,129996,30000,11.11
25,129996,7500,11.86
24,60000,15000,13.99
22,60000,15000,10.59
25,60000,15000,12.99
22,130000,3000,13.49
23,60000,15000,11.11
26,130000,3000,17.58
24,60000,15000,6.17
24,130000,6000,6.62
22,60000,15000,13.35
26,130000,10000,6.03
26,130000,35000,18.25
24,130000,5000,12.42
26,130000,18000,7.9
26,130000,6500,15.99
24,130000,7000,11.99
24,60000,15000,13.85
26,130000,8600,5.99
23,60000,15000,14.22
24,60000,15000,11.83
24,130000,6000,10.59
25,130000,8000,13.49
23,60000,15000,11.83
23,130000,15000,12.87
25,130000,15000,11.14
25,130000,3000,5.42
23,130000,6800,8.49
23,130000,5000,14.79
22,60132,15000,14.26
22,54225,15000,16.7
23,60480,15000,10.83
23,130000,5000,5.79
24,100300,30000,14.91
23,130000,6000,5.79
24,130000,25000,10.74
25,130000,6325,6.54
22,55000,15000,14.83
24,61100,15000,12.53
23,130000,25000,11.12
24,130000,15000,7.88
25,130000,12000,7.51
24,61284,15000,18.25
24,130000,13000,13.61
25,130000,20000,13.48
26,130000,4000,10.99
25,130000,25000,11.36
23,56000,15000,12.69
23,130000,10000,11.36
23,130000,20000,10.62
21,56000,15000,16.0
21,62004,15000,7.29
24,130000,25000,12.53
24,130000,15000,14.26
22,130000,24250,12.18
25,62280,15000,8.94
24,130000,25000,11.83
23,130000,22600,14.96
22,22800,9000,5.99
22,130000,25000,11.83
22,130000,13000,11.14
25,130000,19400,16.0
24,62400,15000,9.45
23,130000,15000,13.22
22,130000,13000,8.94
25,130000,21000,13.16
25,130000,15000,11.89
26,130000,7000,8.0
25,58000,15000,18.25
24,130000,1250,10.95
24,130000,20000,11.58
26,130000,5000,9.64
23,130008,9000,7.74
23,130104,24000,6.54
23,130208,20000,12.73
22,130920,15000,8.94
23,130992,6000,7.51
21,65000,15000,12.42
26,22440,4750,11.86
25,131000,7500,12.29
24,131004,24000,7.49
24,22320,1000,16.32
23,22300,7500,11.12
26,132000,2000,7.51
24,59000,15000,14.79
26,132000,10200,7.9
23,132000,15000,6.99
25,65000,15000,13.49
24,132000,14000,17.49
25,59000,15000,9.99
26,132000,11200,10.99
26,65000,15000,7.66
22,132000,10000,7.66
23,132000,9600,7.14
24,65000,15000,6.17
25,59000,15000,16.45
25,120000,25000,10.99
23,65000,15000,11.12
23,132000,9000,11.34
24,132132,28000,8.49
23,65000,15000,7.88
22,65000,15000,11.36
26,132500,12000,12.69
24,65000,15000,9.88
23,65000,15000,8.94
24,132652,28000,8.49
26,132750,12000,11.49
24,133000,3000,11.99
24,133000,4000,7.4
24,103044,11600,15.05
25,65000,15000,16.32
25,65000,15000,9.63
26,134000,30000,13.49
25,59004,15000,15.58
22,65004,15000,16.95
26,134400,10000,12.68
25,134748,25000,10.75
23,60000,15000,10.62
24,66500,15000,6.54
24,135000,21000,12.69
20,135000,15000,15.96
24,135000,8800,6.03
26,135000,6700,6.03
25,135000,10000,15.62
24,135000,5225,7.49
24,135000,25000,7.49
26,135000,24000,12.99
23,135000,12500,15.99
24,135000,6000,6.92
24,135000,21000,10.74
22,21600,5000,7.9
23,135000,16000,6.91
24,135000,17000,6.17
22,68000,15000,10.37
26,104550,24000,15.21
24,135000,21000,10.38
26,104550,15000,15.33
23,69000,15000,10.65
21,69000,15000,8.49
25,135000,25000,16.07
25,135000,20000,12.73
24,69400,15000,13.24
23,69996,15000,13.43
24,123000,24250,12.87
23,135000,10000,18.43
23,69996,15000,11.89
22,135000,10800,8.0
25,70000,15000,16.02
24,135000,12000,9.38
23,136000,9800,15.99
21,70000,15000,10.38
25,136000,8000,12.87
26,70000,15000,16.35
26,105400,24000,14.61
23,136000,8000,8.32
26,137000,21500,6.62
25,70000,15000,11.89
22,137000,25000,9.99
26,137000,3500,12.18
23,137000,11400,9.63
22,137004,10000,5.79
25,64000,15000,14.42
26,138000,7500,6.03
25,138000,8000,6.99
22,70204,15000,15.7
21,70500,15000,8.0
24,138000,16500,6.54
23,138000,2700,11.86
25,138000,5000,11.86
25,138000,9000,12.22
25,126996,5000,12.73
23,21000,7500,12.69
23,21000,6000,15.27
24,65000,15000,16.32
23,140000,16400,15.96
24,128000,18000,17.27
25,140000,8000,11.71
21,140000,18000,7.9
23,140000,12000,11.71
25,72000,15000,12.42
26,72000,15000,6.92
26,66000,15000,16.02
25,72000,15000,12.68
23,140000,12000,5.42
23,140000,12000,8.49
22,72000,15000,17.19
24,72000,15000,10.99
22,140000,10000,10.99
24,140000,4475,7.49
26,21000,8000,13.79
25,140000,35000,10.59
23,56525,15000,11.48
23,140000,6000,13.49
23,140000,3500,5.79
24,73500,15000,13.16
23,73500,15000,11.89
24,140000,25000,10.74
24,140000,20000,6.54
22,140000,20000,6.91
24,140000,25000,10.36
25,140000,22000,8.88
23,74424,15000,13.47
24,140000,16000,10.38
23,140000,15000,15.58
24,75000,15000,11.71
25,140000,4800,7.88
26,140000,13050,14.59
26,140000,24250,12.53
21,69000,15000,15.28
21,75000,15000,10.37
23,58650,15000,13.43
25,128000,10000,11.58
21,20004,2500,9.63
22,108803,10000,12.23
24,140004,4000,16.45
23,75000,15000,6.54
25,140004,4500,12.87
24,140300,6000,11.14
24,141000,10000,5.99
24,141000,10000,7.49
24,141000,12000,12.53
25,141996,14000,7.51
24,142000,7500,7.88
25,69000,15000,16.7
24,143123,4000,12.61
26,143375,12000,7.66
24,132000,1500,17.27
23,144000,10000,5.99
26,144000,12000,7.49
23,144000,6800,7.49
24,144000,14700,7.66
26,75531,15000,16.49
24,144000,14400,10.25
23,76000,15000,10.74
26,76000,15000,13.11
25,144996,25000,16.35
23,145000,10000,11.71
23,77000,15000,12.42
24,145000,7000,10.99
24,20000,3000,8.94
26,145000,14000,10.59
24,145000,12000,10.99
25,145000,8000,8.49
26,77368,15000,10.0
23,73000,15000,7.51
22,20000,3200,12.21
23,145000,12000,10.37
22,145000,12000,6.92
23,145000,14400,5.79
23,80000,15000,12.69
25,145000,12000,5.79
25,145000,25000,11.36
24,145000,20000,11.36
23,145000,20800,11.83
24,145000,11500,11.14
26,113050,9000,12.53
26,80000,15000,8.49
25,133000,3000,17.9
25,145000,7500,10.08
21,19800,6800,14.59
24,145008,5000,9.63
23,145596,4700,6.92
24,19764,4800,13.61
25,133900,7500,13.49
26,19500,5000,8.0
21,146000,4000,13.72
24,134000,25000,14.83
25,146990,28000,10.99
23,147000,24000,10.99
26,147000,4100,6.92
23,147000,25000,10.25
23,74000,15000,15.65
26,147996,7500,8.0
26,80004,15000,11.89
22,148000,15000,7.66
21,19200,2400,9.91
24,148000,4000,7.88
24,136000,25000,19.13
23,75000,15000,13.57
23,81960,15000,10.62
25,136112,15600,19.42
23,149385,7000,8.94
26,149400,7000,6.62
23,149981,25000,12.98
25,150000,14400,8.9
25,150000,20000,14.65
25,150000,7500,8.9
23,84000,15000,11.34
26,84000,15000,10.14
24,150000,8000,8.9
26,150000,35000,15.96
21,19200,3300,6.17
25,85000,15000,7.9
25,150000,10000,5.42
24,150000,25000,12.99
23,85000,15000,10.99
26,19200,4500,7.88
23,150000,30000,9.99
25,150000,5000,12.99
23,85000,15000,14.59
24,85000,15000,13.11
21,85000,15000,10.95
26,150000,6400,15.62
24,150000,24000,7.49
25,86004,15000,12.53
25,150000,8200,5.79
26,87000,15000,5.99
23,150000,9600,6.92
22,87000,15000,10.62
26,150000,6000,10.74
22,150000,25000,11.11
25,150000,25000,10.37
25,150000,6000,7.66
21,19000,7200,14.74
25,150000,20000,8.88
22,87800,15000,11.36
25,150000,15000,6.54
23,150000,8000,6.91
26,150000,25000,9.99
23,88000,15000,10.28
25,150000,10000,6.54
26,150000,14000,10.36
22,150000,18000,15.2
26,78000,15000,12.42
24,90000,15000,17.27
24,90000,15000,7.9
24,150000,24250,10.38
24,90000,15000,17.58
22,90000,15000,11.49
25,150000,22000,10.38
24,150000,24000,10.99
23,150000,10000,7.14
25,150000,25000,10.25
24,90000,15000,11.86
26,150000,24000,11.83
26,150000,7000,14.96
22,150000,9500,12.87
24,90000,15000,14.42
24,150000,15000,13.16
25,79000,15000,12.18
26,150000,15000,12.21
25,150000,5000,13.16
26,150000,6000,9.63
25,150000,12500,11.58
24,150000,20000,10.51
24,68000,15000,15.58
26,138000,18000,16.4
23,150000,24000,9.76
25,150000,12125,8.7
21,150075,25000,7.49
23,150600,2400,7.49
24,151000,35000,14.27
21,151000,8000,11.12
24,31000,15075,15.27
24,82308,15125,10.36
26,152000,17500,8.49
26,152004,5800,7.88
26,152229,15000,11.36
25,153000,7500,11.71
25,153000,14500,13.85
25,153600,18000,6.99
25,154000,12225,7.49
24,154000,6000,5.79
25,154000,21600,10.37
25,154000,9200,12.61
25,154000,12000,10.99
26,154000,12400,11.83
25,154008,9600,10.95
26,155000,18000,6.99
21,18000,6500,7.4
24,155000,12000,7.49
25,155000,10000,13.06
25,39000,15200,16.0
26,155000,25000,10.75
25,155000,18000,7.51
24,48000,15200,11.48
23,143000,24250,14.59
22,28080,15250,16.7
22,155000,4000,11.14
25,155000,22000,16.0
25,155004,10500,7.49
23,31200,15250,17.93
26,155142,23000,18.25
25,155796,25000,13.48
21,155800,18000,11.26
26,156000,9600,14.27
26,156000,35000,10.65
24,38272,15250,14.17
26,156000,7000,9.91
26,34000,15250,13.22
24,36000,15250,15.95
24,156000,15000,10.25
24,59000,15250,14.96
24,156000,15000,13.57
25,156000,10000,13.22
22,54288,15350,12.18
24,120000,15400,14.26
25,144996,17600,14.84
25,157000,28000,7.49
26,145000,20000,10.25
26,157200,20000,12.18
24,36000,15450,13.43
26,157500,25000,11.86
25,158000,20000,14.26
26,91800,15450,10.91
26,159960,18325,7.49
23,159996,12000,5.42
22,71760,15500,7.88
22,160000,7000,8.9
26,125000,15500,7.88
23,54000,15550,11.71
24,41000,15600,12.87
22,50000,15600,12.21
26,148000,7500,18.39
24,160000,20000,19.69
23,60000,15600,12.69
23,160000,15000,7.91
23,160000,35000,15.23
25,62000,15600,7.49
24,160000,17000,9.25
25,110000,15600,15.33
24,148000,25000,15.31
25,46000,15625,9.91
24,44400,15650,21.74
24,63000,15675,6.54
21,160000,6000,8.0
23,68000,15700,11.49
24,162000,16000,15.96
26,150500,10000,15.99
23,163000,10000,11.36
26,151900,20000,11.26
22,36000,15850,11.48
24,50000,15850,16.35
23,84000,15850,8.49
23,165000,5000,5.42
22,104000,15900,13.49
24,76000,16000,10.99
26,165000,20000,13.22
24,15996,4000,8.0
23,77000,16000,11.14
22,165500,12000,12.99
24,79500,16000,11.14
22,166000,23450,11.36
23,167300,20000,12.21
23,168000,15750,10.75
25,80000,16000,9.88
23,80000,16000,13.85
24,170000,5000,11.71
23,62900,16000,16.35
25,80500,16000,16.45
26,170000,20000,10.37
25,170000,3850,6.17
26,81000,16000,13.85
25,83000,16000,10.99
23,85000,16000,14.27
25,170000,25000,10.75
23,85000,16000,6.03
24,85000,16000,11.99
24,85000,16000,6.91
24,134300,12000,16.45
21,15300,2500,6.03
24,172000,15000,10.37
25,172000,12000,11.86
25,86000,16000,16.29
26,173000,10000,8.07
23,89100,16000,13.92
25,175000,7550,11.49
24,175000,10000,5.42
26,175000,7500,15.21
25,15000,2000,6.91
24,90000,16000,12.18
26,175000,3000,8.94
24,175000,8000,11.14
23,91000,16000,14.22
24,79200,16000,12.67
26,93000,16000,11.11
24,94000,16000,11.89
24,175500,15000,12.18
24,176004,3200,10.0
25,177160,24000,11.11
25,178364,8000,15.68
22,179000,25000,10.99
25,180000,6000,12.42
24,96000,16000,11.99
26,97188,16000,12.8
24,142800,25000,14.84
26,88000,16000,17.88
24,168000,25000,16.45
26,180000,9700,13.85
21,180000,5000,8.07
23,180000,5000,9.33
25,180488,24000,12.87
23,168952,12500,8.94
25,181408,14500,8.88
24,100000,16000,11.12
24,185000,10000,6.92
25,185000,12000,5.79
26,185000,6000,11.12
24,185000,3000,7.88
20,188004,2000,8.59
24,189000,5000,9.32
25,190000,24000,7.49
24,190000,24000,15.62
24,190000,5000,5.42
26,190000,25000,9.25
24,193000,10000,13.06
24,195000,5000,8.9
23,195000,20000,9.63
25,195054,10000,10.59
24,98004,16000,16.32
26,198000,12000,5.99
22,198000,24250,14.22
23,14400,3000,14.72
25,199000,15000,9.99
26,200000,12000,11.71
23,200000,21000,12.69
26,159800,30000,17.58
24,112500,16000,12.29
24,113000,16000,11.99
21,159800,30000,15.62
24,200000,18000,9.99
25,200000,35000,17.14
24,200000,3025,6.17
25,200000,24000,14.96
25,200000,24000,12.18
25,188000,25000,13.24
24,120000,16000,12.18
22,125000,16000,7.9
23,200000,5000,7.43
24,135000,16000,16.69
26,200100,30000,11.71
24,135000,16000,10.62
25,201000,14000,7.66
26,204000,15250,14.35
24,205000,35000,13.99
24,205000,11000,10.99
24,205000,10000,9.63
23,139992,16000,14.18
23,143000,16000,6.03
25,210000,8000,9.91
25,170850,6500,15.01
25,220000,25000,10.75
26,220836,9000,11.26
24,35000,19000,11.36
25,225000,21000,11.11
26,30000,19075,7.49
26,216000,15000,13.98
21,90200,19125,13.92
22,47000,19200,12.29
23,55000,19200,15.21
25,241875,16000,7.05
24,243600,12000,6.03
26,201450,8000,16.95
21,249996,5000,8.59
26,250000,15000,7.49
26,12000,2500,9.99
26,250000,9000,9.99
25,250000,10575,6.99
23,250000,8800,10.0
24,238000,7000,7.66
26,238000,25000,9.25
25,253000,25000,17.26
24,125000,19200,10.99
23,294000,15000,8.9
26,244800,12000,16.29
22,126500,19200,13.79
24,300000,35000,9.99
23,300000,10000,15.65
25,12000,4500,13.16
23,50000,19400,12.69
26,315000,12000,13.47
24,330000,3500,10.36
21,55438,19400,13.49
25,365000,35000,10.65
25,370000,15000,12.99
24,375000,20000,11.41
23,70000,19425,11.11
24,425000,10000,7.88
24,90000,19500,9.76
21,10560,1000,10.36
25,450000,35000,11.11
26,480000,25000,14.38
22,118000,19550,15.62
23,45000,19600,9.91
24,53295,19600,16.07
22,75000,19600,12.42
24,45295,19650,15.37
23,30000,19750,11.14
23,38000,19750,7.51
21,9600,1200,10.99
21,9600,2000,15.99
25,9600,2100,15.99
24,9600,1000,8.49
26,9600,2950,17.49
22,9600,1500,7.29
24,9600,3200,7.88
23,9600,4000,7.14
23,9600,2100,10.62
25,47000,19750,15.7
21,9000,3000,15.23
23,9000,2000,13.35
21,8004,3000,7.88
21,8000,2800,7.4
22,8000,5400,7.75
26,7904,500,10.71
24,7800,1000,11.36
24,7500,1200,13.48
21,7200,2500,13.11
21,6000,1600,14.61
26,5500,1000,9.63
25,5000,1000,9.64
22,4800,1800,14.84
22,4800,1200,14.26
24,4800,2400,16.0
21,4200,2750,16.95
21,4080,1400,11.86
24,21600,6600,12.68
23,21600,4400,12.53
24,55000,1800,7.49
21,30000,12000,5.79
22,75000,8000,5.99
25,80208,4000,5.42
26,53000,2800,6.03
23,42000,6000,9.99
24,69996,2500,12.53
23,36000,16750,15.28
25,65004,4800,13.49
22,72000,16000,10.37
24,130000,24000,11.49
22,70000,7550,7.51
24,70000,9000,9.63
25,60000,3000,13.47
23,50400,5000,10.38
23,75000,18000,12.73
25,85000,4000,7.88
23,98280,9400,6.62
23,90000,8000,10.36
22,53808,6000,8.9
23,81600,9000,7.49
23,30000,10000,15.31
24,52000,5000,14.22
24,48000,4000,5.42
22,33000,6000,13.85
21,35000,1500,9.63
23,118000,12000,13.11
26,95000,12000,10.65
26,42000,4800,14.27
22,64000,13000,14.11
23,57000,4200,10.51
25,33000,7100,14.65
25,216000,25000,16.07
21,15360,1600,12.69
24,45888,9000,5.79
22,58000,4000,10.0
22,190000,12600,6.92
26,75000,12500,5.99
22,41600,12000,12.42
23,90000,12000,8.9
26,51996,10000,13.23
25,88500,7200,13.47
26,30000,15000,13.22
23,45000,10000,12.21
24,30000,10000,12.61
25,32000,2500,16.45
22,36000,1400,14.84
23,48000,10000,10.65
23,24000,5000,6.62
24,10000,3000,7.9
25,35000,2400,12.53
23,39000,6000,15.99
23,100000,15000,7.88
22,27120,9250,13.11
25,25920,2300,11.11
24,102000,12000,15.27
25,50000,4000,14.61
26,94000,5000,7.68
24,40000,10000,7.88
24,69764,1500,14.42
22,21600,2400,16.29
26,20000,4800,5.99
23,49000,15000,19.82
24,128000,12000,6.03
25,62500,4000,10.37
21,40000,5000,5.79
22,44000,16000,16.35
25,85000,9600,13.85
24,64600,5000,7.9
22,60000,3950,10.65
26,65000,10950,7.88
26,36800,5900,10.71
24,54000,1500,14.42
23,16000,5600,12.84
23,39000,10000,11.99
24,45000,8000,12.73
23,78000,4200,13.06
24,100000,10000,12.87
22,44400,12800,12.73
25,125000,12000,9.91
25,37980,3500,6.03
23,75000,8000,6.17
22,28800,8000,11.49
25,53000,6000,6.62
22,26004,4800,10.99
25,70000,5600,7.9
22,130000,24250,12.18
24,49000,5000,12.18
22,72000,15000,17.19
26,78000,18000,13.49
21,27600,7500,6.76
25,115000,20000,6.91
22,56400,9500,8.9
21,18000,4500,10.38
22,50000,10000,6.17
23,65000,7000,8.49
22,32240,15000,13.22
23,55000,15000,6.17
21,57000,3000,5.42
25,69000,8000,13.99
25,75000,12000,13.49
22,59000,4900,15.62
22,70000,21000,8.88
22,54000,8075,13.06
24,79000,21000,7.9
25,26000,8000,12.87
23,159996,12000,5.42
22,52000,6000,7.9
23,50000,10000,6.03
24,45000,7800,7.51
25,128500,15000,12.53
24,87000,10000,10.36
22,18000,7000,10.65
24,65000,7000,11.83
23,92004,30000,15.23
22,55000,6000,8.9
24,36000,6000,14.96
26,39000,8000,6.62
25,44000,8000,12.92
25,150000,25000,10.25
25,78600,8400,13.48
23,30000,1450,15.58
22,54000,5000,16.35
25,24000,9600,11.71
23,25920,10000,15.58
23,36000,7000,7.9
22,126500,19200,13.79
22,54000,5600,9.63
24,39996,3000,7.37
23,80196,30000,9.91
23,21600,6000,14.42
24,22800,4750,11.36
26,48000,4225,9.83
23,69996,3000,6.39
26,20000,1500,7.74
22,55000,6000,14.27
23,30000,5000,11.86
25,50000,10000,7.9
23,75000,5000,11.12
25,30720,10000,10.37
26,41892,11300,13.22
26,18700,1500,5.42
23,58000,16000,12.21
23,34000,10950,7.29
22,29100,6250,16.07
23,149385,7000,8.94
26,76668,7200,9.63
25,155004,10500,7.49
24,46800,12000,6.99
25,85000,5750,7.29
26,58000,20000,10.25
25,47412,6500,8.59
22,45000,5000,11.11
26,41400,7300,9.45
24,45000,15000,13.06
23,21000,7500,6.91
21,65000,2200,12.42
23,30000,4500,10.62
24,75000,12000,5.99
26,38400,3200,13.49
24,72400,25000,17.99
24,74900,3500,6.39
23,72000,12000,13.61
25,60000,14000,11.12
25,18000,8500,10.28
24,35000,5000,7.88
24,70000,9000,11.83
26,16428,2400,12.23
21,32400,10000,13.23
23,82500,5000,8.49
24,88000,30000,18.62
26,150000,25000,9.99
23,21000,3000,12.68
25,67000,5000,13.92
22,28000,1000,10.25
26,33600,3300,15.65
22,65000,9000,9.63
22,72204,6700,13.47
23,36000,1200,13.99
21,60000,6000,6.91
24,54996,12500,12.87
25,16000,3200,9.32
21,90000,4800,9.62
24,72000,8000,10.0
24,112500,8600,13.11
26,40000,6925,15.99
25,42000,10000,14.91
21,46000,5200,17.27
22,30000,3000,11.49
23,26000,7800,10.59
21,50000,9000,13.49
22,44094,3600,7.37
24,46000,2000,7.66
22,75000,25000,14.96
22,30000,10000,11.86
25,26729,7300,11.14
22,115000,12000,5.99
25,67000,25000,10.91
25,96000,21000,14.65
21,30000,7000,10.99
26,175000,17000,9.88
24,48996,5000,13.79
22,52320,15000,12.86
25,36000,15000,15.05
22,66614,11000,17.99
22,16800,4750,13.85
24,52728,5000,7.74
23,55000,18500,13.16
25,74000,16000,8.49
25,5000,1000,9.64
22,80000,9500,11.71
24,156000,15000,10.25
24,48000,10000,7.49
25,43200,3000,13.8
23,81000,18000,13.98
25,76000,5000,7.9
23,135000,12500,15.99
22,55000,1400,13.49
22,27500,4250,10.99
24,43300,24000,10.62
25,24996,2500,12.98
25,72000,3200,6.39
23,138000,2700,11.86
26,159960,18325,7.49
24,64000,4000,20.89
24,51000,9600,15.31
22,30000,7000,9.62
22,22000,8500,15.05
24,23500,7000,10.38
26,220836,9000,11.26
21,19200,2400,9.91
25,65000,15000,13.49
23,65000,5500,7.88
26,145000,10000,10.99
22,78700,7000,7.68
23,21000,6000,15.27
26,24000,6000,6.62
22,42000,3600,7.37
24,46704,9000,11.49
24,65000,12000,9.91
22,66000,16800,13.49
21,60000,6000,10.62
25,30720,2000,11.12
23,80000,12000,13.48
22,41000,1000,6.99
25,150000,8750,7.74
23,122000,14000,13.48
22,27996,2200,15.95
22,30000,6000,12.42
23,30000,3000,15.2
21,40000,15000,13.16
22,41500,2500,15.62
24,98000,12000,7.49
26,42000,4500,7.66
24,65000,1525,5.42
21,45000,18000,7.88
23,21000,7500,12.69
24,39000,16000,19.91
24,70000,24250,12.18
25,95000,18000,10.99
26,51000,12000,6.17
26,200000,15000,14.79
21,65496,13250,10.37
24,34000,10000,12.18
22,43000,13500,10.95
23,44000,6000,14.22
22,39000,5000,6.99
22,50004,5300,14.42
25,150000,20000,8.88
25,80000,18000,5.79
21,25000,8800,9.33
22,120000,5000,14.79
22,50500,6000,11.83
22,49536,5200,6.62
24,39000,1500,15.62
25,30000,2000,14.22
24,39000,5600,5.42
24,40000,2500,9.99
22,60000,5600,7.49
25,78000,14200,11.48
26,71004,20000,13.36
24,130000,25000,11.83
24,87000,25000,10.99
25,90000,10000,12.42
23,30996,5000,11.86
25,87000,13000,11.26
25,32000,15000,16.45
24,31000,10000,14.65
25,48000,4800,10.74
25,60000,12500,11.49
24,55000,5500,8.59
26,165000,20000,13.22
25,84000,4500,12.18
25,84000,8500,11.83
24,33996,5000,14.96
23,30000,4800,7.49
22,38000,8500,5.42
21,60000,10000,12.18
23,80500,7200,9.25
25,58650,20000,14.09
23,42000,4400,11.89
22,23800,8800,9.32
23,32400,4500,7.49
24,60140,7000,8.59
21,36000,18500,10.91
23,50000,18225,10.74
26,130000,4550,13.57
21,35000,11000,7.88
23,70000,6000,13.16
25,33772,3600,16.02
21,65000,12000,11.71
25,55000,8500,14.22
22,43600,10000,14.96
22,50004,11000,15.68
25,48000,7000,12.09
24,40000,5000,6.17
25,23198,6000,8.0
23,84000,12500,6.54
23,63000,20000,7.9
22,57996,2500,12.53
20,188004,2000,8.59
25,39000,3000,13.99
24,85000,7750,11.12
26,125000,10200,7.49
24,54000,11000,5.42
23,55000,10200,12.73
24,141000,10000,7.49
22,35100,1000,13.98
24,20400,7550,14.79
22,37000,7500,10.95
25,67000,7000,8.94
21,57000,8000,10.65
22,51000,7500,5.99
23,140000,16400,15.96
25,60000,3000,14.59
25,69900,5050,5.42
25,48000,9000,13.79
25,70000,7000,13.79
26,81000,21000,16.95
22,24000,1500,18.79
22,90000,16000,6.03
25,42900,12000,8.9
23,65000,13600,15.62
24,62400,20000,11.12
23,45000,1775,12.72
24,45000,9200,11.89
23,130208,20000,12.73
22,23587,2000,11.89
22,69500,6000,13.48
24,42200,4450,9.32
25,45000,11100,13.11
24,42000,22250,11.11
21,12000,4200,13.48
22,60000,7500,11.66
26,80004,7500,15.23
24,42000,19200,7.9
24,105804,15000,7.49
23,45000,11200,10.59
24,52800,9000,7.49
22,68000,3500,6.39
26,58000,3000,6.92
23,39600,8250,9.32
22,40000,7000,11.99
24,72000,8000,7.88
24,72000,15000,10.99
24,51000,8500,8.94
26,136000,12000,14.72
22,50000,10000,7.88
23,60000,7000,6.54
25,50000,6000,6.76
25,36000,7000,12.73
22,47800,1500,13.43
25,61959,25000,12.73
25,49000,7750,9.63
24,64000,12000,17.56
21,59000,5000,9.99
21,24000,7000,11.86
26,64000,8000,12.17
26,90000,3200,13.22
22,54000,12000,8.49
25,60000,7000,9.25
26,170000,20000,10.37
24,33600,2500,8.9
26,110000,5000,12.69
22,22800,3000,8.94
24,60000,14000,7.51
23,40000,8000,11.49
22,34800,9600,19.16
22,30000,15000,15.27
25,150000,25000,10.37
21,30000,10000,11.99
23,86500,14000,7.29
23,62000,6400,10.08
23,40000,2000,10.99
23,160000,35000,7.66
22,62900,25000,14.38
26,67000,10000,12.21
22,38400,10000,13.99
23,58800,3000,10.36
22,100000,1200,8.59
26,32000,7500,13.79
23,84000,15000,11.34
23,85272,5000,11.11
23,28000,5000,11.78
24,60000,15000,11.83
24,33996,7000,13.16
22,52000,10000,13.87
23,13000,2800,15.21
22,39900,19000,12.18
22,48500,20000,11.36
24,27600,7000,7.9
25,168000,35000,10.65
25,47000,4000,6.62
21,26000,6000,7.49
26,51996,6500,15.68
22,107004,10000,7.29
25,60000,5000,7.29
23,58500,4000,8.0
22,32000,5400,16.29
23,114000,8000,12.68
21,40000,5000,6.62
24,86000,20000,10.99
24,30000,3000,7.49
24,40000,10000,11.99
25,38400,12000,10.38
26,37500,10000,14.91
23,75000,5000,7.49
25,32500,12500,7.9
24,65000,3300,7.51
25,150000,8200,5.79
21,60000,5000,8.49
23,35000,2100,5.42
24,60000,12500,11.49
26,88000,10000,12.69
23,45600,5000,14.22
25,122000,20000,13.23
25,50000,9175,19.42
23,71000,11300,7.49
24,24000,5500,14.27
23,65000,6000,9.63
26,85000,10000,14.09
23,34800,7000,11.99
21,36000,1000,12.42
24,40000,3825,10.0
25,40000,3500,13.49
21,18000,5800,14.72
25,85000,12000,14.65
25,84000,8000,16.45
25,21500,7500,11.34
23,58000,12800,12.42
23,28800,5000,11.99
22,30000,6600,14.42
23,78000,8000,12.87
22,137004,10000,5.79
25,42000,10000,13.8
22,165000,24000,15.62
25,45000,5000,10.74
24,38400,4000,7.29
26,40000,1800,13.23
24,72000,14000,14.65
22,83000,25000,15.95
23,42000,15000,11.83
26,60000,24000,7.9
22,90000,6400,9.88
25,47000,8500,8.9
23,29120,6400,8.94
25,79000,10000,5.79
22,69996,8000,12.84
23,95000,35000,7.9
24,37000,5500,9.2
23,70000,12000,7.9
25,123144,12000,10.75
25,115000,19000,13.49
21,52000,1500,11.99
26,42000,4500,11.48
23,95000,19800,13.22
23,70000,6725,6.62
22,70000,12000,12.53
22,85000,12000,6.91
24,70000,6000,15.23
22,107000,35000,16.49
22,45000,9000,11.48
25,38496,8000,6.03
23,66661,1500,11.49
23,200000,5000,7.43
26,32000,5000,6.03
22,34000,6500,13.22
25,36000,11200,9.76
25,32000,8575,15.62
26,59000,8500,11.83
22,78700,14000,13.48
22,38000,4500,5.79
26,50200,9000,7.66
26,86000,10000,13.49
24,84000,12000,6.91
23,63402,6000,13.22
25,100000,12000,9.91
22,69000,7800,12.41
21,30000,3000,5.99
25,60000,1200,7.66
26,44000,4600,13.99
23,42000,12000,15.23
25,45996,11500,12.53
24,37000,10000,10.99
26,36996,9600,11.97
22,89800,20000,12.53
26,64800,2000,11.99
23,120000,6000,13.06
25,21000,5175,12.53
26,60000,12500,6.92
23,115000,10000,14.27
23,45000,14500,10.36
21,35000,6500,13.43
22,41000,7000,7.9
26,75000,4000,12.99
24,50000,7200,11.71
23,20664,4550,13.72
25,61000,15000,14.65
26,77368,15000,10.0
26,74000,4475,9.99
23,72000,3000,16.89
24,54400,2500,11.14
25,19200,5000,10.99
25,35364,10000,9.32
23,26400,3800,7.9
26,35000,6000,7.51
22,55000,13500,9.67
23,51000,17500,14.09
26,59000,18000,16.0
25,154000,12225,7.49
24,200000,12000,12.69
24,25344,4000,16.49
21,192000,20000,6.54
25,175000,10000,15.05
24,40000,3600,10.59
23,140000,9000,7.14
23,58650,5000,8.59
23,60000,3600,9.99
23,61498,5000,11.36
21,30000,1000,10.99
24,133000,17400,11.71
23,52000,8000,13.22
23,90000,12000,12.18
23,48500,3850,8.49
21,26400,4750,12.23
26,80000,15000,16.07
26,60000,16000,7.9
21,68004,16000,11.26
22,23000,4850,14.27
23,36000,7000,9.99
23,90000,13000,12.73
24,75000,2000,9.99
26,140000,24250,12.53
23,24000,2800,11.49
25,83004,5000,6.76
24,75000,12000,6.62
22,48000,6500,10.62
25,19000,4000,7.4
24,127000,12000,15.05
25,34800,5600,16.77
21,14400,1825,15.62
21,68000,3000,11.78
25,100000,12000,8.94
25,50004,12000,15.31
23,116000,11000,8.94
26,48000,25000,18.43
23,80000,10000,7.74
22,27000,2800,7.51
26,22406,2500,6.76
23,57700,3500,10.65
23,30000,4000,16.32
22,24449,1800,11.89
22,69528,6000,12.99
22,36000,6000,7.51
25,48000,3000,9.32
25,60000,10000,12.21
25,64000,8000,15.28
25,34000,2000,7.66
21,24000,2000,11.14
22,24000,6000,12.68
22,32000,14000,12.23
23,45000,4800,13.98
24,95000,6500,8.49
22,50000,7500,8.32
22,42996,4800,11.03
23,19250,6250,16.82
23,44400,1500,11.63
26,53000,8000,7.88
25,68000,10000,14.26
23,70560,9600,7.9
24,37200,7200,7.9
25,39000,16000,15.65
23,49000,2400,7.66
23,90000,6000,11.89
24,98000,13200,15.28
24,102000,9800,10.36
22,26400,4400,11.49
24,70000,13000,10.0
26,53826,8500,14.79
23,120000,6000,9.99
22,49000,2400,5.79
24,96000,7000,9.91
25,31000,1800,8.32
24,100000,11000,5.42
23,40000,15000,11.71
23,70000,20000,12.21
23,100000,10000,10.59
23,78300,15000,16.82
26,45000,6000,7.49
24,85000,7500,13.99
26,45000,10000,16.89
22,36000,5000,12.68
25,109000,15000,10.25
26,31836,6400,14.35
22,54000,7000,14.96
25,49963,2100,11.49
22,60350,25000,15.95
22,60000,11200,5.79
25,50000,2600,6.03
24,60000,8500,10.59
24,95000,15000,12.69
22,60000,6125,6.17
24,75000,10000,6.62
22,75000,9000,6.99
24,54000,5500,8.07
25,102000,25000,10.99
22,61000,12000,13.49
23,44000,5500,6.17
25,105000,6500,13.87
22,72000,15000,10.25
24,30000,8000,9.25
24,29000,14400,15.7
23,21360,7500,7.14
25,75600,14500,9.63
26,108000,25000,15.05
25,49600,12000,7.14
26,52000,3300,10.99
23,43949,3000,11.49
26,40000,12000,7.51
24,60000,12000,8.9
26,50000,10000,7.74
23,38004,4500,7.88
23,70000,17000,8.88
22,48000,5000,7.88
23,24000,5500,10.99
22,34500,5000,16.89
24,120000,16000,9.63
24,80400,12000,5.79
23,50000,13750,18.43
23,126000,8000,13.23
21,20004,3000,10.37
22,160000,20000,7.49
22,46000,12000,11.71
26,40000,15000,9.64
25,40000,5600,14.61
23,75800,7000,6.54
22,43000,2400,10.99
25,55000,6000,10.65
26,60000,5000,7.14
25,30000,9000,17.58
22,52000,5000,6.99
22,100000,3000,11.49
25,90000,20000,6.54
24,46500,8000,15.23
25,145000,25000,11.36
25,60000,17000,6.91
21,200000,16000,14.65
25,79000,9000,6.76
24,120000,25000,13.99
24,47000,7000,6.62
23,47000,13850,12.68
24,72000,14000,7.9
23,45000,8650,14.27
25,61200,5650,7.66
25,34000,10000,11.26
23,22800,1775,6.99
23,28000,6000,9.63
24,45000,4000,15.99
24,44000,25000,15.58
21,40800,12000,15.21
26,75000,12000,6.92
23,33195,1800,11.99
26,90000,5525,11.36
25,24996,7500,12.98
23,74800,20000,17.04
23,168600,20000,11.58
24,43000,10000,16.89
25,28128,7500,15.33
24,64151,5000,11.86
24,44000,2000,8.0
22,105500,6000,11.99
23,90096,10150,11.97
25,306000,24250,13.85
23,49000,5000,15.21
26,53000,6800,9.91
25,49200,6000,10.0
23,38000,5400,7.9
22,54000,3200,16.49
23,75000,6000,6.03
26,120000,6000,9.88
23,100000,11000,8.49
23,106000,10000,7.14
24,57000,2400,12.69
24,33321,12250,13.11
21,28800,8000,9.88
23,74000,25000,10.36
25,54000,5100,9.62
25,59000,5000,6.17
24,40000,2000,12.53
23,75000,10200,6.03
25,40000,6500,11.89
26,53000,2500,9.91
22,24000,1000,12.84
23,30000,6000,11.71
25,49000,12000,13.49
22,46000,11000,10.59
25,46000,7000,8.49
26,32500,3000,13.22
24,73440,7000,6.99
26,120000,13000,10.99
25,66420,4000,12.18
22,75000,21000,10.0
21,20000,2500,13.79
24,57000,8000,5.42
22,30000,5000,11.49
24,52000,15000,10.0
26,89000,8000,10.99
22,48000,16500,8.9
22,77000,21000,11.48
25,70000,15000,14.42
24,98004,16000,16.32
23,55000,8000,7.49
23,35976,15000,10.25
24,62900,16800,15.65
24,72000,5000,6.03
24,47000,12000,12.21
24,50000,3000,13.47
25,27096,5000,7.9
23,72000,10000,13.85
22,57564,21000,11.48
24,24996,4000,9.45
23,54000,20000,11.83
25,38400,2200,12.69
25,72000,25000,11.89
22,67807,6400,7.14
23,12000,2100,8.94
24,115154,3000,14.27
23,59000,17000,10.25
23,60000,25000,10.25
22,48000,13000,7.88
22,39996,11000,5.79
24,7800,1000,11.36
22,54996,2500,14.35
23,40000,6000,14.79
22,54000,7000,10.65
21,65000,10000,6.03
24,80000,20000,13.06
26,60000,12000,10.65
24,24000,7000,15.62
22,91800,16800,15.62
24,121000,20000,8.9
24,50004,10000,11.12
24,145000,7000,10.99
23,35000,5000,12.98
26,55000,10000,7.51
26,83004,5450,7.9
25,51000,16750,16.4
26,88900,5000,11.83
25,109000,14000,9.63
23,96000,7300,8.49
26,60000,30000,14.27
26,70000,8000,14.84
22,35000,8000,9.2
25,72000,10000,10.37
21,31200,6000,16.89
24,65000,6400,9.99
26,51600,14000,10.37
23,70550,14000,17.51
26,63000,3500,7.68
25,86004,15000,12.53
25,42000,1925,6.17
23,58000,8000,13.61
25,82000,9200,6.03
22,30000,6300,13.22
21,33009,12000,11.48
25,54000,7000,15.62
25,30000,10000,14.61
22,28880,2000,8.59
22,34560,1200,19.29
25,74004,20000,15.95
24,74400,3500,7.29
23,70000,3500,5.42
23,36000,6500,17.49
22,30000,3600,10.99
22,18000,5400,15.31
21,12000,1600,10.59
25,52000,16000,13.98
25,48000,1400,14.79
25,89000,14000,7.49
24,101000,24250,12.53
22,63000,5000,7.74
25,80004,10000,9.62
23,46000,12800,19.41
23,42996,6000,12.84
24,50000,12500,9.32
22,91234,12000,11.83
22,69600,1350,12.68
22,20000,4000,9.45
26,14400,2000,17.49
22,82000,10750,9.25
24,93000,2100,9.91
23,75000,10000,11.86
25,56000,6000,10.74
24,52800,8000,12.87
24,44000,22800,17.27
25,57500,6000,11.28
22,71500,6400,13.11
22,41838,6600,16.89
25,78000,25000,9.64
21,44000,10000,14.74
23,64000,12000,13.16
23,100000,10000,12.87
23,58000,7200,11.97
26,54000,6600,11.97
22,42500,5000,12.98
23,67000,25000,7.9
24,40000,4000,7.14
24,24000,3500,15.65
22,40680,6000,11.36
23,64000,12000,15.62
25,122000,10000,13.57
26,126000,7500,13.92
25,65000,7000,11.66
25,77700,14000,10.99
21,36000,5000,12.99
25,75600,15000,12.68
22,35000,8000,5.79
25,57000,9600,14.46
23,120000,25000,9.99
22,54252,3500,6.39
23,11000,1400,9.32
23,105000,7200,11.71
24,85000,4400,7.4
22,27000,2925,10.71
22,30000,3000,10.36
25,47052,21250,10.99
24,47928,6000,12.53
25,105000,4800,15.23
23,38400,3600,13.61
22,24432,2000,11.36
26,46800,12725,12.42
22,60000,12000,10.0
25,38000,10000,7.49
24,59600,10000,5.99
24,95000,4000,7.9
23,62000,10000,14.27
22,18996,3200,15.28
26,32450,3250,6.99
23,38000,12000,11.71
22,48000,7500,17.04
26,12000,6100,7.51
25,117014,8400,7.29
22,12000,1000,13.57
23,85000,5000,11.58
22,31200,12000,10.39
22,69000,10000,15.62
23,40000,15000,11.71
25,36000,10000,11.11
26,54000,10000,7.9
23,43000,3000,8.49
24,35000,7000,16.29
23,115000,35000,7.9
23,55000,20000,12.53
23,24000,12250,13.16
25,96000,5000,11.83
26,84191,9000,6.62
23,54586,19000,11.14
24,138000,5000,13.23
23,39000,12000,10.99
25,69000,25000,6.99
25,30000,12000,5.99
22,70000,13750,10.75
22,29570,8000,14.42
26,90000,13000,10.59
25,54996,10000,8.94
23,60000,15000,7.9
24,55000,4000,11.26
23,48756,4800,11.36
26,72000,16000,10.59
24,72444,25000,10.74
23,70000,6000,7.49
23,59000,9000,8.49
24,62467,10625,8.49
25,24000,6000,5.42
23,180000,5000,9.33
25,30000,5000,11.86
23,39000,10000,15.2
23,170000,12000,11.11
22,42000,10000,12.42
24,84996,8000,15.57
26,130000,10000,6.03
23,78000,8100,7.29
25,60000,7000,10.36
22,33000,12500,14.26
24,29000,4000,9.96
24,76597,22000,9.25
24,65000,9000,7.29
22,43000,6000,7.74
22,31200,10000,12.73
25,107000,1000,7.4
22,35000,5700,12.99
23,48000,5000,10.08
25,53000,3000,13.99
24,52000,12000,14.83
21,12000,3250,15.68
22,36000,3250,7.75
24,99000,12000,6.03
25,20000,3500,10.28
22,72000,5000,6.54
22,45630,2500,18.64
22,42000,7000,14.84
21,18456,3500,13.35
22,150000,8200,6.99
26,52000,6000,8.9
23,72000,10000,10.59
26,80004,15000,11.86
23,74800,15000,16.0
26,56000,10000,12.69
22,68000,20000,16.77
22,37008,3600,12.42
26,63400,20000,9.62
23,36000,4000,10.99
25,63000,25000,13.87
24,55152,16000,11.49
21,87500,25000,13.98
24,49000,7000,7.49
24,54100,4500,7.14
24,24000,8500,7.9
21,55000,12000,10.62
22,48000,15000,9.63
24,50000,7000,5.42
22,50000,12800,5.79
22,50000,2000,12.18
22,54000,9975,11.48
23,46776,15000,13.24
22,50000,22000,9.91
22,30000,13000,13.11
24,85000,7000,12.69
22,51480,3000,11.83
22,43200,6000,7.68
23,26976,9000,7.51
26,155142,23000,18.25
26,42000,5000,7.29
23,19200,3000,9.99
26,59000,6000,16.49
25,29000,4000,16.29
24,62000,1600,13.85
23,17688,1700,11.11
24,43200,10000,14.26
22,71004,1800,11.12
24,36500,2500,10.37
21,45432,5000,9.88
23,65000,16500,7.49
23,30000,10625,6.92
24,76000,13500,9.99
22,57600,6500,7.49
23,45000,6575,8.0
23,138000,5000,14.91
25,49000,2500,6.76
22,57500,9100,11.49
22,68000,13000,7.88
26,50004,5000,9.32
22,50000,8000,11.12
22,42000,5000,12.87
21,35000,4000,7.29
22,25000,2050,10.59
22,37000,15000,10.25
26,135000,15000,15.33
22,32500,2500,6.99
26,44000,8475,6.91
25,76344,5000,9.63
22,50361,12000,12.73
23,24091,3500,12.99
26,95000,15000,15.96
25,59400,18500,12.73
23,33000,5500,14.54
26,47000,15000,7.9
25,63000,20000,8.49
21,45000,10000,10.25
21,140000,18000,7.9
23,95004,5000,9.63
22,75000,10000,11.26
26,51000,5000,12.42
24,35000,1800,7.14
22,34404,7500,15.05
24,30500,6800,21.74
21,104000,15000,9.63
26,42000,5000,11.91
23,60000,10000,7.14
22,32000,3200,10.2
22,91000,8000,6.92
25,90000,6000,7.14
22,58896,9500,6.76
22,105000,12800,11.83
26,80000,3000,8.0
22,31224,6400,9.32
22,46000,4000,10.37
23,90000,15000,15.31
25,39996,10000,10.99
25,40000,3000,10.25
25,44000,15000,14.59
22,61500,10000,14.22
26,35000,2500,8.9
25,90000,10000,5.42
26,87000,15000,10.62
22,15996,4000,13.35
22,48000,5000,6.99
25,36000,5300,7.49
25,57000,9500,6.17
24,54996,23600,11.89
24,21000,4000,13.43
24,75000,20000,8.88
24,40000,7000,11.34
23,29856,10300,8.94
24,85392,9600,7.29
21,37000,7200,13.61
24,29120,5000,10.99
25,32000,6000,12.92
22,91000,15000,7.88
26,95400,5000,12.68
21,28692,3000,10.75
25,90000,7750,7.51
22,69000,8650,11.49
25,70200,18000,16.45
24,92341,12000,7.51
23,60000,5000,6.91
24,62400,4000,8.9
24,40000,10500,11.36
26,37680,2000,14.96
26,35000,12000,10.91
23,78000,17000,10.99
24,47211,10000,11.83
23,57744,2500,10.37
23,69000,4800,10.75
26,95000,20000,14.96
24,91000,15000,7.88
21,30000,1500,13.92
24,97000,6400,15.96
22,68000,16000,7.9
24,70000,25000,11.86
22,45000,4750,6.39
23,42000,5750,13.57
25,75000,15000,9.99
25,51492,13800,10.38
24,70000,8950,11.89
25,49200,5600,7.49
22,78000,7750,7.51
23,84000,23000,11.99
26,75531,15000,16.49
25,30000,5200,17.19
22,100000,15000,13.85
23,24000,5550,12.53
24,79000,8000,11.49
22,87000,20000,13.85
23,39600,6000,7.88
24,53004,21000,10.65
22,38000,18500,7.66
23,27252,5800,13.06
24,51500,20000,12.21
25,59000,5000,6.03
24,22680,7000,10.62
24,94000,9600,12.99
25,48996,5000,9.88
23,100000,14000,6.17
21,31680,15000,12.61
20,65000,4800,9.99
23,78000,4600,7.66
23,60000,10000,11.26
21,21600,2000,11.71
26,87996,8000,6.91
26,58000,3500,8.59
26,117000,6000,7.51
23,52692,3500,12.23
22,40000,4000,12.69
24,51000,15000,11.12
25,125000,6500,14.61
26,76250,10000,10.71
26,127992,26000,13.99
24,39996,5000,14.11
23,51000,6000,5.42
25,40000,5925,11.11
26,65000,5000,7.51
22,40800,2000,6.62
22,40000,10000,7.14
25,59004,20000,14.84
24,72000,6000,7.49
26,45000,4000,12.21
22,166000,23450,11.36
25,80000,12000,7.88
25,33000,1000,7.29
21,41000,7000,5.79
23,60000,8000,10.25
25,200000,24000,12.18
22,24960,2500,7.51
22,60500,7000,12.84
24,62000,2000,13.49
24,72000,16000,13.06
22,42000,14750,12.99
22,100000,10000,10.65
22,75000,19600,12.42
25,36000,13750,13.22
24,36000,5300,15.28
24,80000,12000,7.49
25,50000,6400,8.32
24,30000,5000,12.69
23,47496,3500,12.69
26,80400,7000,10.65
23,100000,12000,13.57
21,18000,1500,12.87
23,32640,4800,11.99
26,64000,7500,9.83
24,33600,4450,11.49
24,110000,12000,8.94
24,136000,25000,19.13
23,92000,6500,8.0
22,77000,12400,7.51
26,28800,15000,10.0
22,36000,5000,14.61
25,75000,20000,10.38
24,96000,6000,13.92
24,50000,11000,16.89
23,105999,8550,9.88
22,44000,3600,13.43
26,96050,24000,15.28
26,33996,10800,11.12
22,42000,3000,6.03
23,136000,8000,8.32
22,30000,13250,10.99
23,35400,9600,11.89
23,125000,7500,8.0
23,53352,17500,6.54
23,14400,4000,10.74
25,80000,15000,12.61
26,80000,7000,13.22
22,25000,1800,8.49
23,75885,3000,11.03
26,65000,4000,5.42
23,44000,3200,7.51
25,48000,2000,10.74
23,65000,8000,7.14
22,48000,10000,13.49
22,60000,15000,11.71
23,30000,19750,11.14
26,115600,9925,7.29
21,12000,3000,8.9
23,38004,5000,6.91
23,130992,6000,7.51
22,60000,5200,5.99
23,85000,5000,14.35
25,20000,4000,5.79
26,45000,2000,11.49
22,52000,10000,11.71
24,51600,3000,10.65
22,60000,17500,7.88
23,56700,12000,5.42
24,48000,4400,5.99
22,34000,3800,18.25
23,37344,3200,12.68
22,62000,7500,13.87
24,103000,21000,13.49
24,45000,6000,7.51
24,120000,10000,13.61
25,40000,6000,7.88
23,113000,12000,7.66
24,38400,4200,6.76
24,20000,3000,8.94
22,60000,7000,6.91
23,48000,6000,12.87
23,61000,2500,7.49
21,56000,15000,16.0
24,46809,5000,12.18
23,39456,14000,7.29
23,115275,7500,11.28
26,48000,10000,5.79
23,59000,20000,12.29
25,50000,18000,7.88
24,72000,8000,12.21
26,48000,9000,8.94
22,52500,8000,15.23
25,76000,20000,6.54
23,39996,12000,9.63
23,68000,1000,8.0
25,82560,4500,7.42
26,74000,10000,6.62
25,38000,4800,11.71
25,31500,14850,8.9
25,88000,11000,11.14
24,42000,8000,6.62
25,60000,3000,5.99
23,157500,10000,12.69
22,37200,7000,7.9
24,75000,15000,11.71
23,68500,4200,11.66
25,29000,1000,11.99
24,35000,12000,6.54
23,16000,2275,13.06
24,65000,12000,8.9
21,70553,10000,15.28
26,34000,5500,16.89
21,25000,3600,9.91
24,49278,11000,13.22
24,52000,3500,6.76
21,27600,1000,15.27
26,59500,12000,6.62
22,33000,1400,14.27
24,106000,13000,12.69
22,28000,6900,9.99
25,20000,12000,8.07
21,60000,10000,12.18
22,38000,1950,7.37
21,37423,2800,7.88
22,74476,5000,8.49
25,45000,10000,12.98
23,24000,1375,11.11
25,100000,20000,13.06
24,48000,5500,11.36
22,61200,16000,16.45
24,95000,10000,15.23
23,38000,7500,7.88
22,103000,15000,15.99
23,85000,12000,13.16
23,75000,13200,6.17
22,28500,8500,7.68
23,74800,8400,14.65
24,57000,20000,19.13
23,15600,4500,5.99
23,50000,10000,8.94
25,78000,8000,16.0
25,75996,10000,11.99
23,60000,8000,12.53
26,38000,15000,15.33
23,48000,4800,7.9
24,42000,11000,5.42
25,95950,17500,11.71
25,84000,5000,10.99
23,37500,8000,14.26
25,49000,10000,6.62
23,52800,14000,14.27
23,33500,2500,15.68
23,70000,13000,5.42
22,38000,10000,13.49
25,28800,5000,8.9
23,114600,10000,13.06
25,63000,3000,13.47
23,65000,7000,7.9
22,57175,16000,17.15
22,24000,2500,10.59
24,67000,20000,13.48
21,36000,4500,17.27
23,67150,10000,16.32
23,31200,3200,13.49
24,45000,10625,14.27
23,67000,3250,6.76
24,29000,6000,15.27
24,22000,3000,16.0
23,29004,2000,13.16
26,35000,6600,8.59
26,52000,5000,15.65
24,70399,1000,8.59
21,18000,1500,12.18
23,85000,10000,6.17
22,66000,10000,11.49
22,49000,8500,12.53
21,47580,14000,6.03
23,30000,8400,14.65
21,24996,5000,16.45
22,44004,9000,14.11
23,32000,1200,7.68
24,88000,25000,18.84
24,45600,7200,6.91
23,95000,10000,10.99
26,69846,22500,18.99
23,75000,12500,15.33
22,55000,15000,14.61
24,122000,15000,11.58
24,62500,6500,13.22
26,93492,20000,9.45
26,37000,14000,9.88
23,61615,13000,10.62
22,50000,7800,6.62
22,75000,5000,11.49
26,45000,5000,6.99
25,33500,10000,10.25
26,75000,12000,10.38
24,45000,6000,17.19
21,61000,7500,10.39
22,28800,10000,16.49
25,56204,12000,14.11
25,57300,10400,11.66
23,66000,9200,11.86
23,83600,15000,8.49
24,45996,2000,12.98
22,24000,1300,5.42
22,50000,13000,12.23
22,70000,14400,11.71
23,47233,5000,11.36
26,51600,15000,9.88
24,72000,12000,5.42
21,44004,7000,11.46
23,60000,7000,5.79
23,63000,16000,14.42
23,42000,6500,10.37
23,65000,3600,10.59
25,48500,19500,15.57
21,42000,1000,15.58
26,45000,7750,12.53
25,120000,4800,14.22
25,49000,9600,7.51
26,22800,5000,13.57
22,55000,10000,5.79
23,36000,14000,12.99
24,70000,10000,7.29
23,27000,6000,11.66
22,58608,10000,7.51
22,185000,25000,11.36
23,80400,9000,7.51
24,41000,7000,12.53
25,57000,9500,12.53
26,51600,5000,8.94
22,20000,5000,11.86
25,60000,6900,9.99
24,38000,16000,10.99
21,104740,19200,11.99
26,76800,12800,6.92
23,92004,24250,11.12
23,44004,17000,6.62
23,36100,5000,7.49
22,31000,5550,11.36
24,49000,2700,6.92
24,63410,20000,17.51
25,70000,14000,5.42
26,103000,5000,14.96
22,21000,8000,16.77
23,54000,15550,11.71
24,53000,10000,14.91
24,86400,12200,7.29
24,90000,5000,11.34
25,33000,8000,6.62
24,70000,17000,7.51
24,12000,2500,12.69
24,28590,8000,15.65
24,70550,9000,15.05
26,51000,13000,15.33
26,33800,13000,13.57
22,74000,5050,5.42
24,91000,1000,7.68
21,65004,5000,9.99
24,83100,5000,16.35
26,54000,8500,5.42
23,60000,7000,12.99
22,44004,5000,8.9
22,107000,24000,19.69
26,130000,35000,18.25
26,84000,15000,16.0
23,108366,35000,20.25
22,64000,6600,8.9
23,40000,10000,10.36
26,48000,15000,18.64
25,100000,17600,10.59
26,80000,6300,5.79
24,425000,10000,7.88
24,55680,7875,10.65
24,140300,6000,11.14
25,34000,20000,8.88
25,79404,20000,15.05
25,69000,10000,14.09
21,30000,5000,14.96
24,29232,11000,11.71
23,37500,1800,8.94
22,59000,11000,10.74
23,32388,6000,10.71
23,48000,10000,12.84
22,36600,9950,7.29
25,45000,3800,10.65
23,100000,7000,8.59
25,29000,2500,12.84
22,12000,6700,7.66
26,70000,10000,9.45
22,70800,10000,12.61
24,30000,3000,6.03
26,24500,8875,10.0
23,40000,2000,11.71
25,174000,8800,14.27
26,72600,4500,7.74
26,75000,20000,6.91
25,42000,2000,9.25
22,89250,7500,13.24
23,50000,17000,12.42
25,70000,12000,10.37
21,30000,6000,13.16
22,100000,12000,11.11
25,41000,8000,10.99
24,55000,10000,5.79
24,35000,8575,10.65
21,62000,6000,7.51
23,70000,3600,10.59
23,100000,25000,11.71
21,13806,4750,12.73
23,69743,1000,14.11
23,41000,4700,7.9
23,55000,8000,13.85
25,140000,35000,10.59
23,43000,9000,9.63
22,31200,3200,11.99
23,46852,6800,10.65
23,72000,9000,6.76
21,39900,6000,11.49
22,67500,7500,9.76
21,23000,7000,8.9
24,30000,6000,7.51
22,50000,10000,9.88
21,18000,3000,7.9
24,34900,5000,11.49
21,18000,3200,8.49
25,98000,2000,7.37
23,51996,4000,13.98
26,100000,7500,8.32
23,33000,4800,14.54
24,112000,3500,5.42
23,32000,4000,7.68
26,67983,15000,16.49
23,20400,1200,7.9
24,45792,17000,10.38
25,56004,7000,14.22
25,35000,4000,13.11
25,30000,4000,9.76
23,92000,18000,12.68
24,56100,20000,14.74
24,85000,25000,10.62
23,69996,5600,13.11
23,37000,3600,15.62
25,43000,10000,7.88
23,60000,9000,6.17
23,32000,8500,13.16
24,42000,12000,7.66
25,43200,13800,11.48
24,80000,5000,15.62
25,77000,7200,18.53
24,62500,6000,5.79
25,63600,7000,11.49
22,19200,5000,15.33
22,89000,16000,13.22
24,80000,16000,7.88
24,59000,6800,12.53
25,34000,10000,13.79
22,50000,6000,8.94
24,30000,10000,19.29
24,46000,5975,14.46
25,80000,16000,9.88
24,89772,6000,13.92
25,33000,3000,11.99
23,54000,1500,9.62
22,30000,6500,13.85
24,70000,14400,12.68
23,96000,10000,10.65
22,39000,7000,8.94
26,105000,5000,8.49
22,56000,18250,16.7
23,100000,4150,10.65
22,48000,1000,7.29
21,35000,10000,7.66
21,39900,12000,7.9
25,30000,2000,10.38
25,96000,12000,11.99
25,101424,2000,7.29
26,26400,8500,13.23
24,29200,2500,6.76
25,44000,10000,15.65
25,45000,11250,9.38
24,56000,20000,16.7
22,33000,5000,10.25
24,70000,25000,9.62
23,68000,11500,9.99
22,37200,10000,6.92
22,25200,7500,14.96
24,62400,15000,9.45
26,40000,5000,9.91
25,80004,20000,14.26
23,55000,4200,9.91
25,100000,21000,16.49
22,50004,4000,6.92
21,38400,5000,10.59
24,61400,12250,12.23
23,53664,15000,10.75
22,62000,8400,13.47
22,35325,6500,15.95
23,50000,10000,9.63
25,45600,13000,12.99
21,47500,7500,10.99
23,58000,8000,10.37
22,60000,7000,7.14
23,75000,10000,11.49
26,62500,12000,12.23
22,33685,5000,13.85
21,98000,6000,10.59
23,85596,6000,10.0
24,45000,12000,10.99
26,55000,3200,8.49
23,27996,5500,12.53
23,18000,4000,10.99
22,61000,5000,9.99
22,95000,7200,12.23
25,69996,25000,15.21
26,27983,6000,7.88
23,85500,17000,13.11
22,58000,15000,13.79
22,45000,5400,7.29
23,43500,10450,13.57
26,102000,20000,11.36
22,74000,2500,6.62
24,23000,5500,6.54
23,49000,4000,13.99
23,50000,10000,10.99
26,85000,15000,12.73
22,48000,7200,9.62
23,57355,25000,13.49
24,30996,7000,16.63
21,22200,2500,16.29
24,25000,4400,6.76
22,22596,7500,9.76
22,33300,5325,14.59
25,35000,4000,7.51
22,127500,15000,7.49
24,18000,3000,15.27
23,45000,6000,11.49
24,65000,9600,11.99
26,69000,6200,15.99
26,46000,9000,7.14
24,48000,5000,5.99
22,13200,2500,9.91
25,49000,7000,6.99
22,60000,5500,7.88
22,26400,3500,15.27
24,42000,7000,8.59
22,50000,10000,9.32
25,34000,15450,11.22
24,80000,6000,8.59
24,55782,17000,7.51
26,65935,24250,14.96
23,82000,20900,12.69
25,46800,12000,13.11
25,78000,9000,11.78
24,67000,12150,10.37
22,19680,7750,14.83
23,43200,9100,13.24
24,80000,5550,8.49
22,50663,7500,13.22
26,122500,10000,10.65
22,33600,5000,18.25
22,88512,3000,5.79
23,28800,2800,10.38
22,48000,9925,9.63
23,75000,6000,11.48
24,110000,12000,7.9
26,46000,7000,9.99
24,85000,16000,6.91
23,45000,1700,14.72
23,72000,10800,7.88
21,15600,2800,7.4
24,40944,8200,11.36
25,105000,12000,12.84
21,26000,7750,16.7
24,31000,13500,13.43
22,60000,10000,8.9
24,28000,6400,14.75
23,99996,4800,11.49
23,33204,2000,14.72
21,29004,11000,14.22
22,45000,8000,16.49
22,25000,11100,9.63
24,26400,8875,6.62
24,67000,16000,12.69
25,62500,12000,16.77
26,78000,7200,6.62
23,68000,14400,17.99
24,35000,1850,7.12
25,45000,10000,11.89
23,69000,15000,14.96
22,80000,1500,10.37
26,56000,8150,12.87
23,40308,5000,7.68
24,49200,4000,13.06
24,54000,4000,9.99
23,50400,2500,10.99
25,70000,16000,12.18
23,87000,7500,11.28
21,72500,14000,13.49
24,42000,2500,15.28
26,60996,12000,12.21
23,200000,6000,11.86
25,57000,15000,13.85
26,21000,8000,13.79
25,55000,24200,8.49
24,45996,10800,13.16
21,20400,4500,10.99
23,34800,6600,7.49
25,77078,3425,12.18
26,100000,24000,10.99
26,34000,12000,6.03
24,93000,12000,16.29
25,29000,3000,6.62
21,20004,2500,9.63
24,120000,5275,5.42
23,36000,10000,9.99
23,72250,30000,10.65
23,66000,5000,10.39
24,193000,10000,13.06
26,92500,12000,11.71
24,105000,13800,7.66
25,45000,8000,10.38
24,43680,10800,5.42
26,34000,7500,7.9
22,32500,12000,11.49
26,31200,5000,8.63
25,77000,3000,7.49
22,40000,4500,11.71
25,44000,7500,10.08
25,66000,25000,15.33
25,25716,9250,6.54
25,40000,5000,12.61
26,45000,1500,10.25
24,48200,5000,10.38
23,117696,15000,6.03
26,54000,13200,14.91
24,38000,12000,11.89
22,52000,9750,13.06
32,1200000,12000,7.51
34,948000,2000,9.99
29,70500,35000,8.9
33,77100,35000,8.49
29,10000,3250,11.12
28,80000,35000,15.62
29,80000,35000,12.68
35,648000,10000,17.19
29,85000,35000,11.99
31,73000,35000,19.29
34,89000,35000,18.25
27,100000,35000,16.11
30,504000,3000,11.36
35,500000,20000,13.85
35,500000,7500,12.29
33,468000,3750,15.62
34,120000,35000,10.59
33,138000,35000,18.64
29,160000,35000,14.27
33,400000,15000,6.03
31,400000,28000,7.49
29,400000,25000,11.12
34,325550,35000,16.77
33,390000,35000,10.99
27,390000,10000,11.26
28,165000,35000,11.49
30,170000,35000,13.06
33,250000,35000,7.29
30,81000,34000,10.59
28,11029,2150,10.78
30,350000,32000,6.62
33,350000,10000,14.65
35,350000,35000,17.49
29,338000,24000,17.8
34,287300,15000,12.41
32,348000,25000,11.83
30,340000,25000,18.3
28,336000,2150,13.06
34,334000,18000,12.68
34,69996,32000,10.99
30,11440,1750,12.73
28,73000,32000,11.99
28,105500,31000,8.49
32,307000,11000,14.26
31,305000,35000,17.58
27,300000,10000,14.27
30,300000,4000,10.65
34,61200,30000,11.71
27,75000,30000,10.65
29,80000,30000,12.42
34,80000,30000,6.62
34,300000,16000,10.74
29,244800,8000,14.09
31,300000,25000,14.83
32,288000,25000,14.83
28,288000,25000,17.93
29,105000,30000,5.99
29,112260,30000,17.49
34,286000,30000,6.62
34,285000,21000,11.71
33,285000,10000,13.99
30,232050,25000,17.93
28,285000,25000,16.32
35,280000,21600,12.99
29,280000,15000,12.99
28,280000,20000,11.36
31,128000,30000,16.29
31,275000,25000,13.85
31,273655,19600,7.51
27,258000,35000,18.64
30,270000,35000,19.69
30,270000,21000,11.26
30,267000,25000,10.36
31,73000,29700,11.11
29,148616,29550,8.9
27,81300,29000,12.69
29,89000,28800,7.49
29,260000,20000,10.37
31,260000,18000,8.94
31,260000,25000,13.57
31,258000,28000,5.99
28,250000,35000,11.71
27,238000,12000,17.27
27,65000,28000,7.9
34,12000,3250,10.99
32,202300,25000,14.59
29,250000,8000,7.51
31,250000,4000,14.22
35,250000,15000,9.88
28,96000,28000,7.9
29,12000,4500,11.14
27,111000,28000,7.9
35,115000,28000,9.91
35,87550,28000,18.62
27,12000,8125,14.42
27,240000,35000,7.9
32,240000,8400,7.51
31,240000,5500,5.42
29,240000,10000,8.49
30,240000,28000,16.49
29,228000,35000,14.91
29,240000,5000,7.88
30,240000,18000,7.88
32,193800,20000,11.83
27,52000,26000,10.99
31,122000,25600,15.96
27,231252,2000,9.91
34,40000,25000,10.25
27,47000,25000,15.7
33,48000,25000,9.99
30,225000,25000,12.42
28,225000,30000,8.49
33,225000,8000,9.99
27,48000,25000,10.59
27,225000,25000,15.31
28,225000,16800,13.92
32,225000,20000,13.92
28,225000,5000,7.75
28,49861,25000,13.11
29,220000,14725,19.41
31,219996,20000,6.54
29,218000,14400,8.9
28,216000,15000,16.02
28,215662,21000,11.99
32,53196,25000,11.86
30,54000,25000,10.74
29,48000,25000,13.61
30,210000,24000,11.49
30,210000,24250,12.87
28,209000,15000,14.84
27,207182,22000,10.62
30,54383,25000,15.65
27,49000,25000,11.36
28,13500,6700,9.63
27,204000,25000,15.31
34,204000,16000,11.83
31,204000,12000,9.63
29,162350,25000,21.64
28,202040,12000,14.46
32,202000,28000,10.59
30,56952,25000,11.36
31,60000,25000,8.9
28,60000,25000,13.49
29,200004,19000,11.83
35,200004,6000,7.68
29,200000,10000,12.69
28,200000,15000,6.03
32,200000,35000,19.03
28,200000,25000,7.9
31,200000,24000,8.9
31,200000,30000,8.9
28,200000,15000,8.9
28,61000,25000,9.91
28,200000,10000,6.99
35,200000,18000,10.99
35,188000,5000,16.49
28,63000,25000,11.36
32,63235,25000,10.25
30,65000,25000,10.38
31,65800,25000,7.51
27,200000,15000,9.88
30,200000,10000,11.36
28,200000,25000,15.33
27,200000,10000,7.51
32,188000,25000,10.62
29,66000,25000,11.48
29,200000,14400,11.14
30,200000,24250,11.48
30,200000,6000,11.83
29,188000,25000,12.18
27,200000,5000,7.74
30,200000,10000,8.59
28,200000,24250,12.53
30,200000,20000,11.48
30,69000,25000,14.09
32,69996,25000,15.95
27,70000,25000,11.71
33,14400,2000,14.79
32,64000,25000,15.2
29,70000,25000,14.83
30,72000,25000,16.32
27,72000,25000,10.75
31,57800,25000,17.19
32,74400,25000,10.38
29,68872,25000,15.95
30,75000,25000,15.2
34,75000,25000,10.38
29,192000,15000,14.27
35,192000,10000,11.99
29,190000,4000,6.62
31,190000,15000,6.03
31,190000,9000,6.03
28,190000,35000,17.49
35,14400,5550,10.37
27,69000,25000,13.75
30,75600,25000,9.99
30,77000,25000,10.75
29,190000,7000,9.88
27,190000,23000,11.83
34,178000,12000,15.65
30,190000,15000,11.48
33,190000,20000,14.11
32,190000,15000,9.63
32,189996,8400,9.32
33,189000,20000,6.17
31,78000,25000,10.75
27,72000,25000,15.95
33,186996,25000,14.46
29,148410,11200,16.89
28,186480,10000,14.22
29,186063,25000,10.46
27,186000,3700,10.99
28,186000,2500,7.4
30,185000,15000,10.99
29,173000,28000,17.49
35,80000,25000,14.09
33,80000,25000,11.86
27,183000,15000,19.03
32,80000,25000,12.87
30,14400,1000,10.62
30,14400,9250,14.96
29,180396,18000,12.69
29,180000,31000,19.42
30,180000,12500,6.03
27,180000,15000,12.42
31,180000,9000,14.27
32,180000,10000,7.9
31,180000,10000,11.71
30,14400,5000,14.96
28,84000,25000,15.95
31,85000,25000,10.75
34,180000,12900,12.99
33,180000,13000,7.29
29,180000,15000,5.79
30,180000,28000,14.91
27,180000,8000,10.37
35,180000,8500,6.92
28,180000,9000,13.8
31,85000,25000,11.89
30,85000,25000,12.21
28,15000,4375,12.42
30,180000,20000,11.48
33,180000,7000,7.74
30,168000,10000,8.94
28,168000,15000,17.26
27,168000,24000,17.26
32,90000,25000,9.99
32,90000,25000,15.58
29,15000,5000,7.51
34,91000,25000,11.36
31,15000,2000,16.89
29,92200,25000,14.96
28,175000,6000,7.9
35,175000,16000,11.49
29,175000,15000,8.49
31,175000,7500,19.69
35,175000,2200,8.49
29,97000,25000,10.37
31,86000,25000,16.0
29,88000,25000,14.46
33,100000,25000,11.66
28,15000,4000,15.37
35,15000,3700,9.32
30,75480,25000,15.27
30,102000,25000,9.62
35,15000,1925,12.84
27,103250,25000,12.73
29,105996,25000,14.83
30,175000,6000,7.68
29,174996,25000,15.28
27,96000,25000,16.89
35,110000,25000,13.49
34,171996,15000,14.96
31,159200,16000,15.65
28,159000,6000,15.95
33,170004,12000,7.51
31,15456,4000,8.9
31,158000,10200,15.99
35,170000,6500,7.49
34,170000,7500,15.99
29,170000,35000,12.99
31,170000,10000,13.49
34,15523,3800,7.49
32,106000,25000,16.63
33,120000,25000,11.36
28,108000,25000,14.61
33,125000,25000,11.36
29,113000,25000,15.31
32,170000,10000,11.14
32,168000,25000,15.27
30,102213,25000,15.7
27,15600,6400,7.74
30,135000,25000,15.21
35,123000,25000,17.19
28,140000,25000,13.11
33,140004,25000,15.58
31,143000,25000,16.07
32,150000,25000,8.49
30,150000,25000,17.56
27,150000,25000,11.36
29,16000,3000,7.9
30,165000,5000,15.62
27,165000,35000,12.99
31,165000,15000,12.61
30,150000,25000,12.53
30,16000,7275,5.42
31,138000,25000,13.24
33,16000,6000,7.14
31,139016,25000,15.37
30,156000,25000,9.88
30,148000,25000,15.95
29,163000,25000,9.91
30,170000,25000,15.2
27,170000,25000,16.32
30,170000,25000,15.21
29,175000,25000,10.74
32,162000,20000,6.99
28,127500,20000,17.04
29,160800,4800,10.99
27,160669,8000,11.36
30,148000,22200,19.42
29,125800,9000,16.77
28,178000,25000,14.46
32,227500,25000,12.53
27,223000,25000,18.3
32,235000,25000,12.53
33,248735,25000,14.11
28,78000,24625,18.36
30,32004,24250,11.12
30,36000,24250,12.61
27,160000,16000,8.49
29,160000,14700,13.43
27,160000,7000,12.23
34,16800,1600,13.72
27,74000,24250,15.31
28,16800,5000,9.88
28,148000,15000,15.65
30,160000,8400,11.89
27,160000,1500,11.78
29,160000,15000,13.04
30,105000,24250,15.65
31,118320,24250,12.53
29,108000,24250,16.0
29,126000,24250,16.7
32,17000,3200,14.84
31,105400,24250,15.31
27,128000,24250,14.59
29,148716,24250,13.23
34,168000,24250,11.83
27,47000,24000,17.14
35,49000,24000,15.2
28,58000,24000,10.75
28,17544,1500,8.63
28,54000,24000,16.45
31,17676,2500,14.74
30,65000,24000,7.9
31,59712,24000,17.43
28,67000,24000,7.49
27,18000,5000,7.9
29,72000,24000,7.66
27,72000,24000,14.96
28,72000,24000,13.85
27,75860,24000,10.99
27,78000,24000,10.99
35,80000,24000,13.92
32,85000,24000,7.9
30,90000,24000,11.49
31,95000,24000,13.67
30,85000,24000,16.82
35,100450,24000,12.69
28,103832,24000,16.69
35,105000,24000,9.25
30,105400,24000,13.11
29,110000,24000,18.39
31,125004,24000,9.25
27,18000,2000,7.88
32,18000,4750,7.88
31,138000,24000,15.65
28,75000,23850,16.29
29,40000,23500,11.12
28,58704,23500,14.72
28,18000,6350,13.57
29,78200,23500,11.36
29,90000,23475,11.58
28,75000,23000,10.51
30,72000,23000,12.18
29,91440,23000,6.54
31,112000,23000,12.18
27,52000,22950,13.49
35,49404,22750,6.54
29,46000,22750,14.46
28,46500,22500,14.96
35,68231,22400,12.99
32,73000,22400,12.69
29,58500,22000,13.67
30,75000,22000,10.62
31,69000,22000,13.67
27,19000,7800,15.58
28,80000,22000,9.76
31,85000,22000,11.58
28,92000,22000,12.69
27,190000,22000,6.91
35,60000,21725,15.62
27,19200,1400,16.77
28,83004,21600,6.91
33,80001,21600,18.64
31,120000,21600,19.03
30,64600,21500,6.91
30,132000,21500,10.62
33,19200,6000,11.99
35,40000,21000,19.41
33,57500,21000,16.29
30,19200,4750,13.61
31,66000,21000,10.37
28,68666,21000,12.69
31,72000,21000,11.99
29,80000,21000,10.99
28,90000,21000,14.54
33,83000,21000,11.71
29,93000,21000,12.42
29,117000,21000,10.65
30,150000,21000,12.62
34,138000,21000,18.79
31,32400,20500,11.03
35,40934,20500,12.53
28,58200,20500,16.82
35,54000,20500,14.61
33,50000,20400,6.54
29,72000,20400,11.49
31,30372,20200,14.74
27,52275,20050,17.58
32,39500,20000,13.11
27,40000,20000,6.91
31,42000,20000,13.57
30,45000,20000,11.86
30,20000,3800,6.99
35,20000,5500,7.66
31,20000,6400,5.42
29,20000,5000,5.79
30,50000,20000,13.49
31,20000,5000,11.83
31,20000,5000,11.83
28,20000,5000,8.59
30,52500,20000,10.37
33,53004,20000,13.04
28,54000,20000,7.9
32,54000,20000,11.11
27,54000,20000,10.99
35,54996,20000,6.62
27,55000,20000,13.48
32,55000,20000,11.83
27,56000,20000,12.18
28,57000,20000,11.71
33,57492,20000,12.53
28,51500,20000,15.65
29,58000,20000,9.91
30,58000,20000,14.72
31,59000,20000,7.51
28,60000,20000,10.99
30,54000,20000,14.84
27,60000,20000,10.99
27,54000,20000,16.0
27,60000,20000,12.21
27,60000,20000,10.51
34,20400,3300,13.06
28,20400,2075,7.88
28,56000,20000,18.25
28,56000,20000,18.62
31,20400,11000,11.03
31,20500,1000,6.76
33,20640,6250,14.84
28,63000,20000,14.61
29,65000,20000,8.9
31,65000,20000,10.65
30,65000,20000,11.99
35,20800,7000,10.62
32,65000,20000,13.8
34,65000,20000,6.54
29,59000,20000,20.17
32,66000,20000,8.9
27,66000,20000,10.62
34,67000,20000,11.71
27,67000,20000,14.26
30,63000,20000,13.92
29,70000,20000,13.85
27,70000,20000,11.48
28,71874,20000,11.48
27,72000,20000,8.9
27,72000,20000,9.25
28,56100,20000,14.59
34,72000,20000,11.89
27,66000,20000,12.21
30,72000,20000,13.79
28,73992,20000,9.96
28,75000,20000,13.49
27,75000,20000,13.49
28,58650,20000,10.59
35,69000,20000,13.49
30,69000,20000,17.14
28,75000,20000,11.11
29,75000,20000,6.54
27,21403,2100,11.12
29,21424,7750,7.51
27,75000,20000,11.83
30,75000,20000,12.18
28,75000,20000,13.16
27,21600,4200,7.49
30,77000,20000,12.42
29,77625,20000,11.11
28,78000,20000,11.48
27,72000,20000,13.22
28,21600,8000,11.49
31,73000,20000,15.05
28,79701,20000,13.92
27,80000,20000,7.49
35,80000,20000,13.98
32,83000,20000,14.38
27,21600,4000,10.62
27,84000,20000,13.49
28,84996,20000,13.92
28,84996,20000,13.92
33,85000,20000,15.27
27,85000,20000,10.59
29,73000,20000,11.83
29,85155,20000,14.61
27,87000,20000,7.49
29,21996,8300,5.42
27,88000,20000,10.38
30,90000,20000,11.99
27,90000,20000,6.54
32,90000,20000,13.22
29,92000,20000,13.72
32,81400,20000,14.84
27,81500,20000,17.51
28,22000,8000,6.99
34,93600,20000,15.31
27,22000,2500,7.49
28,94050,20000,14.26
31,96000,20000,17.19
33,96000,20000,7.88
32,96000,20000,14.42
31,96588,20000,10.95
34,97356,20000,13.22
33,98000,20000,6.91
30,22000,2000,13.57
28,86652,20000,11.58
30,22000,6000,11.89
30,22000,5375,12.21
31,100000,20000,12.42
27,100000,20000,12.69
27,100000,20000,11.12
29,100000,20000,13.98
29,22080,8000,8.59
31,101000,20000,7.9
32,101000,20000,10.75
33,89004,20000,17.58
35,22300,3775,15.27
35,102000,20000,13.85
28,22404,5725,14.79
27,105000,20000,10.62
30,106000,20000,13.22
28,98000,20000,14.96
27,98000,20000,16.0
30,110000,20000,14.11
29,99855,20000,17.06
30,115000,20000,11.11
27,22800,2500,10.99
31,103000,20000,18.17
29,115500,20000,10.46
34,120000,20000,13.8
27,120000,20000,6.54
28,108000,20000,15.31
28,120000,20000,14.26
27,125000,20000,9.25
33,130000,20000,6.62
30,100815,20000,18.3
27,132000,20000,12.73
27,22896,5000,11.48
34,135000,20000,17.74
29,140000,20000,13.49
27,140000,20000,7.9
29,140000,20000,10.0
34,148080,20000,8.9
31,155000,20000,10.74
30,156000,20000,6.54
31,23000,4500,5.79
32,175000,20000,13.49
30,180000,20000,14.22
28,113000,19975,13.92
30,49110,19775,12.42
27,12000,725,7.37
32,12000,900,10.28
28,12000,1000,16.32
29,14400,1000,16.32
27,17000,1000,7.29
28,18000,1000,13.49
29,20000,1000,10.65
35,23400,5000,15.33
30,36432,19000,15.21
28,44000,19000,16.82
31,51500,19000,14.83
33,56136,19000,15.68
27,23652,2000,7.49
28,58000,19000,14.09
32,65000,19000,12.84
35,65412,19000,11.14
29,71000,19000,6.54
30,60000,18950,15.96
34,42000,18825,7.9
32,60000,18800,9.99
34,95000,18600,13.57
28,99700,18600,14.26
27,24000,6000,8.9
32,24000,5000,16.29
28,50400,18500,16.02
30,60000,18500,12.99
27,60000,18500,10.99
33,62004,18500,12.87
31,112000,18500,7.51
33,62500,18400,9.91
29,45000,18250,14.27
35,24000,4000,7.49
29,30996,18000,10.75
29,42000,18000,14.65
31,24000,3000,7.49
29,24000,4000,10.59
27,24000,4000,12.99
28,24000,9600,11.99
27,45150,18000,13.16
27,50000,18000,8.49
32,24000,2000,7.29
34,50000,18000,8.88
31,50000,18000,13.48
27,24000,6250,8.49
27,51200,18000,14.96
34,51312,18000,13.85
29,54000,18000,10.99
32,55000,18000,10.38
28,24000,8000,10.37
33,60000,18000,8.49
30,24000,2500,7.29
28,60372,18000,14.65
28,63000,18000,10.65
27,64000,18000,11.11
30,64000,18000,8.38
27,59000,18000,12.18
35,66000,18000,9.99
33,67800,18000,10.08
29,68004,18000,10.0
27,69790,18000,10.25
28,24000,1500,7.14
28,64000,18000,11.58
33,70000,18000,11.89
34,72000,18000,15.95
33,67000,18000,13.11
31,75000,18000,8.9
34,24000,2400,13.98
34,78000,18000,8.9
28,80000,18000,10.59
28,80000,18000,11.49
27,80000,18000,10.39
28,81972,18000,10.99
33,24000,6000,10.25
29,74000,18000,17.04
28,89004,18000,7.49
31,90000,18000,12.42
31,78000,18000,18.79
30,90000,18000,8.94
34,100000,18000,13.49
27,100000,18000,7.88
30,101500,18000,12.18
31,102000,18000,10.0
33,90000,18000,11.58
33,103000,18000,16.82
27,110000,18000,9.91
31,24000,1200,8.94
30,24000,6000,8.94
27,132000,18000,8.49
27,102616,18000,13.99
30,175000,18000,5.79
30,168000,18000,14.46
33,30000,17975,8.49
34,65000,17900,7.9
27,24000,6000,12.53
28,24000,5000,9.32
27,32220,17725,11.49
31,105600,17700,10.99
27,37793,17625,12.69
34,24000,2000,9.2
29,77000,17600,13.48
29,88000,17600,14.26
29,153000,17600,8.7
28,205000,17600,13.23
28,44900,17500,14.35
27,48500,17500,12.42
35,50000,17500,12.84
32,24600,4800,8.9
33,58100,17500,13.57
33,92500,17500,15.28
31,114237,17500,14.72
29,120000,17500,12.87
31,636000,17500,11.48
29,35000,17475,7.66
27,45000,17475,11.99
32,58650,17400,15.05
28,24996,6000,5.99
33,24996,6600,12.99
35,54000,17250,19.42
29,75000,17200,14.27
27,78000,17200,17.49
33,33852,17000,11.48
31,24996,6000,9.25
35,37000,17000,13.49
28,45300,17000,14.72
35,48000,17000,7.88
27,55000,17000,7.88
29,60000,17000,14.96
32,61000,17000,11.49
34,65000,17000,8.49
28,25000,10625,14.27
28,80000,17000,5.79
28,80000,17000,13.85
35,84996,17000,7.88
31,92000,17000,14.54
33,25000,6000,6.62
32,115000,17000,11.12
32,25000,9175,10.99
31,25000,3500,13.49
29,25000,7475,8.49
34,78000,16800,7.37
27,25000,5000,10.99
30,83000,16775,11.97
28,24000,16750,14.96
33,33000,16750,12.53
34,39672,16750,13.98
35,39996,16750,14.09
34,25000,1000,9.63
28,82000,16750,20.11
30,96600,16750,10.62
29,25000,2500,9.62
27,25000,4750,14.83
28,25000,6000,14.72
32,25000,5000,16.32
27,68000,16500,7.88
33,71000,16500,14.72
31,39000,16450,16.02
27,44544,16425,14.27
34,43920,16400,11.03
30,42000,16200,10.25
28,50000,16200,13.99
30,54000,16200,15.57
30,25000,6400,7.51
28,70000,16100,11.83
33,25000,1600,11.36
32,25000,11200,7.88
27,30000,16000,7.9
27,30000,16000,10.0
27,36000,16000,15.7
27,30000,16000,10.99
27,40000,16000,9.91
29,40000,16000,11.71
30,40000,16000,11.48
31,25000,2400,14.42
33,25000,3000,12.53
34,37000,16000,12.99
35,45000,16000,10.0
30,25056,2000,12.42
27,39000,16000,12.73
29,47000,16000,11.71
28,47831,16000,13.85
27,48000,16000,14.22
35,50000,16000,9.91
27,25200,4500,5.42
35,44000,16000,13.99
30,50000,16000,16.77
32,25200,4000,6.54
28,44000,16000,13.48
34,44000,16000,13.24
30,51600,16000,13.49
32,51648,16000,14.18
27,48396,16000,14.74
27,55000,16000,11.12
28,55000,16000,13.98
28,51000,16000,16.32
30,54000,16000,17.99
27,62000,16000,7.88
33,62800,16000,13.11
28,63564,16000,13.47
29,65000,16000,17.27
30,65000,16000,13.06
27,25740,5000,14.11
30,25800,6000,5.99
32,25800,2400,14.96
28,60000,16000,16.07
28,66500,16000,12.18
35,67600,16000,11.58
30,68000,16000,14.09
31,69000,16000,5.99
31,26000,2400,14.27
30,64000,16000,15.7
29,70000,16000,14.42
30,75000,16000,8.9
28,21000,1000,7.49
27,22296,1000,14.84
30,22800,1000,11.49
29,24000,1000,9.99
28,26000,12000,11.36
32,26000,13750,13.11
30,26000,1200,10.99
29,25200,1000,10.25
27,26000,5000,8.94
33,26400,1000,10.99
35,26000,6000,9.63
27,30000,1000,5.79
33,26000,15000,9.76
31,30000,1000,9.25
30,33000,1000,14.79
29,26004,4000,14.74
31,26010,6500,9.99
30,35000,1000,10.36
29,38000,1000,7.88
28,40000,1000,9.88
35,42000,1000,11.12
29,26400,4800,7.66
27,26400,6000,6.91
28,26400,3000,6.17
33,48000,1000,9.99
28,44000,1000,14.17
27,51298,1000,10.37
30,26400,5000,7.14
34,26400,3600,9.88
29,64548,1000,14.27
29,74000,1000,9.91
27,75000,1000,13.49
34,26496,4400,10.59
30,69000,1000,8.59
35,76000,1000,13.49
30,100000,1000,11.71
33,26688,5000,10.59
27,10000,1200,14.11
30,14800,1200,8.0
28,15600,1200,12.53
35,19200,1200,7.29
29,20000,1200,11.71
29,20000,1200,11.54
32,22884,1200,13.22
28,27000,5600,5.42
27,24000,1200,18.99
27,27000,4300,5.99
27,27000,11500,20.11
33,30000,1200,6.76
34,39996,1200,7.88
31,42000,1200,16.29
28,27000,2400,10.99
35,43000,1200,13.8
27,44000,1200,15.23
27,27000,3000,11.14
28,48096,1200,17.56
29,55000,1200,9.99
33,53326,1200,16.29
31,75000,1200,6.54
31,26000,1250,11.49
32,195000,1250,13.23
31,27036,6500,11.11
33,34400,1300,9.91
27,47000,1300,10.46
27,51000,1300,7.68
34,65000,1300,6.54
35,27204,1800,7.74
29,14400,1400,11.49
27,18576,1400,9.99
31,22000,1400,22.06
35,24960,1400,8.49
32,27385,2000,12.99
31,25200,1400,6.99
29,28800,1400,7.9
28,27500,15000,6.54
31,27600,3000,11.49
27,58000,1400,15.27
30,27600,2250,15.62
27,27600,3500,6.99
27,27000,1500,10.36
35,27600,3000,11.86
31,28452,1500,11.11
28,29120,1500,15.7
35,30000,1500,7.29
27,27840,2400,5.42
29,30000,1500,11.49
29,27852,11000,8.49
34,27852,4200,12.84
35,32004,1500,8.49
29,27996,1800,5.42
35,33996,1500,10.99
29,29780,1500,12.86
35,28000,7600,6.62
35,38000,1500,7.4
34,28000,3000,9.99
29,38004,1500,14.35
32,28000,7500,10.99
28,39600,1500,12.69
30,28000,6300,11.99
30,34000,1500,14.61
33,28000,4800,7.49
28,41000,1500,14.79
29,38004,1500,12.53
28,44604,1500,11.12
34,45000,1500,5.99
32,28000,6000,15.21
35,48000,1500,9.91
33,48000,1500,11.71
33,48000,1500,11.89
34,50000,1500,13.92
28,28000,3250,12.53
27,54600,1500,13.23
28,55000,1500,7.37
28,60000,1500,16.77
29,60000,1500,12.87
32,54000,1500,14.42
32,61900,1500,13.23
29,80000,1500,12.42
32,80000,1500,10.74
27,28500,1600,13.49
33,18000,1600,9.88
27,28500,2600,7.74
30,28500,4000,7.74
27,28560,2400,6.39
29,18000,1700,11.12
29,33000,1700,15.23
32,28672,4650,13.22
28,53040,1700,8.49
31,12996,1750,6.76
28,15000,1800,11.49
33,15000,1800,17.54
28,28800,2000,10.59
32,21360,1800,12.99
31,23766,1800,13.06
31,24000,1800,8.59
27,25200,1800,6.76
32,28800,7500,13.43
32,45996,1800,11.58
30,49000,1800,11.71
27,60000,1800,11.46
33,80000,1800,10.75
27,117000,1800,12.42
33,145000,1800,12.99
35,510000,1800,13.48
30,42000,1850,11.99
30,31200,1900,5.79
30,45000,1900,5.79
32,60000,1925,12.29
33,72000,1925,14.35
31,10800,2000,14.72
30,12996,2000,17.19
31,29000,5000,15.99
28,29000,6250,12.87
31,29000,3500,12.53
29,19200,2000,5.99
31,29000,1500,12.29
29,20400,2000,13.49
29,20400,2000,7.9
27,20400,2000,12.53
31,20928,2000,13.48
28,29112,7000,6.99
33,22800,2000,8.49
33,24000,2000,14.35
27,29160,8000,7.51
31,24600,2000,13.61
27,25000,2000,13.11
32,25000,2000,13.16
32,29500,7000,10.0
35,29568,6000,13.23
27,26400,2000,6.54
27,26400,2000,13.61
29,27000,2000,7.88
31,29760,10000,9.63
31,29766,13900,8.94
30,28800,2000,11.48
28,30000,2000,5.42
33,30000,2000,7.29
30,92700,15000,11.99
31,81000,15000,14.42
32,30000,10000,9.91
29,70553,15000,13.47
33,84000,15000,16.7
33,30000,5000,7.51
29,100000,15000,9.88
27,100000,15000,11.58
29,100000,15000,12.04
28,102000,15000,11.46
27,104371,15000,16.77
31,105000,15000,10.59
27,106000,15000,10.75
32,108000,15000,10.0
30,30000,10000,9.91
34,110000,15000,12.68
35,110000,15000,11.11
35,30000,6625,6.62
33,110000,15000,14.42
32,101000,15000,17.58
35,117000,15000,9.63
29,120000,15000,6.91
30,120000,15000,6.17
29,120000,15000,9.63
32,120000,15000,15.68
31,30000,2000,7.9
27,122000,15000,12.73
27,132000,15000,11.12
29,128000,15000,9.63
28,140000,15000,11.26
28,143000,15000,12.53
35,30000,11000,10.65
34,147000,15000,8.94
29,150000,15000,16.32
30,165000,15000,13.92
30,175000,15000,11.26
29,200000,15000,10.37
31,200000,15000,11.36
28,200000,15000,11.72
32,230000,15000,5.99
34,30000,14975,12.53
30,30000,5100,7.9
28,30000,14800,11.14
32,50000,14800,10.83
28,68000,14800,9.99
32,30000,10000,7.51
34,30000,4300,7.9
27,37000,14700,5.99
27,30000,2000,11.49
29,30000,2000,10.75
28,30225,2000,12.42
35,30000,3300,5.99
31,33000,2000,5.79
31,40000,2000,10.37
27,40000,2000,10.75
27,51000,2000,7.74
30,51600,2000,9.99
29,51996,2000,13.72
29,54000,2000,10.01
31,50000,2000,5.42
28,50000,2000,16.89
32,30000,9000,5.42
35,59000,2000,13.48
27,60000,2000,9.91
28,54000,2000,14.42
30,30000,10000,6.99
30,68803,2000,6.17
32,30000,7000,6.99
27,69000,2000,6.99
30,69996,2000,10.65
35,30000,2975,5.99
35,70000,2000,13.72
31,30000,9450,8.49
29,72000,2000,14.59
35,80000,2000,12.99
31,30000,4000,15.62
34,80000,2000,10.36
29,80004,2000,9.76
27,85000,2000,14.22
31,86000,2000,5.99
29,102400,2000,8.88
31,118000,2000,16.89
34,30000,6000,7.29
33,132444,2000,11.36
35,30000,10000,13.43
31,30000,2050,8.88
29,60000,2075,15.23
33,30000,5000,12.68
30,12500,2100,12.49
33,14400,2100,15.21
34,21000,2100,7.88
27,33500,2100,12.21
29,30000,6000,5.79
28,30000,3000,7.29
33,30000,10000,5.79
28,35000,2125,15.27
28,20000,2150,10.37
27,24000,2150,14.72
34,30000,14000,8.9
27,30548,14000,7.88
30,33200,14000,7.29
27,35000,14000,14.27
28,29000,14000,11.99
34,36000,14000,7.51
35,37000,14000,7.88
30,40000,14000,12.73
27,34000,14000,19.82
28,40000,14000,11.89
29,40404,14000,8.49
28,30000,7500,12.98
29,14400,2200,5.99
34,30000,14000,7.51
29,17004,2200,9.32
28,30000,3000,6.76
31,30000,2200,7.49
31,38400,2200,13.06
31,42000,2200,9.63
32,44004,2200,15.65
30,52416,2200,10.99
27,70000,2200,10.74
30,30000,5000,7.14
28,80000,2200,9.99
28,30000,6000,13.98
34,120000,2200,7.51
27,15600,2250,18.25
28,18000,2250,8.49
30,42000,2250,8.88
28,42000,2250,6.99
33,30000,12000,7.14
28,37152,2300,13.17
30,39000,2300,8.59
29,62000,2300,13.43
32,60000,2375,11.83
35,71004,2375,9.25
31,12000,2400,11.71
28,12000,2400,12.68
27,18000,2400,10.65
34,18000,2400,14.79
29,30000,6600,13.85
29,30000,1600,10.25
30,21360,2400,10.25
31,22800,2400,8.49
33,30000,12250,11.36
29,23520,2400,10.36
34,24000,2400,13.11
32,30000,6000,15.31
33,30000,2400,9.91
29,30000,6500,8.59
28,30000,2400,9.25
31,30988,2400,13.47
28,31000,2400,11.49
30,31200,2400,16.49
33,34000,2400,11.99
31,34000,2400,12.21
30,29004,2400,17.93
32,30000,3000,15.65
27,30000,2400,17.49
27,30069,2400,15.99
28,37500,2400,7.66
27,38400,2400,10.65
30,39000,2400,10.99
35,39800,2400,11.71
30,40000,2400,8.49
30,34000,2400,15.57
34,40000,2400,9.32
28,35000,2400,7.29
28,30000,10500,8.94
34,30000,7300,9.32
29,30000,8000,12.84
32,42000,2400,9.62
27,42000,2400,6.54
31,43812,2400,14.35
32,45000,2400,12.42
30,40800,2400,11.49
34,47652,2400,13.22
29,30000,1500,13.16
34,42000,2400,13.8
34,50000,2400,13.49
31,50000,2400,11.03
30,52800,2400,9.62
29,30000,15000,9.63
27,60000,2400,7.49
27,60500,2400,12.69
28,30000,7500,11.78
29,69996,2400,11.11
28,70000,2400,10.65
34,70000,2400,11.99
34,72000,2400,13.16
30,82500,2400,8.9
29,90050,2400,13.49
31,78100,2425,5.42
28,86400,2425,11.49
31,30000,11225,13.62
28,66000,2475,15.05
30,30000,12000,10.59
27,75800,2475,6.54
31,30016,11000,8.94
29,54000,13575,11.71
27,37200,13500,10.78
34,30144,18000,12.84
28,30422,5000,8.49
29,64402,13500,7.49
35,74984,13500,7.29
27,75805,13450,16.32
35,30720,6000,7.49
27,118000,13425,15.99
28,62040,13400,13.06
31,43000,13350,12.42
31,30792,5000,8.32
33,25200,13250,7.66
33,30929,5300,7.68
28,35000,13250,10.65
31,29000,13250,17.58
29,30992,8000,11.58
30,45000,13250,7.9
29,46000,13250,17.27
29,30996,8875,7.66
32,30996,2400,13.8
31,88000,13225,12.42
29,28000,13200,6.17
34,40000,13200,12.42
27,31000,5500,10.65
32,70000,13200,13.49
29,31000,9950,7.9
30,31000,2400,10.65
28,31000,11300,9.91
34,90000,13200,10.74
31,31692,13150,13.24
32,31000,12000,5.42
33,51200,13075,16.7
34,92500,13050,7.66
34,31000,4200,13.72
31,25000,13000,8.9
31,27600,13000,6.54
28,29000,13000,14.26
27,30000,13000,7.88
28,33000,13000,7.9
35,31000,15000,13.16
30,36000,13000,13.61
34,31075,7400,7.51
29,30288,13000,14.35
27,37000,13000,9.91
31,37000,13000,6.92
27,37800,13000,11.83
27,31200,15000,14.27
28,33600,13000,14.61
27,40000,13000,13.48
31,36000,13000,20.3
27,45000,13000,8.94
27,46000,13000,14.59
30,47000,13000,9.63
27,47000,13000,10.99
33,44000,13000,9.91
35,21600,2500,14.35
29,21996,2500,13.11
27,22708,2500,14.84
27,24000,2500,10.65
32,24000,2500,10.37
27,31200,3600,11.48
27,31200,14000,18.09
27,31200,7000,16.35
32,24000,2500,7.74
27,31200,12300,12.53
27,31200,7500,7.74
31,25000,2500,7.4
28,26004,2500,13.99
27,26400,2500,13.23
31,31323,2500,13.22
27,26592,2500,7.14
27,31416,8000,11.12
29,28080,2500,10.99
34,28800,2500,21.36
27,30000,2500,11.14
31,31600,7500,11.36
29,32108,2500,15.68
32,31776,3400,13.16
32,36000,2500,10.0
27,31850,14125,10.65
31,30000,2500,13.57
33,32400,2500,15.33
35,33000,2500,15.62
32,39400,2500,7.14
31,39420,2500,15.27
27,40000,2500,6.99
30,40000,2500,5.79
31,40000,2500,13.23
34,42000,2500,10.59
28,42000,2500,8.49
28,32000,12000,12.69
29,32000,3100,7.51
27,32000,1000,16.29
27,44500,2500,11.99
31,39000,2500,14.09
30,39300,2500,16.29
27,39996,2500,15.65
28,46000,2500,6.91
29,46500,2500,13.92
27,47544,2500,7.88
28,48000,2500,8.49
32,50000,2500,13.49
29,32000,8000,5.99
31,50000,2500,17.04
30,32000,6625,14.79
32,52000,2500,8.88
33,53000,2500,9.99
34,54600,2500,7.88
28,54924,2500,11.14
34,32000,2275,6.17
27,56000,2500,11.72
31,32000,6000,11.86
31,32000,2000,13.61
29,68004,2500,12.99
27,69000,2500,7.14
30,70000,2500,10.36
27,72000,2500,14.35
29,73000,2500,14.35
28,75000,2500,11.99
29,76320,2500,12.61
28,32000,8500,7.51
34,87000,2500,7.14
29,32000,12000,7.88
31,95000,2500,13.72
27,95800,2500,11.58
27,84000,2500,14.59
32,115000,2500,11.89
29,120000,2500,14.22
27,32000,9850,8.94
27,15600,2800,10.65
27,32000,14000,11.89
32,24000,2800,10.99
27,24000,2800,10.95
33,25000,2800,9.32
32,32000,4000,10.78
30,30000,2800,12.68
27,12000,2850,13.61
33,32004,6000,10.74
28,115000,2850,6.54
27,17000,2875,11.71
30,32004,5500,8.0
28,13200,3000,10.99
32,14400,3000,13.98
33,14400,3000,11.83
31,32400,3000,7.49
27,15000,3000,13.23
33,15500,3000,7.51
31,16000,3000,13.85
29,32400,4000,12.98
35,16800,3000,5.42
31,16800,3000,14.26
31,32400,7500,13.48
28,17573,3000,7.37
29,18000,3000,12.69
28,32468,6000,7.51
31,32496,1800,9.63
31,32500,8975,6.62
28,32500,5000,7.14
35,19200,3000,16.4
28,19992,3000,7.14
30,20000,3000,11.49
32,32678,3075,15.23
31,21000,3000,15.28
35,21600,3000,14.35
34,23000,3000,11.49
29,33000,7100,16.77
33,23004,3000,13.43
27,23004,3000,17.8
32,30000,3000,13.49
33,33000,4000,12.69
33,33000,6000,6.03
27,33000,4800,10.65
31,30000,3000,10.95
35,30000,3000,12.53
28,30500,3000,9.63
34,30857,3000,13.06
28,31000,3000,10.0
27,31200,3000,10.99
34,31704,3000,11.49
30,33000,6000,8.49
34,32000,3000,14.59
30,33000,5600,10.59
30,32796,3000,11.49
27,33600,3000,13.49
29,33600,3000,15.99
33,34320,3000,14.11
31,34580,3000,11.49
27,35000,3000,8.49
29,35500,3000,11.86
32,33000,5000,6.17
31,36000,3000,9.91
27,33000,12000,7.51
29,36000,3000,10.99
35,36000,3000,5.42
31,30000,3000,10.08
27,36000,3000,8.0
28,37090,3000,11.12
29,37440,3000,5.42
29,31440,3000,11.34
31,31800,3000,15.62
33,38000,3000,15.23
29,33000,4200,11.36
27,38000,3000,7.49
32,38052,3000,11.49
28,38400,3000,9.25
27,38500,3000,11.48
28,38688,3000,12.73
28,39000,3000,7.9
30,33000,3000,11.66
29,33000,16000,8.63
28,34000,3000,10.65
33,40000,3000,5.42
28,34000,3000,10.37
30,40000,3000,7.14
28,34000,3000,15.7
27,40000,3000,7.05
31,33225,13500,10.59
27,33267,3200,12.18
27,43000,3000,10.99
28,43200,3000,7.49
29,37200,3000,19.29
32,33280,2400,10.59
30,43500,3000,12.42
27,44000,3000,18.39
30,33300,1600,7.4
28,33400,16700,7.66
34,45000,3000,11.11
32,45000,3000,12.61
30,45000,3000,10.62
29,39000,3000,16.7
32,39314,3000,15.23
29,45996,3000,9.76
34,33600,6000,10.99
30,40750,3000,15.28
27,47000,3000,10.74
29,47000,3000,10.25
33,41277,3000,10.0
33,33600,9500,12.99
28,33600,3000,5.42
27,33600,5400,5.42
29,48000,3000,5.42
34,48000,3000,11.83
32,48750,3000,13.49
28,48876,3000,14.59
30,48996,3000,10.36
30,33600,9000,6.91
27,49000,3000,14.96
29,33600,6000,11.12
29,50000,3000,7.29
31,33600,7000,7.14
28,50000,3000,10.37
31,33600,6500,7.14
30,33600,3000,13.48
35,50000,3000,7.88
29,33600,12000,11.83
31,33600,15250,12.53
32,46000,3000,16.29
34,33612,9000,7.74
28,48715,12000,12.87
27,48996,12000,12.53
32,49268,12000,5.79
29,44000,12000,15.96
31,44000,12000,17.27
31,50000,12000,6.03
33,50000,12000,13.49
27,50000,12000,10.37
28,50000,12000,13.11
32,50000,12000,12.53
29,50000,12000,8.94
35,50004,12000,13.47
29,44400,12000,15.99
27,50600,12000,9.91
30,50600,12000,13.48
29,50700,12000,12.42
32,34000,4000,7.49
31,34000,13000,10.99
27,34000,16750,10.59
27,51600,12000,6.99
29,52000,12000,7.9
30,52000,12000,7.91
31,34000,13500,7.66
32,52000,12000,7.29
28,52000,12000,13.35
28,34000,7000,13.35
27,34000,8000,13.35
35,52500,12000,10.36
29,34000,3000,13.61
30,53000,12000,6.03
28,53000,12000,14.72
28,53000,12000,14.22
33,53000,12000,12.84
32,47004,12000,12.53
31,34000,10000,13.85
29,54000,12000,14.74
31,54050,12000,10.99
35,34000,12800,8.94
28,55000,12000,14.27
27,34000,8000,12.53
33,55000,12000,12.99
32,49000,12000,11.11
28,55000,12000,10.36
29,34000,14400,16.0
31,55000,12000,13.23
27,34000,10625,13.47
32,34000,2800,9.32
29,49000,12000,15.37
34,55000,12000,13.16
29,55500,12000,7.88
28,34320,16000,12.69
32,34320,1900,12.84
30,57000,12000,5.42
27,57000,12000,11.49
35,58000,12000,12.99
32,58000,12000,11.26
29,34500,4500,14.42
27,34500,5000,9.76
27,34560,10625,16.4
35,52000,3000,11.48
27,34800,3000,9.91
30,53196,3000,7.66
35,54084,3000,12.61
35,54996,3000,12.21
27,49000,3000,11.71
33,49000,3000,16.49
31,34800,2000,15.65
27,55000,3000,7.68
32,34900,12000,10.25
31,56000,3000,14.27
33,56312,3000,11.71
27,56400,3000,11.83
35,35000,8000,12.69
33,58800,3000,11.49
27,60000,3000,11.71
29,35000,5000,10.65
27,60000,3000,13.49
28,60000,3000,11.49
28,35000,10400,11.71
34,54000,3000,15.37
29,60500,3000,13.61
30,35000,10000,10.65
28,35000,10000,7.51
33,62000,3000,6.99
27,62000,3000,9.7
28,62000,3000,9.96
29,56400,3000,7.9
35,35000,8000,9.91
28,35000,5000,14.27
31,64800,3000,13.98
31,65000,3000,5.42
31,67000,3000,7.51
32,67000,3000,7.14
27,51850,3000,14.96
30,68000,3000,5.42
32,35000,10000,6.03
30,35000,2000,5.42
30,70000,3000,13.98
27,70000,3000,7.68
35,35000,5200,15.23
27,35000,9000,11.49
33,35000,10000,10.99
31,35000,10225,9.99
30,72000,3000,11.83
28,35000,12000,5.99
32,35000,6075,13.49
28,75000,3000,7.68
33,75500,3000,12.42
32,70000,3000,11.11
28,78000,3000,12.42
27,35000,14000,7.49
30,78000,3000,11.97
30,80000,3000,5.79
33,74400,3000,11.83
28,35000,13250,16.89
35,35000,5600,11.49
34,90000,3000,13.99
27,93600,3000,10.36
28,70910,3000,17.44
33,35000,10000,8.49
28,35000,4000,10.99
35,104000,3000,11.58
34,106000,3000,11.12
33,108000,3000,11.36
31,35000,8000,5.42
29,121000,3000,10.25
30,125000,3000,14.65
28,130000,3000,14.22
28,150000,3000,10.75
33,35000,6000,5.42
28,80000,3025,9.99
27,15120,3050,10.38
29,35000,8000,12.68
32,36000,3050,6.99
27,35000,5000,12.68
29,36000,3075,5.42
31,30892,3100,10.59
30,31200,3100,13.35
35,32000,3125,7.14
29,56100,3150,15.62
28,35000,11850,6.54
34,35000,5000,13.35
31,18240,3200,9.63
32,35000,4000,13.61
27,33600,3200,11.99
35,33600,3200,16.49
29,35000,3200,7.49
28,35000,3200,15.21
30,35000,5200,9.88
34,35000,3200,11.26
27,35496,3200,7.88
30,36000,3200,7.88
27,38000,3200,12.42
28,38000,3200,9.63
33,35000,12000,13.11
28,33000,3200,14.42
35,34000,3200,9.99
34,40800,3200,12.61
35,42000,3200,15.62
30,43000,3200,11.48
30,43000,3200,8.0
28,47515,3200,15.7
27,35000,15000,12.53
28,42000,3200,16.32
27,50004,3200,11.49
34,53500,3200,6.76
27,54000,3200,12.69
31,35000,15000,13.92
27,54000,3200,9.88
28,55000,3200,12.98
29,51500,3200,14.96
32,35000,12000,9.63
29,57504,3200,7.68
33,63996,3200,10.74
28,35000,9600,13.16
28,71000,3200,14.61
29,35000,3600,8.0
33,95000,3200,7.51
30,110000,3200,7.49
27,35000,7500,11.34
35,110000,3200,11.48
31,10000,3250,7.88
27,35000,7000,8.0
27,12240,3250,10.36
33,18996,3250,16.32
30,23000,3250,14.11
30,35004,9500,11.99
30,26400,3250,14.35
31,26400,3250,13.48
28,35004,4000,11.49
28,35004,16000,13.23
33,18000,3300,11.97
35,19000,3300,13.85
29,37500,3300,10.37
30,44760,3300,11.71
35,75000,3300,11.71
27,69000,3325,16.32
34,30000,3350,10.99
31,47756,3350,13.98
27,35088,12000,8.94
32,35100,10000,15.95
34,35100,9000,13.47
32,37500,3400,9.88
34,44000,3400,13.49
35,48000,3400,13.06
28,76000,3400,8.49
31,35352,9000,6.03
33,35360,6350,7.51
31,35000,3425,13.43
28,35380,2050,15.96
28,17004,3500,7.68
35,19200,3500,9.32
28,35496,5500,11.49
32,20004,3500,6.39
28,35500,9600,5.42
29,35500,4000,7.88
29,35568,3975,10.99
35,22608,3500,14.22
27,22800,3500,13.99
35,24000,3500,12.99
31,24000,3500,6.17
28,24000,3500,14.72
28,25000,3500,7.14
30,36000,13500,9.91
29,27048,3500,11.99
32,30000,3500,11.71
30,36000,7000,10.65
30,36000,2400,10.65
29,30000,3500,11.86
29,30720,3500,5.99
27,31400,3500,11.71
31,31500,3500,11.49
29,34000,3500,12.69
30,30000,1100,14.65
30,36000,5000,10.65
30,36000,15000,6.62
27,35000,3500,8.59
33,36000,6250,12.69
31,36000,3500,12.53
31,36000,4800,7.51
29,40800,3500,11.97
32,42000,3500,14.35
35,42756,3500,7.74
27,44000,3500,12.98
29,46344,3500,11.36
28,48000,3500,15.21
33,48000,3500,11.86
30,30000,4400,11.99
29,42000,3500,12.67
27,36000,4800,8.49
32,36000,2600,7.49
33,36000,5000,8.49
27,36000,4000,11.49
28,53000,3500,11.49
35,36000,3925,9.99
28,36000,2500,15.99
29,36000,2500,10.99
28,36000,1925,15.23
28,54263,3500,11.66
32,49000,3500,10.65
29,56000,3500,10.37
27,60000,3500,9.32
31,36000,1600,10.59
29,62400,3500,10.99
34,63504,3500,10.0
27,63945,3500,7.9
27,65000,3500,13.49
31,36000,6000,6.99
27,65000,3500,7.37
32,66504,3500,11.99
35,67500,3500,10.62
31,68000,3500,13.22
27,30000,5350,13.06
28,69996,3500,6.62
28,70000,3500,18.39
33,36000,6625,16.4
31,79500,3500,13.49
31,80000,3500,12.99
30,36000,1750,11.11
29,38400,3550,11.49
28,14400,3600,7.9
29,14500,3600,13.61
29,18000,3600,15.27
27,20000,3600,9.25
27,36000,13500,10.0
27,21112,3600,15.99
32,25000,3600,8.94
27,25000,3600,13.16
31,28000,3600,16.49
34,30000,3600,6.92
29,30000,9000,10.36
32,30000,3600,14.11
32,36000,1800,12.61
30,36000,5000,8.88
30,30000,3600,10.28
27,36000,5500,10.36
28,36000,4000,6.91
28,31200,3600,6.39
27,36000,7000,12.98
29,35000,3600,8.94
30,35004,3600,12.73
27,36000,1050,14.72
34,36000,3600,13.49
30,36000,3000,6.39
35,36000,5000,11.12
28,37000,3600,14.11
28,38700,3600,11.12
28,39500,3600,11.99
35,33996,3600,16.32
27,36000,10000,7.88
29,40000,3600,12.23
29,36000,5300,7.14
29,40000,3600,8.59
27,40050,3600,14.84
33,42000,3600,12.68
30,36000,5000,13.85
29,37500,11000,8.49
30,38126,11000,7.51
29,38400,11000,7.49
33,36000,7800,7.14
30,42000,11000,10.36
29,42000,11000,10.38
30,42000,11000,12.53
27,36000,6000,10.25
27,36000,14400,10.62
29,44000,11000,7.29
35,36000,8000,12.53
34,44000,11000,13.79
30,36000,11500,13.57
33,36000,10000,7.74
28,45000,11000,11.99
27,39000,11000,16.07
31,46992,11000,11.14
27,41000,11000,15.33
28,41500,11000,15.33
32,47900,11000,7.51
30,36000,15000,11.83
33,51000,11000,9.63
32,51250,11000,7.29
28,45996,11000,14.74
27,52000,11000,11.34
30,53000,11000,6.62
27,36000,2500,9.63
34,36000,12000,16.0
28,36000,1400,15.37
28,55000,11000,7.49
29,52000,11000,15.62
27,60000,11000,10.71
28,36000,2400,10.71
35,65867,11000,9.32
28,68000,11000,11.49
29,69000,11000,14.61
28,69996,11000,13.79
33,64000,11000,15.68
28,75000,11000,7.51
29,36100,14000,14.27
28,65025,11000,16.35
27,83604,11000,9.76
27,36120,2000,15.58
35,90000,11000,11.99
34,93000,11000,12.53
31,94527,11000,7.49
35,36153,3000,11.86
27,85500,11000,15.99
30,138000,11000,7.49
31,36400,8000,14.46
32,24000,10800,7.75
29,32000,10800,13.57
34,29000,10800,9.63
28,33288,10800,12.09
30,40000,10800,13.57
33,36500,3200,7.37
29,42000,10800,16.29
33,30500,10000,9.33
34,48000,10800,10.99
29,36538,2500,6.62
27,36600,5000,5.42
28,50000,10800,13.49
29,52000,10800,14.27
28,52300,10800,7.88
27,48000,10800,15.99
35,55596,10800,9.91
27,36789,5500,13.57
27,69996,10800,14.91
31,36900,1600,9.62
28,36960,15000,13.61
27,82600,10800,9.76
27,36996,8800,11.48
27,24960,10750,10.25
31,24996,10750,12.53
29,28800,10750,7.51
35,37000,4650,6.62
33,55000,10725,13.16
34,37000,5000,7.9
32,31000,3000,7.51
27,37000,5000,9.91
28,37000,18250,7.49
30,26500,10625,14.27
27,37000,8000,10.99
27,27900,10625,7.9
32,37000,3000,11.49
28,37000,10000,7.49
34,37000,4400,10.99
35,31000,8875,11.99
27,33000,10625,6.62
28,37000,1000,10.99
31,34000,10625,14.79
29,35000,10625,7.9
33,31000,13000,10.74
29,37000,2800,7.66
34,35000,10600,15.96
33,65600,10600,12.99
29,49668,10525,7.9
29,37000,4800,10.36
33,37000,13000,10.36
35,31000,5000,14.46
32,37000,12000,11.86
30,31000,13000,7.88
34,38000,10500,13.49
33,38400,10500,11.99
28,40000,10500,14.27
31,50000,10500,6.17
30,44000,10500,15.58
33,53796,10500,11.14
31,37000,22000,12.73
28,60000,10500,15.27
34,62100,10500,11.26
31,66000,10500,12.69
28,75000,10500,9.63
27,75600,10500,12.69
31,351699,10500,15.7
34,55500,10450,7.51
27,30456,10400,6.91
29,31400,10400,10.71
32,32004,10400,15.27
28,39000,10400,10.37
30,31000,12000,14.42
27,45000,10400,14.65
30,37017,9000,6.54
27,51600,10400,18.25
27,62000,10400,13.49
29,31100,3000,16.82
28,65000,10400,5.42
27,80400,10400,11.86
27,35000,10375,14.27
29,32400,10275,6.62
30,37200,6600,13.49
33,37200,3000,6.92
29,75000,10250,12.23
28,45000,3600,16.29
27,45000,3600,12.42
28,37290,5500,5.42
33,48000,3600,11.99
32,48000,3600,6.92
35,37400,10750,15.95
29,50000,3600,15.27
34,50000,3600,11.99
33,50000,3600,13.8
29,52000,3600,11.71
33,53000,3600,9.25
29,54996,3600,9.63
33,55000,3600,6.99
31,55000,3600,7.51
28,49000,3600,13.98
28,60000,3600,9.63
30,60000,3600,8.59
28,60000,3600,12.21
33,37500,6500,15.33
30,69000,3600,13.99
27,64000,3600,7.49
27,70000,3600,14.79
28,37584,20000,11.48
33,74400,3600,15.27
28,37620,4000,11.71
28,82300,3600,9.63
35,31732,8000,13.92
35,85000,3600,7.51
31,62050,3600,15.95
30,90000,3600,14.91
29,82438,3600,10.99
27,106000,3600,14.27
30,110000,3600,10.71
31,160000,3600,15.23
33,20000,3625,6.99
27,54000,3625,7.9
32,65000,3625,6.03
31,110000,3650,9.63
35,19200,3675,8.49
32,25000,3700,9.91
28,25200,3700,9.62
31,29000,3700,9.91
28,40000,3700,15.96
31,38000,14000,9.91
30,38000,6000,6.62
34,38000,12775,9.91
28,94000,3700,7.9
34,25200,3750,12.99
32,50000,3775,6.17
32,13200,3800,7.29
35,38000,5000,6.62
32,38000,4000,14.65
28,38000,6425,5.42
32,68000,3800,16.89
35,38000,9600,7.49
31,38000,10400,11.49
28,29950,3825,14.27
32,38000,8000,13.49
33,38000,10000,10.99
31,49000,3850,9.62
28,20292,3900,12.53
31,20400,3900,14.79
32,38000,10000,10.37
28,30000,3900,11.99
35,38000,2400,10.37
28,55000,3900,11.99
29,27000,3975,12.17
27,12000,4000,14.22
27,32000,4500,9.99
29,38000,6000,15.21
31,38000,13750,15.21
28,14400,4000,13.11
31,15000,4000,11.49
28,38000,8400,7.51
29,38000,3600,7.14
30,15000,4000,13.67
31,38000,2000,11.36
30,16500,4000,14.22
31,17000,4000,14.59
27,17000,4000,14.42
35,38000,15000,10.99
35,32000,10750,14.96
32,18000,4000,15.2
31,18000,4000,12.84
29,38000,8000,8.59
33,38000,2500,13.22
28,19200,4000,12.69
34,38000,10000,8.94
29,19200,4000,10.37
34,38000,14500,12.84
35,19820,4000,11.12
30,19968,4000,16.45
27,20000,4000,10.65
28,20000,4000,10.99
27,32000,7500,11.59
28,20000,4000,14.59
28,20000,4000,13.11
27,38000,5000,9.76
33,20000,4000,13.47
27,21000,4000,11.49
29,21000,4000,5.79
30,21300,4000,12.87
32,21600,4000,8.07
29,21864,4000,12.42
27,22000,4000,6.39
32,23000,4000,14.22
27,23400,4000,7.49
31,24000,4000,6.76
27,38004,6500,13.79
31,24000,4000,13.48
27,24000,4000,12.87
32,38100,8400,8.38
29,24960,4000,5.42
28,38196,10750,10.75
27,26000,4000,10.25
27,32304,1200,6.76
29,26004,4000,10.0
33,38400,10000,9.91
29,26568,4000,16.0
29,38400,14000,14.27
28,27600,4000,15.23
29,27996,4000,6.92
33,38400,16450,10.65
29,28550,4000,10.59
33,28800,4000,9.88
29,28800,4000,13.92
32,38400,2400,9.99
27,29120,4000,10.75
27,30000,4000,12.69
34,30000,4000,7.51
30,30000,4000,13.99
34,30000,4000,9.63
27,38400,15000,12.68
35,38400,9500,10.36
33,38400,8000,15.58
27,30000,4000,10.39
28,30996,4000,10.65
27,31000,4000,10.74
28,31150,4000,11.49
30,38400,16750,7.88
32,32004,4000,11.49
33,32004,4000,8.32
27,32160,4000,15.99
27,33000,4000,5.99
27,33000,4000,6.76
30,33280,4000,13.79
31,33600,4000,11.49
27,34000,4000,17.19
32,34000,4000,7.74
30,34000,4000,10.95
32,34200,4000,13.48
33,34400,4000,10.25
29,38600,1600,12.84
31,35000,4000,10.65
29,35000,4000,15.23
29,35000,4000,5.99
34,38769,2400,8.9
35,35000,4000,13.35
33,35000,4000,7.88
28,29004,4000,16.45
28,35004,4000,12.53
33,39000,10000,12.42
28,35600,4000,7.49
31,35600,4000,13.61
28,36000,4000,12.42
28,33000,4000,7.9
29,33000,5600,11.71
31,36000,4000,13.8
34,36000,4000,13.61
27,39000,6400,10.99
35,39000,15000,10.99
32,37400,4000,10.38
33,38196,4000,10.0
29,39000,16000,5.99
30,39000,4000,15.96
27,39000,4000,10.74
35,33000,4000,16.32
34,33456,4000,16.45
30,39996,4000,12.99
32,39000,16700,7.51
29,33996,4000,13.47
30,34000,4000,13.49
32,40000,4000,13.49
32,40000,4000,9.99
33,40000,4000,7.88
29,40000,4000,12.53
32,40000,4000,13.79
27,39000,6900,12.87
27,34800,4000,14.54
31,41000,4000,10.99
31,41000,4000,10.0
29,39000,7100,8.32
27,33000,9000,12.49
32,42000,4000,11.12
33,42000,4000,6.39
30,42000,4000,7.88
27,43000,4000,16.29
29,39432,8000,11.86
27,39480,7200,13.79
27,37200,4000,17.27
32,45576,4000,10.99
28,39600,4000,12.61
28,39500,11000,7.14
29,46000,4000,9.99
28,41000,4000,18.64
29,39500,5000,7.74
33,39504,3000,7.37
30,39552,12375,10.37
33,48000,4000,14.65
29,39600,5600,10.65
27,48000,4000,9.62
28,48000,4000,14.35
34,39600,2400,6.03
32,39600,1500,15.99
34,39600,6000,5.99
31,48000,4000,13.85
27,39600,9900,6.54
30,39600,3000,10.38
34,48000,4000,8.0
33,42804,4000,12.73
27,48996,4000,9.32
27,49000,4000,10.59
27,39600,4800,6.76
31,50000,4000,6.62
28,39600,5000,12.53
33,39600,3000,7.68
28,50000,4000,10.59
30,39750,1425,10.37
35,50000,4000,13.22
29,44000,4000,12.36
29,39960,11000,16.49
30,39962,3200,9.7
31,52000,4000,7.49
28,52000,4000,10.75
27,52600,4000,17.39
27,47000,4000,15.33
27,48000,4000,6.03
27,54000,4000,10.74
27,54000,4000,12.61
27,48996,4000,14.61
29,55200,4000,10.59
27,55200,4000,6.76
30,39996,10000,10.75
31,39996,4000,14.35
31,56000,4000,5.79
28,56800,4000,7.88
30,39996,10000,12.73
27,58000,4000,9.67
32,60000,4000,10.99
29,60000,4000,7.88
31,39996,9600,11.26
29,60000,4000,7.88
35,60000,4000,13.98
28,61500,4000,10.95
35,63000,4000,11.14
27,63500,4000,10.37
27,64200,4000,9.25
27,65000,4000,6.99
27,65000,4000,5.99
29,65000,4000,7.74
33,65000,4000,12.87
28,40000,19200,9.91
30,59000,4000,8.94
33,68000,4000,10.99
29,70000,4000,10.99
28,34000,10000,16.77
29,72000,4000,18.79
32,72000,4000,10.0
31,72000,4000,9.99
27,40000,14675,12.69
31,75000,4000,13.49
29,75000,4000,8.49
29,75000,4000,12.68
30,40000,8600,10.65
32,75250,4000,12.99
33,78000,4000,7.14
32,78000,4000,9.88
27,80000,4000,12.69
28,34000,8000,12.69
29,34000,10200,17.27
32,82350,4000,9.91
33,84996,4000,8.59
27,86095,4000,13.99
27,34000,8875,10.65
28,90000,4000,13.49
31,40000,4625,12.42
31,91000,4000,7.66
32,95000,4000,7.49
30,96000,4000,10.75
31,40000,14000,6.03
27,79050,4000,14.46
30,40000,3000,11.71
32,107000,4000,13.98
32,96000,4000,17.93
28,98000,4000,7.51
28,110000,4000,12.18
32,115000,4000,12.69
28,125000,4000,13.35
28,135000,4000,12.42
27,138000,4000,11.71
29,40000,10625,6.62
28,21000,4200,15.21
28,28800,4200,7.51
27,20000,4350,16.29
28,40000,2400,13.49
35,78000,4350,15.27
32,42500,4375,12.23
27,96000,4375,8.88
29,20064,4400,13.92
31,24000,4400,15.62
28,40000,15000,5.99
31,30000,4400,15.62
30,40000,9600,8.49
29,30000,4400,11.49
33,37440,4400,11.71
29,40000,1400,5.99
30,54000,4425,17.49
28,40000,11200,5.42
29,40000,5000,6.99
32,40000,9000,10.59
28,40000,3600,6.99
29,13200,4475,16.89
28,43680,4475,15.27
29,12000,4500,15.05
27,40000,4200,5.99
33,40000,3200,5.42
32,34000,7500,5.99
32,40000,16000,5.99
33,40000,6000,12.68
28,40000,10000,7.29
34,19600,4500,10.59
34,40000,2000,10.74
35,40000,8000,7.66
34,40000,6000,7.29
27,40000,4000,5.79
32,27000,4500,13.11
29,28800,4500,7.88
28,29496,4500,14.11
27,30000,4500,14.65
30,30000,4500,13.92
35,30555,4500,13.22
34,32000,4500,6.62
31,32000,4500,11.14
28,32640,4500,7.14
27,35000,4500,7.66
30,36000,4500,13.49
31,36000,4500,9.99
27,36000,4500,7.49
28,37000,4500,11.11
31,40000,11000,9.99
28,34000,3700,6.91
32,39000,4500,9.91
35,39000,4500,6.62
28,39600,4500,10.25
30,40000,4500,14.26
33,40000,14000,6.91
29,40000,5000,5.42
28,34000,2500,12.23
28,39000,4500,13.49
31,47000,4500,11.03
33,47360,4500,15.58
31,47400,4500,10.36
28,48000,4500,11.71
28,34000,3500,15.58
27,43200,4500,16.07
31,50000,4500,9.99
30,50000,4500,13.11
34,44400,4500,16.02
34,45000,4500,16.95
29,52000,4500,9.91
27,40000,8000,14.72
29,40000,25000,11.86
28,49000,4500,14.27
29,49362,4500,12.61
27,58000,4500,14.72
27,60000,4500,12.69
29,40000,4000,14.35
27,60000,4500,14.22
30,61828,4500,18.39
29,70000,4500,6.62
29,70000,4500,5.42
29,74100,4500,13.61
29,91500,4500,10.65
33,40000,5000,7.51
27,40000,13000,7.88
31,17000,4575,11.48
29,40000,6400,7.51
34,40000,8000,11.36
28,48000,4600,11.86
30,50000,4600,11.49
27,58000,4600,13.99
34,40000,4200,6.76
28,60000,4600,7.88
32,150000,4600,9.62
32,37000,4650,13.49
32,50000,4675,10.0
33,65000,4700,9.45
33,86000,4700,9.63
31,40000,15000,15.31
27,14000,4750,10.0
31,14400,4750,14.59
35,17000,4750,9.32
34,19200,4750,11.83
32,20000,4750,10.37
28,27840,4750,13.57
27,40000,5000,8.59
30,31000,4750,14.84
34,39996,4750,9.25
31,60000,4750,5.99
30,60000,4750,9.99
28,14400,4800,14.65
35,14400,4800,10.62
29,40000,1400,14.26
30,34000,6000,14.96
28,15000,4800,10.99
29,40000,8000,8.59
27,40000,3500,9.63
31,22000,4800,10.65
33,40000,7200,9.32
29,40000,6600,8.0
28,40000,10000,9.32
33,34000,6000,14.11
28,22884,4800,10.38
33,40000,6000,12.21
33,40000,9000,13.16
31,25000,4800,11.54
33,27996,4800,9.63
28,40000,10000,11.26
29,40000,10000,8.0
28,29004,4800,15.23
31,30000,4800,14.84
28,30000,4800,13.47
30,31000,4800,13.43
35,40000,7200,10.71
31,40000,12650,11.34
29,33600,4800,5.79
28,33763,4800,7.14
28,34000,4800,11.49
32,29000,4800,16.29
33,40056,16750,9.88
28,35000,4800,13.49
27,35000,4800,9.99
28,40200,1900,5.99
28,36000,4800,12.61
28,34300,6125,16.89
32,36400,4800,14.11
32,32400,4800,9.99
35,32900,4800,13.23
27,40000,4800,11.71
30,40000,4800,12.68
28,40500,12000,12.23
28,42000,4800,12.42
27,44000,4800,7.51
28,38100,4800,9.63
29,40500,6000,8.38
27,40560,3000,7.29
32,40704,10000,9.63
31,40740,6400,8.49
33,45000,4800,10.59
29,40777,8000,14.91
27,40800,8000,12.69
30,45000,4800,10.37
28,40800,6700,6.99
27,40800,6000,11.49
29,40800,3200,14.22
29,40800,2000,7.74
30,49000,4800,13.79
27,49200,4800,14.65
28,50000,4800,10.37
30,51000,4800,12.69
29,34999,6250,15.95
31,54000,4800,12.99
30,54000,4800,13.23
30,54996,4800,6.03
28,49000,4800,15.99
30,56000,4800,13.92
29,56048,4800,6.39
28,57408,4800,11.99
27,60000,4800,13.35
30,61000,4800,14.79
28,56000,4800,16.45
31,57996,4800,15.58
29,41000,5000,11.99
29,59004,4800,11.49
33,66000,4800,13.57
28,66560,4800,10.36
27,35000,6000,16.69
29,41000,6000,5.79
27,68004,4800,12.21
29,69000,4800,11.11
30,41000,10000,12.73
34,77000,4800,7.14
35,80000,4800,7.49
34,96900,4800,5.42
27,41000,10000,8.59
28,118000,4800,8.9
30,120000,4800,7.4
29,300000,4800,10.99
32,41000,8000,15.05
35,41000,8000,10.83
32,64052,4875,10.74
30,41000,18000,9.01
28,23350,4900,7.88
34,41004,16000,11.78
27,96000,10000,7.88
33,35050,8000,8.32
29,96500,10000,8.88
33,41196,3300,12.99
27,98004,10000,6.54
35,41235,3000,7.14
28,88000,10000,10.65
31,100000,10000,8.49
32,100000,10000,9.99
28,100000,10000,7.51
29,100000,10000,9.63
30,102000,10000,6.03
32,41464,3500,8.32
34,35496,2800,14.17
32,76500,10000,13.24
27,41500,4500,7.49
27,103000,10000,8.59
28,103241,10000,9.88
30,108000,10000,10.65
31,110000,10000,15.99
34,110000,10000,7.66
32,41600,13200,11.71
28,110000,10000,13.22
33,110000,10000,13.57
33,110000,10000,9.32
34,41600,17500,6.17
30,41600,4500,6.76
28,41600,13000,11.58
30,41604,15000,10.0
28,41700,7750,12.21
27,117000,10000,8.0
30,118000,10000,7.14
33,41916,7000,10.36
34,41979,8150,15.23
30,120000,10000,17.04
28,125000,10000,9.99
30,125000,10000,10.74
28,42000,5375,10.65
27,125000,10000,10.62
35,126000,10000,16.29
27,130000,10000,11.49
27,130000,10000,7.74
29,130000,10000,14.26
27,130000,10000,13.47
28,42000,8000,15.96
31,120600,10000,13.49
29,136000,10000,7.14
32,128000,10000,13.85
32,140900,10000,14.79
33,42000,13000,7.9
28,144000,10000,9.99
30,148000,10000,13.55
27,160000,10000,16.32
34,42000,10000,14.65
27,36000,12500,6.03
27,42000,10000,14.65
27,275000,10000,14.91
30,42000,1200,6.62
32,25404,9950,12.68
32,25200,4900,6.17
27,30000,4900,11.71
31,24000,9925,6.62
30,93500,9925,12.09
28,39000,9900,10.95
31,41303,9900,11.89
27,50000,9900,14.35
32,70000,9850,7.75
30,38400,9800,11.48
27,48000,9800,8.59
31,42000,9000,6.99
35,36000,16000,10.99
28,42000,6000,5.42
27,42000,3500,8.49
31,20800,9750,17.19
28,32400,4900,14.12
27,43000,4900,9.91
33,38000,4900,10.28
28,42100,4925,11.49
27,30000,4975,10.37
30,42000,8000,12.99
33,42000,9050,7.49
29,28000,5000,16.07
29,28140,5000,7.29
34,42000,2000,5.79
28,28800,5000,10.65
32,28800,5000,10.59
31,28800,5000,9.25
27,28800,5000,14.96
27,28968,5000,13.16
29,29000,5000,15.23
32,42000,10375,5.42
28,42000,5000,10.37
33,42000,9000,5.79
34,42000,7500,11.11
31,30000,5000,9.91
29,30000,5000,11.49
27,30000,5000,13.72
28,30000,5000,6.17
28,30000,5000,9.88
33,30000,5000,7.74
29,36000,8000,6.54
28,42000,12000,9.62
29,30000,5000,9.32
30,30240,5000,14.72
29,30796,5000,14.96
32,30960,5000,11.49
30,31000,5000,9.91
35,31000,5000,14.35
29,31100,5000,9.63
34,42000,22750,6.91
31,42000,7200,9.99
35,31577,5000,9.99
28,42000,11000,5.42
28,32000,5000,6.99
27,42000,8000,13.61
29,42000,2500,6.76
33,42000,6400,7.88
27,32760,5000,15.21
28,42000,10000,10.75
29,33000,5000,8.9
27,33000,5000,10.0
27,42000,8500,10.38
27,33000,5000,14.22
29,42000,2500,13.98
28,33600,5000,5.42
27,42000,4200,6.76
29,33600,5000,13.92
27,33600,5000,12.87
29,42000,7800,13.11
30,42000,3000,15.33
31,34000,5000,5.42
27,34152,5000,13.79
28,42000,8500,14.96
35,34868,5000,6.0
31,35000,5000,10.65
28,29000,5000,15.96
33,35000,5000,8.9
27,35000,5000,11.49
27,35004,5000,10.75
32,42000,10400,11.14
27,36000,15200,16.35
35,36000,5000,7.51
32,42000,9000,7.74
29,42000,2500,7.74
27,30000,5000,17.99
29,42000,8500,10.95
27,36000,5000,9.63
28,42000,15000,13.47
31,36000,5000,10.36
30,36000,5000,10.75
32,36000,5000,11.83
27,42000,20000,12.84
28,42000,6000,12.84
30,36933,5000,11.91
32,42000,1800,10.2
32,37000,5000,11.49
32,37000,5000,9.62
27,36000,6825,8.32
32,37300,5000,12.53
32,37500,5000,6.03
27,31513,5000,6.62
32,37992,5000,16.35
32,32000,5000,18.25
27,36082,5000,6.62
29,32000,5000,14.84
29,42108,2500,8.0
29,38000,5000,11.36
27,42162,2400,7.74
28,42200,13200,11.48
27,38004,5000,9.63
28,42240,12000,11.86
27,38250,5000,7.51
32,38300,5000,10.25
28,38400,5000,13.49
31,42300,2000,6.92
27,38400,5000,9.88
33,38500,5000,7.14
28,39000,5000,10.25
27,42500,8000,13.06
28,39516,5000,12.87
34,39996,5000,7.51
27,40000,5000,8.49
27,40000,5000,11.99
27,40000,5000,7.29
35,34000,5000,16.32
28,34000,5000,14.26
34,40000,5000,12.53
35,34000,5000,15.45
31,40000,5000,9.45
34,42994,7675,13.87
27,34040,5000,10.25
27,40752,5000,13.49
35,40800,5000,6.54
27,34900,5000,16.7
28,35000,5000,8.9
29,41000,5000,11.49
31,41004,5000,15.28
34,41600,5000,10.65
28,42000,5000,5.42
29,42000,5000,15.99
35,42000,5000,6.99
27,42000,5000,10.99
28,43000,15000,6.03
27,42000,5000,11.11
27,42000,5000,5.42
31,42000,5000,11.86
28,43000,5000,12.99
32,42000,5000,10.08
28,42016,5000,10.36
27,42072,5000,11.49
31,42100,5000,10.36
32,36500,5000,6.91
27,43000,17500,7.29
27,42996,5000,13.61
28,43000,5000,11.71
31,43000,5000,9.99
30,43000,5000,9.62
28,43000,13800,6.91
33,43000,10000,13.35
28,38000,5000,13.49
28,44000,5000,5.42
35,44908,5000,6.92
27,43000,15000,7.51
35,39000,5000,9.99
28,39000,5000,5.99
28,43000,12000,13.48
34,43000,11000,7.88
32,43000,12000,7.88
31,45000,5000,13.35
32,39000,5000,14.09
32,45000,5000,10.36
32,45000,5000,7.88
28,45000,5000,12.73
28,43000,8000,9.32
33,45360,5000,15.99
27,45500,5000,11.71
29,43000,10000,8.0
28,37000,6000,12.53
31,43200,3000,8.9
29,47000,5000,10.62
31,41000,5000,16.07
30,43200,4200,13.49
27,43200,5000,12.69
34,47000,5000,12.73
33,43200,5000,7.51
30,41998,5000,16.0
27,48000,5000,11.71
32,43200,15000,7.91
31,42000,5000,8.49
29,43200,4625,5.42
30,43200,2000,10.99
32,48000,5000,6.92
28,48000,5000,7.29
32,48000,5000,11.49
29,42000,5000,14.96
28,43200,12250,9.99
27,48000,5000,11.58
30,43200,5000,11.36
32,48000,5000,11.97
29,48504,5000,13.98
28,48879,5000,12.42
28,43344,10000,11.12
30,37400,12700,17.27
27,43495,10800,10.99
28,43500,4000,12.69
28,44000,5000,12.99
30,43500,11250,13.61
34,55000,9000,7.74
27,43680,7000,10.65
33,55070,9000,8.49
29,43680,10000,14.46
27,57057,9000,13.11
29,43800,4800,7.05
27,57500,9000,11.97
27,43900,14000,10.38
27,53321,9000,15.58
29,59520,9000,5.42
33,60000,9000,8.49
31,60000,9000,13.06
33,44000,16000,7.9
35,54000,9000,14.46
29,60000,9000,13.61
28,44000,8000,10.59
31,54000,9000,12.49
30,61000,9000,11.49
32,56000,9000,15.05
32,44000,3600,6.99
31,56004,9000,14.46
30,38000,10000,17.99
29,44000,5500,10.99
31,62201,9000,12.53
29,62532,9000,13.49
31,62839,9000,15.33
30,65000,9000,12.42
34,44000,10000,13.43
28,44000,7000,13.06
30,44000,6800,6.91
28,66000,9000,13.99
27,44000,2000,13.35
30,67092,9000,12.87
32,44000,15600,6.17
29,44000,24000,6.91
33,69996,9000,11.58
31,70000,9000,10.0
28,44000,7500,14.84
27,70176,9000,7.88
27,44000,5700,13.23
35,44000,6500,7.51
33,72000,9000,11.14
27,44000,6400,13.85
27,69000,9000,16.77
27,38000,14000,14.26
28,75000,9000,12.21
29,77800,9000,12.42
30,44000,11000,8.0
27,83200,9000,15.31
27,44000,7500,8.0
34,84000,9000,5.79
31,44000,17350,13.55
28,66725,9000,16.29
27,38004,12000,16.77
33,44004,9275,7.29
27,44004,10000,6.92
28,44004,6000,13.06
27,85000,9000,10.36
27,73004,9000,9.63
33,88000,9000,14.54
27,88000,9000,6.91
30,64698,9000,16.0
27,90000,9000,13.49
31,90000,9000,5.42
27,44200,11500,15.27
28,44300,4325,7.49
27,38300,6000,10.99
33,87550,9000,14.65
32,44400,6500,14.84
27,130000,9000,7.05
29,44400,21000,10.99
28,44447,6000,12.72
30,44449,21250,13.48
34,44460,9600,7.49
32,44500,15000,7.51
32,44500,6000,8.9
30,80000,8900,6.17
31,116400,8900,10.0
28,44500,10000,8.59
28,44500,6000,8.0
28,44500,20000,9.45
28,24000,8875,10.65
27,44630,10825,10.99
27,33000,8875,14.65
34,33000,8875,7.66
30,38000,8875,16.89
28,50000,8825,11.49
29,28114,8800,10.0
28,44894,3600,7.88
27,42000,8800,11.71
28,44928,1000,13.06
28,42000,8800,12.42
31,45996,8800,12.84
35,46000,8800,14.27
29,44991,5000,14.72
29,46296,8800,14.42
29,48000,8800,8.49
31,50000,8800,6.17
27,60000,8800,11.36
27,65000,8800,6.03
30,65000,8800,10.0
29,65500,8800,10.71
28,93200,8800,7.88
31,100000,8800,10.0
27,44000,5000,16.89
29,50000,5000,10.37
31,50000,5000,6.91
35,45000,10000,16.77
27,50000,5000,13.61
30,50000,5000,11.14
32,44000,5000,20.17
27,44000,5000,16.35
31,39000,4000,16.77
35,44000,5000,16.95
31,45000,12250,14.27
32,44004,5000,18.25
27,44004,5000,13.79
28,50176,5000,10.59
28,45000,10500,15.96
35,50532,5000,13.57
29,50700,5000,9.88
35,51000,5000,12.98
30,45000,5000,12.73
29,51000,5000,8.0
27,45200,5000,16.0
27,45000,12000,6.03
28,51200,5000,11.14
27,45000,3000,6.62
27,45000,10000,10.65
29,45000,10000,17.58
35,20000,8500,13.57
35,20000,8500,15.05
29,21996,8500,14.11
32,45000,8000,14.65
32,45000,14000,12.69
30,45000,7500,7.9
27,45000,5000,6.03
32,45000,2100,6.99
28,45000,8000,7.49
32,45000,9250,8.49
31,39000,2200,7.49
35,27996,8500,11.58
27,39000,5000,18.79
28,45000,10000,5.99
32,45000,6000,7.49
34,45000,7000,5.42
28,31800,8500,16.07
31,45000,6000,10.99
27,45000,4000,6.99
30,39000,3000,13.99
28,33000,8500,13.99
35,45000,6000,6.99
27,37273,8500,10.0
27,38000,8500,6.99
29,45000,15000,11.49
30,40000,8500,12.53
30,40556,8500,12.87
32,45000,4800,7.49
27,42000,8500,9.99
27,45000,3450,11.99
28,45000,15000,15.99
30,44000,8500,11.36
33,45000,8500,10.62
29,45000,15000,18.49
30,45000,8500,11.89
28,47500,8500,7.88
27,45000,5400,12.99
34,50004,8500,9.45
28,53000,8500,5.79
32,54000,8500,7.49
32,45000,4000,7.49
32,45000,6400,7.49
27,58000,8500,13.49
34,60353,8500,10.65
29,55000,8500,16.29
30,42000,8450,8.59
31,45000,15000,13.06
29,28000,8400,11.48
34,52000,5000,13.99
30,45000,4450,10.37
28,52000,5000,12.23
28,52000,5000,13.48
29,52100,5000,10.99
35,45000,7500,7.29
29,53000,5000,5.42
27,45000,5000,9.25
28,39000,3375,14.83
28,53500,5000,12.18
31,53922,5000,10.59
34,53995,5000,9.63
32,54000,5000,7.9
32,45000,5000,5.79
35,54396,5000,11.34
28,54590,5000,6.03
27,45000,6800,6.17
27,45000,12000,6.91
27,54792,5000,13.48
31,48996,5000,16.4
29,45000,4000,6.17
31,54996,5000,8.0
28,45000,3000,5.79
30,45000,8000,10.36
27,45000,10000,6.17
27,55000,5000,13.8
30,49000,5000,10.74
29,55000,5000,7.14
30,49000,5000,15.31
31,55000,5000,12.18
27,45000,15250,13.98
28,55000,5000,12.53
29,45000,10000,7.88
34,56000,5000,8.9
32,45000,15000,7.51
33,51000,5000,14.96
29,57312,5000,11.86
35,45000,6500,13.98
34,45000,5300,13.23
34,45000,12000,11.86
33,58000,5000,7.51
29,45000,8000,15.58
30,45000,2500,6.76
28,52000,5000,11.36
27,45000,3900,11.36
31,45000,10000,9.88
28,59600,5000,5.79
28,60000,5000,8.49
27,54000,5000,11.99
31,45000,7500,10.62
31,45000,2500,7.88
32,60000,5000,7.29
31,39000,22000,11.36
29,45000,6800,10.62
28,60000,5000,15.7
27,54000,5000,13.17
29,45000,14000,13.48
30,54000,5000,15.13
32,60040,5000,8.88
30,60400,5000,12.69
30,45000,3250,10.62
28,61000,5000,10.37
29,45000,20000,10.62
27,63000,5000,10.0
34,63500,5000,9.63
27,64000,5000,12.99
27,45000,3500,11.14
27,45000,18000,12.87
27,45000,12000,8.94
27,65000,5000,13.99
28,59000,5000,15.23
27,45000,16750,8.94
30,45000,10000,13.57
34,65004,5000,10.59
27,66000,5000,13.99
33,66000,5000,7.29
27,60000,5000,14.54
34,45000,3800,13.16
27,60000,5000,15.21
29,60000,5000,14.22
27,66240,5000,5.79
28,66920,5000,14.26
28,66924,5000,11.86
32,68000,5000,15.7
33,68004,5000,13.49
30,63600,5000,10.39
31,45000,6000,9.32
27,69996,5000,9.63
27,45000,20000,12.84
34,70000,5000,9.91
30,70000,5000,11.71
35,70000,5000,7.74
29,45000,13000,9.63
29,45000,8000,12.21
34,72000,5000,10.59
28,72000,5000,10.59
28,72467,5000,8.88
30,72516,5000,13.85
27,45000,12000,9.76
32,75000,5000,9.99
31,75000,5000,10.75
28,75000,5000,7.88
31,39000,12000,13.3
30,75000,5000,10.62
32,39000,2800,12.17
28,45100,6000,5.42
28,45136,10175,12.69
33,45180,7000,8.0
28,78500,5000,14.27
34,45204,5000,9.63
34,80000,5000,6.17
29,45324,15150,14.54
28,74000,5000,15.21
27,80004,5000,13.47
28,81996,5000,14.26
33,82000,5000,7.51
34,82000,5000,8.32
33,82150,5000,7.51
32,65453,5000,11.28
32,45489,18250,12.73
29,45500,10000,10.65
33,85000,5000,7.9
31,45500,7500,11.49
27,45500,5000,13.23
27,45500,14000,13.92
34,85000,5000,11.83
31,45504,7000,9.88
30,85000,5000,15.05
29,45516,6000,13.49
35,85000,5000,9.07
27,45600,15350,8.9
27,45600,3000,6.99
27,45600,7500,5.42
33,45600,4000,5.99
27,45600,1450,8.49
30,39600,15000,7.49
28,89400,5000,15.2
30,45600,5000,7.29
29,45600,9600,10.36
27,91200,5000,13.49
32,96000,5000,11.99
29,45600,2000,7.88
28,96000,5000,11.12
27,39600,2500,20.86
30,45600,6400,8.94
27,98000,5000,13.98
28,45678,8000,15.58
27,45727,1000,16.29
28,99996,5000,11.49
30,39760,14500,10.75
27,100000,5000,12.42
29,100000,5000,12.23
35,100000,5000,7.74
27,103000,5000,9.32
28,39912,10000,8.49
35,95028,5000,14.42
33,113800,5000,11.83
35,45996,15000,14.42
28,45996,5500,10.2
27,140000,5000,9.99
27,142000,5000,13.16
30,144000,5000,16.32
27,145000,5000,12.69
30,46000,11200,14.27
27,46000,18000,7.9
34,46000,10000,6.62
31,40000,9500,16.77
29,200000,5000,7.43
28,276000,5000,6.62
29,46000,6000,11.49
28,30000,5200,5.42
28,46000,6500,6.99
31,39000,5200,13.48
30,46000,6000,12.68
27,45000,5200,13.49
28,39000,5250,11.49
27,48000,5250,15.27
29,15600,5275,14.72
31,50000,5275,12.53
27,46000,18000,6.17
29,46000,7500,14.35
29,46000,4000,6.76
32,36000,5300,8.9
27,43218,5300,14.65
31,46000,7000,7.88
32,47500,5300,11.49
28,46000,16750,14.96
34,25000,5325,10.99
28,15360,5375,9.91
29,18000,5375,12.69
28,46000,4000,11.48
28,46000,6000,8.0
30,20000,5400,14.61
29,40000,15000,16.63
27,46028,18000,10.74
30,29120,5400,7.14
28,46097,6000,10.75
29,46140,4800,14.72
29,40000,5400,7.9
32,40000,5400,11.11
29,44000,5400,16.0
34,50725,5400,13.16
27,54000,5400,14.27
28,56461,5400,15.68
31,46300,7500,7.88
27,46300,11500,13.48
29,46400,12000,7.51
29,63533,5400,7.66
31,46500,6250,5.79
29,75000,5400,14.79
27,77200,5425,10.59
30,46500,6000,7.88
31,46500,8000,13.04
30,40525,4800,14.65
30,25000,5475,12.68
35,46654,17000,11.83
27,15085,5500,5.99
32,46700,11325,7.51
27,46713,12375,10.91
34,19200,5500,15.23
35,20000,5500,12.69
27,20000,5500,12.69
27,46800,6000,9.99
27,20400,5500,6.91
27,40800,2000,7.29
34,46800,5525,11.11
27,46800,6500,12.87
28,24000,5500,10.36
30,24000,5500,13.23
32,25000,5500,11.11
29,46873,11200,7.14
33,25200,5500,9.88
28,47000,9000,12.42
28,28089,5500,12.22
31,47000,20000,13.49
31,30000,5500,15.21
29,47000,8000,12.42
28,32000,5500,15.96
29,41000,3800,7.51
32,47000,6000,8.9
27,47000,2650,7.49
32,35000,5500,11.49
34,47000,14000,9.99
27,47000,6000,6.99
30,40000,5500,6.62
30,40000,5500,7.74
34,42000,5500,7.66
33,42230,5500,9.63
28,47000,13000,14.54
35,42300,5500,13.06
30,42312,5500,8.59
27,44196,5500,13.8
35,45000,5500,6.92
31,47000,5000,10.38
29,51504,5500,11.89
28,46000,5500,11.11
28,53000,5500,11.03
31,54000,5500,13.23
27,50000,5500,12.73
30,60000,5500,7.51
29,60000,5500,10.74
31,41000,3200,13.16
29,47000,5000,9.76
31,47000,10000,11.03
31,70000,5500,7.68
30,73000,5500,9.99
28,105000,5500,15.23
27,144000,5500,19.13
28,39996,5525,14.54
28,56004,5525,12.68
34,47125,3200,10.99
27,47232,8000,5.42
29,12000,5600,12.18
34,47300,12000,7.88
27,47380,15000,13.79
28,24000,5600,12.68
27,25000,5600,7.9
29,47500,3500,8.9
27,30000,5600,13.49
28,30000,5600,14.84
31,30000,5600,7.74
29,34444,5600,13.49
30,47600,23800,12.42
28,36000,5600,11.11
35,36000,5600,13.06
28,47820,6000,5.42
27,34000,5600,15.96
28,40000,5600,13.49
35,40000,5600,9.76
27,47900,7500,13.47
33,36000,5600,11.99
32,43000,5600,7.51
32,45000,5600,11.36
33,46000,5600,15.27
29,48000,5600,15.96
33,48000,14400,12.42
31,49000,5600,6.03
29,48000,6000,14.27
27,48000,4300,12.69
29,48000,17375,14.27
28,52000,5600,13.85
29,48000,15000,18.64
29,52884,5600,11.99
30,48000,9000,12.42
28,56056,5600,10.37
35,48000,17000,6.03
29,57995,5600,10.37
29,60000,5600,9.99
33,48000,7500,6.03
34,63000,5600,11.58
33,48000,7000,6.62
34,48000,7500,6.62
33,48000,13800,8.9
27,48000,24000,9.91
29,69600,5600,11.99
34,48000,5600,15.96
29,70000,5600,14.27
34,48000,8400,11.71
30,75000,5600,15.99
31,75797,5600,13.22
27,48000,5650,5.42
28,93600,5600,11.99
33,48000,10000,9.99
28,48000,3000,11.99
31,48000,1600,9.99
28,75000,5625,6.91
29,48000,6625,8.49
29,48000,7000,8.49
29,48000,5000,5.99
31,99000,5675,13.23
30,48000,8500,7.49
28,36000,5700,10.39
32,48000,10650,10.59
32,53000,5700,9.99
27,48000,6000,13.49
31,95800,5750,9.45
27,36996,5775,14.91
27,48000,8000,10.59
29,48000,9000,11.99
29,48000,4500,5.42
27,32000,5800,7.49
29,32400,5800,5.79
27,36000,5800,12.42
32,42000,5800,9.32
30,42000,4500,7.49
29,48000,8000,13.49
31,73000,5800,10.37
34,69000,5800,14.59
29,42000,6000,11.49
31,62050,5800,14.11
27,48000,5000,6.99
28,30000,5825,9.99
28,48000,12000,14.54
29,48000,1850,10.74
34,46000,5850,11.12
30,70000,5850,5.79
27,48000,4500,13.8
28,48000,10000,6.92
32,48000,3000,5.79
31,48000,14400,7.29
27,48000,12000,7.66
27,58000,5900,9.32
29,48000,7000,12.68
27,42000,5950,5.99
29,48000,4975,5.79
34,48000,3600,10.37
33,612000,5950,12.73
29,42000,5500,7.66
32,48000,8000,5.79
29,48000,9600,12.23
27,18000,6000,7.49
27,18835,6000,16.49
32,48000,5200,5.42
29,42000,1200,12.98
35,20000,6000,15.99
27,20000,6000,13.11
28,20400,6000,6.03
29,48000,15000,13.98
31,20800,6000,14.26
29,21000,6000,12.42
34,48000,9000,7.14
27,21600,6000,18.07
29,48000,3250,6.76
27,21600,6000,7.88
35,48000,4200,13.61
33,22356,6000,7.9
29,22500,6000,11.83
34,48000,10000,7.14
31,48000,6600,7.14
27,23000,6000,8.9
31,48000,7800,7.51
31,24000,6000,8.49
29,48000,20000,11.36
31,48000,20000,10.62
35,48000,5000,13.48
29,48000,10000,12.73
30,48000,1500,13.48
35,24000,6000,12.87
33,48000,20000,16.07
27,42000,2850,13.48
27,25200,6000,7.9
27,26000,6000,10.75
27,26004,6000,7.14
35,26400,6000,16.29
29,26880,6000,14.84
32,27000,6000,12.73
31,27000,6000,8.94
30,48000,3000,7.4
27,28000,6000,13.92
30,28800,6000,15.23
27,29000,6000,15.27
29,29004,6000,12.87
29,29496,6000,5.79
27,30000,6000,14.65
29,30000,6000,8.9
35,48000,2000,11.97
33,48000,7500,8.0
29,48000,5000,11.97
29,30000,6000,17.99
31,30000,6000,8.49
27,30000,6000,7.66
28,30000,6000,10.37
35,30000,6000,6.54
28,30000,6000,11.49
31,30000,6000,13.23
31,42000,21000,12.36
27,48000,6500,7.75
33,30000,6000,10.51
27,48100,20000,11.89
32,30000,6000,12.61
28,30784,6000,9.32
27,42200,10000,16.49
28,31000,6000,15.33
32,48250,8400,10.74
29,31000,6000,13.47
27,31200,6000,13.49
30,31200,6000,9.91
27,31200,6000,9.63
29,31200,6000,11.46
27,31500,6000,12.84
27,32000,6000,14.27
30,32000,6000,12.99
29,32000,6000,12.18
28,48528,10000,6.99
28,32004,6000,13.99
28,33000,6000,7.9
27,48600,10000,15.7
29,33000,6000,9.99
29,33000,6000,15.23
29,48712,11050,5.42
27,33600,6000,14.91
30,33600,6000,6.91
29,33864,6000,14.91
29,33996,6000,14.09
27,33996,6000,15.31
27,34000,6000,8.9
32,34000,6000,14.65
27,34000,6000,6.99
34,48989,2400,7.14
30,48996,5000,15.23
30,35000,6000,7.9
29,29000,6000,8.49
27,48996,5000,11.83
27,35000,6000,7.49
27,35000,6000,11.11
30,29000,6000,15.58
27,35000,6000,9.32
28,35000,6000,11.89
31,35000,6000,12.84
35,43000,13200,16.77
31,29004,6000,10.75
27,49000,8500,10.59
28,49000,19000,10.99
31,49000,14000,13.99
30,49000,11750,8.9
30,49000,3500,6.99
31,36000,6000,8.9
33,30000,6000,19.42
29,36000,6000,5.99
30,49000,8500,16.32
28,49000,7000,7.51
28,49000,4750,10.25
30,49000,8500,12.18
33,36000,6000,13.22
30,49200,15025,6.03
27,49200,2500,5.42
27,49200,9600,5.42
32,49200,5000,7.74
35,36500,6000,13.61
32,37000,6000,10.36
27,49304,10000,11.78
29,49349,4000,11.49
27,31200,6000,6.62
31,49500,10000,10.75
27,49536,12000,10.38
29,32004,6000,15.7
30,43580,6000,12.21
30,49641,8400,13.11
33,49700,12000,6.92
35,43772,15000,7.51
28,39000,6000,8.63
35,49800,6000,7.14
28,39184,6000,6.17
32,40000,6000,12.69
27,40000,6000,11.99
27,50000,9500,8.9
35,50000,6000,13.49
33,40000,6000,7.51
27,40000,6000,12.73
29,40000,6000,11.14
30,50000,10000,6.62
27,40000,6000,11.28
32,40500,6000,14.26
27,40800,6000,7.66
30,41000,6000,6.03
31,50000,6000,13.49
34,50000,4000,8.9
27,50000,12000,11.71
27,41000,6000,9.32
33,35496,6000,13.72
33,35600,6000,13.49
34,42000,6000,10.59
34,50000,16000,13.49
34,42000,6000,14.22
32,36000,6000,16.07
28,42000,6000,11.78
28,42328,6000,8.63
35,37000,6000,9.99
32,43000,6000,13.22
28,50000,6000,6.03
34,50000,16000,7.51
29,43000,6000,11.14
35,50000,12000,6.62
28,43000,6000,10.39
28,43150,6000,9.99
27,50000,12000,6.62
30,50000,4000,14.27
27,50000,2100,9.91
29,50000,4200,9.91
29,39000,6000,12.69
30,45000,6000,12.69
31,50000,4800,6.03
27,45000,6000,10.65
29,50000,10000,6.03
29,50000,6300,6.62
29,50000,21850,12.42
30,45000,6000,7.51
27,39000,6000,14.61
30,46000,6000,6.99
31,50000,16000,8.9
31,50000,6000,5.99
27,50000,12000,5.42
31,47000,6000,6.99
28,50000,3200,8.49
27,50000,2000,10.99
30,47581,6000,13.16
31,48000,6000,6.03
29,50000,6000,13.99
30,42000,6000,14.46
30,48000,6000,7.88
30,50000,3975,10.99
28,50000,6000,15.99
32,50000,8000,7.49
33,44000,7000,12.99
29,42996,6000,15.96
29,50000,3575,11.49
27,50000,2200,12.99
27,49000,6000,15.27
31,50000,18225,10.99
33,49000,6000,10.99
33,50000,4000,5.42
27,49500,6000,11.22
29,50000,6000,13.49
34,50000,6000,9.91
30,50000,5000,5.99
28,50000,6000,10.59
31,50000,6000,15.62
29,50000,6000,9.99
29,50000,9725,12.12
29,50000,13650,10.99
33,50000,10000,9.99
30,50000,10000,16.89
35,50000,13650,6.99
29,50000,6000,8.88
30,50000,6000,5.79
34,44000,6000,16.45
30,50000,3000,10.59
27,50000,6000,11.36
28,50000,18000,13.49
33,44000,6000,14.96
28,50000,8000,5.99
27,44004,6000,17.19
34,50004,6000,7.88
31,50100,6000,10.0
29,50000,4000,5.42
28,51000,6000,12.69
34,51000,6000,5.99
29,45000,6000,5.79
30,50000,8000,13.06
29,51000,6000,7.29
27,51600,6000,8.49
28,52000,6000,7.14
34,52000,6000,12.53
29,50000,8000,10.37
29,47000,6000,17.49
31,53088,6000,6.54
29,54000,6000,7.9
28,54000,6000,5.42
27,54000,6000,14.59
29,49000,6000,13.99
31,49000,6000,10.59
28,55000,6000,10.74
33,55000,6000,13.35
31,55000,6000,10.38
34,44000,4500,12.98
28,50000,8500,14.83
31,55560,6000,11.99
30,55840,6000,10.25
30,50000,1400,10.36
31,56160,6000,13.98
28,57000,6000,13.49
31,57006,6000,7.29
28,50000,3000,10.36
34,57016,6000,11.83
29,57600,6000,9.91
35,57996,6000,13.57
27,44000,24000,8.88
29,59000,6000,10.37
29,59000,6000,7.88
32,59004,6000,11.49
30,50000,5000,7.14
32,59363,6000,13.22
32,50000,5400,7.14
30,50000,10000,15.95
32,59500,6000,13.36
27,59578,6000,14.59
29,60000,6000,15.96
34,44000,4000,15.95
29,60000,6000,14.79
32,60000,6000,10.36
32,54000,6000,15.95
27,60000,6000,9.25
32,60000,6000,13.98
30,50000,16000,10.38
32,60000,6000,11.36
27,60000,6000,8.94
32,50000,9600,6.76
30,50000,5000,7.88
34,60000,6000,8.0
27,44000,6000,13.23
29,60000,6000,10.01
27,60000,6000,8.0
32,50000,6000,6.76
33,61000,6000,10.39
30,61400,6000,15.96
33,61500,6000,5.79
34,62000,6000,7.49
32,22800,7125,15.28
32,52000,7125,7.49
31,50000,12000,7.88
30,50000,3000,14.22
27,41200,7100,7.88
31,50000,2000,6.39
35,25200,7050,12.23
35,80000,7050,8.88
31,50000,5000,10.62
31,50000,16000,13.85
27,20000,7025,5.42
31,13000,7000,9.62
29,14400,7000,12.84
30,14500,7000,6.76
27,15000,7000,12.21
27,50000,10750,13.48
34,50000,6000,7.14
29,50000,10000,7.88
29,18000,7000,10.99
27,50000,15000,9.88
33,20244,7000,9.45
29,21000,7000,13.72
32,50000,5000,8.59
27,23400,7000,15.7
31,24000,7000,7.51
27,24000,7000,10.75
28,24996,7000,12.53
27,50000,4500,14.61
27,25000,7000,8.9
28,25000,7000,6.92
28,50000,7000,8.59
29,63000,6000,7.51
28,50000,5000,7.74
27,65000,6000,14.65
31,65000,6000,6.99
31,65000,6000,11.49
29,50000,3250,14.26
32,65000,6000,7.49
29,65000,6000,11.14
27,65000,6000,11.14
35,65004,6000,7.29
33,50000,1200,14.26
27,50000,6500,7.74
27,65600,6000,15.62
27,67000,6000,9.99
31,68000,6000,7.49
29,44000,10000,14.74
27,50000,12000,9.32
27,69996,6000,11.86
32,70000,6000,9.99
27,50000,10000,12.84
28,70000,6000,10.36
27,50000,9000,12.53
31,44000,12000,12.53
30,50000,5000,10.95
30,50000,1875,8.0
33,44000,4500,14.74
34,70000,6000,11.89
35,50000,5600,12.53
28,71000,6000,8.49
33,50000,12000,13.99
27,72000,6000,15.96
27,50000,7500,11.59
32,72000,6000,8.49
29,72000,6000,9.63
31,72000,6000,13.23
32,50000,7500,10.39
31,66000,6000,14.35
28,72000,6000,7.88
27,50000,3000,7.68
27,50000,8800,12.29
29,74000,6000,5.42
29,50000,4000,10.78
27,50000,3000,7.75
28,50004,10000,7.49
29,50004,10000,5.99
29,75000,6000,8.49
28,75000,6000,7.49
30,75000,6000,12.68
28,75000,6000,6.92
27,75000,6000,15.21
27,50004,10200,10.37
31,75000,6000,7.68
31,59500,6000,11.71
31,76000,6000,7.49
28,77385,6000,7.66
29,61628,6000,16.95
29,50004,1500,13.11
32,80000,6000,12.69
35,44004,10000,11.36
32,50004,6250,12.87
31,80000,6000,6.03
33,80000,6000,8.49
29,80000,6000,6.99
29,50004,20000,11.58
31,50004,10000,8.0
27,81000,6000,11.86
27,81000,6000,7.14
34,82000,6000,8.9
29,84000,6000,11.49
27,50055,15000,10.62
31,78996,6000,7.51
28,50123,2200,11.49
32,85000,6000,11.71
27,85000,6000,13.43
31,50268,12000,12.61
28,50343,22000,7.49
31,87500,6000,11.99
32,44400,15000,8.9
35,88020,6000,15.37
30,89004,6000,13.16
27,89700,6000,11.99
27,90000,6000,11.71
30,90000,6000,10.38
27,44400,4000,13.99
30,50400,3000,7.29
33,50400,6000,6.92
29,92004,6000,10.38
29,50400,9000,10.37
35,93000,6000,14.27
28,94773,6000,11.83
29,95000,6000,11.49
27,50400,5000,7.51
34,50400,22800,18.67
33,44400,2000,14.22
27,50400,11000,8.94
31,50402,3000,13.22
34,100000,6000,10.99
27,108000,6000,10.65
31,110000,6000,6.99
34,111280,6000,9.99
28,112000,6000,12.69
32,114000,6000,10.37
27,115000,6000,7.4
28,125004,6000,7.51
29,145000,6000,13.8
30,155000,6000,7.14
35,165996,6000,5.42
28,240000,6000,11.46
34,564000,6000,7.14
29,48000,6025,10.65
32,12000,6075,12.42
31,44960,5000,10.95
27,40000,6125,13.23
29,70000,6125,7.49
32,108000,6125,5.99
35,29400,6150,12.21
33,45000,10800,7.51
32,12000,6200,6.17
28,51000,8000,7.51
29,51000,19750,7.49
30,51000,2000,10.99
27,51000,7000,7.49
31,28800,6200,12.23
29,51000,1800,11.49
27,51000,12000,7.49
27,51000,18000,7.49
33,45000,8000,16.49
30,51000,6600,6.92
31,60000,6200,8.59
32,51000,10000,9.99
31,20400,6225,9.76
27,52000,6225,14.35
28,81000,6225,7.9
29,51000,25000,11.49
29,18000,6250,9.99
32,51000,15000,11.36
28,21000,6250,7.9
27,23004,6250,10.38
30,51000,15000,12.73
33,51000,7200,6.76
27,51000,3500,7.88
29,55400,7000,10.28
28,49900,7000,14.27
31,56000,7000,7.29
27,57000,7000,11.71
30,45000,10000,14.74
32,60000,7000,7.51
28,51150,7200,9.63
29,45200,6000,16.49
27,60000,7000,6.99
27,51267,4000,7.68
31,51320,5000,11.97
27,60000,7000,19.47
27,51456,8000,10.62
30,62000,7000,14.27
33,62000,7000,6.99
29,51540,4000,5.79
30,56400,7000,11.49
27,51600,6000,8.9
28,64000,7000,10.59
29,64000,7000,7.51
30,51600,12200,15.28
28,65000,7000,12.69
27,51600,10800,6.91
30,65000,7000,13.49
28,65000,7000,8.49
34,51621,3500,11.49
27,65000,7000,16.82
33,65000,7000,14.26
27,65000,7000,13.57
30,51750,12000,11.14
33,51888,7000,13.98
30,51996,3200,6.99
28,61350,7000,12.98
27,51996,9600,14.09
35,51996,2000,6.17
33,51996,14000,8.88
33,68508,7000,8.0
29,70000,7000,7.74
28,51996,5000,7.51
28,72000,7000,11.49
29,72500,7000,7.29
31,73000,7000,7.9
29,75000,7000,11.71
32,75000,7000,12.61
30,78000,7000,6.54
28,52000,14000,12.42
33,61200,7000,14.96
35,80000,7000,7.29
31,52000,5000,7.51
27,52000,8000,8.9
33,46000,14300,9.91
31,81000,7000,13.61
35,52000,7000,6.03
33,52000,1800,7.51
35,84175,7000,7.29
31,29640,6250,14.96
29,52000,5000,5.42
27,52000,8000,6.99
29,52000,16000,10.99
30,90000,7000,9.25
32,52000,1000,6.99
28,90000,7000,12.87
35,90000,7000,8.59
31,46000,8000,13.49
29,92000,7000,9.32
33,94000,7000,11.49
27,52000,6000,7.49
31,52000,10000,8.49
28,52000,2800,10.99
33,97000,7000,12.98
29,99000,7000,11.11
34,105000,7000,9.63
29,52000,12000,15.65
27,52000,10000,7.29
28,112200,7000,11.66
32,108000,7000,16.29
30,108000,7000,14.42
30,52000,14675,9.63
31,123000,7000,8.49
35,125000,7000,13.06
29,52000,7800,10.36
35,218000,7000,14.11
35,52000,10400,9.99
27,52000,1800,12.98
27,32200,6300,16.45
32,49000,6300,9.91
30,54000,6300,10.0
32,52000,15000,6.91
29,54380,6300,10.75
29,46000,4800,11.86
28,61000,6300,13.61
31,83000,6300,10.65
29,52000,1000,13.23
31,52000,6400,7.88
27,52000,11500,7.14
32,38000,6350,5.79
28,52000,13600,7.88
27,16800,6500,11.99
32,52000,10000,14.35
33,52000,12000,13.85
27,20000,6500,15.65
33,21000,6500,7.66
27,21840,6500,16.35
30,23000,6500,14.72
35,23000,6500,8.63
29,26004,6500,11.91
29,26400,6500,10.38
33,30000,6500,8.49
30,52000,5500,14.96
34,52000,8000,11.14
27,29000,6500,14.11
30,30000,6500,15.65
30,38000,6500,7.14
34,38400,6500,9.91
27,46000,4000,12.53
28,52000,7500,9.32
31,52000,15200,12.21
28,39520,6500,11.89
27,39996,6500,9.63
30,52000,5750,13.79
28,40000,6500,10.74
27,46000,8725,9.32
27,52000,7000,11.89
33,41000,6500,7.51
31,52000,25000,10.71
30,52000,9000,12.49
30,52000,18500,10.91
27,52000,5000,7.75
31,42500,6500,7.29
34,36500,6500,15.65
27,45000,6500,10.99
28,52260,9000,7.51
29,50000,6500,15.96
32,50000,6500,16.32
31,50000,6500,9.38
32,52500,7000,12.99
33,56000,6500,6.76
32,52500,9500,6.92
33,54000,6500,14.96
29,46500,11000,12.99
28,52524,9200,9.32
27,63360,6500,9.99
28,59000,6500,16.35
33,67000,6500,7.74
30,67275,6500,8.94
27,68000,6500,7.51
27,69476,6500,6.17
27,52680,8000,14.54
28,52692,4500,11.89
29,75000,6500,10.74
29,52800,25475,16.29
32,52800,24000,7.51
29,52800,4800,14.79
30,52800,15000,5.99
29,115000,6500,10.65
29,32000,6525,16.07
29,29500,6550,7.9
27,42000,6550,7.88
27,30000,6575,13.49
28,52828,14500,7.29
29,52833,12250,6.62
29,30000,6600,15.33
31,30000,6600,16.49
28,53000,17050,12.42
35,53000,10000,15.27
31,39000,6600,13.79
27,40200,6600,11.14
27,50100,6600,8.0
28,53000,7475,7.9
34,53000,3100,7.9
30,53000,12500,6.03
31,53000,15875,7.9
31,53000,3000,15.23
35,130000,6600,17.93
33,24947,6625,12.69
31,51000,6625,10.38
31,53000,7200,10.37
28,47000,6000,8.88
33,53000,6000,5.79
33,25700,6700,10.99
31,47000,23000,14.84
32,28600,6700,10.37
33,53000,6700,13.49
29,53000,10750,13.11
27,53000,6400,13.11
30,20000,6800,12.84
34,53000,9600,8.94
27,47000,25000,14.96
32,39270,6800,12.99
34,47818,6800,6.92
31,50000,6800,19.29
32,53000,6800,12.84
33,45000,6800,11.22
29,53000,6000,8.0
31,53000,4550,11.03
28,53004,10000,12.98
28,47004,10000,13.61
27,53004,5600,11.86
29,53004,15000,9.63
28,57000,6800,10.65
32,53100,7500,11.26
29,53200,1000,13.49
35,30000,6475,5.42
31,53329,8250,5.99
29,53360,10475,7.88
27,53400,4000,9.99
32,53408,1400,10.99
35,53500,10000,9.91
29,53500,5000,13.49
27,47500,13000,7.88
35,53500,20000,12.53
34,53549,14200,6.99
29,53590,11225,11.14
29,30000,6400,12.87
28,53796,7000,9.91
28,31800,6400,16.82
30,53979,25000,10.08
29,31836,6400,14.96
32,54000,12000,15.27
29,34000,6400,6.0
27,54000,6000,14.27
29,54000,2500,13.49
33,48000,7000,12.42
27,54000,9000,6.62
27,35000,6400,7.74
30,36000,6400,10.59
30,54000,14500,10.65
34,37000,6400,13.61
30,54000,10000,7.9
28,48000,5000,15.27
34,54000,27000,7.9
34,32000,6400,15.62
28,42000,6400,5.79
33,54000,3800,8.9
34,43000,6400,9.63
32,54000,11200,6.03
30,54000,4000,6.03
32,41000,6400,15.65
33,54000,10000,15.23
30,50000,6400,11.71
28,54000,4150,7.49
32,50000,6400,13.35
33,54000,2100,9.99
27,50000,6400,13.23
29,54000,12000,11.99
28,56000,6400,7.29
32,57192,6400,8.0
34,54000,3500,5.99
33,58000,6400,7.51
27,58500,6400,12.53
29,54000,10000,16.89
32,54000,10975,7.66
28,64775,6400,12.87
33,66000,6400,14.96
35,69000,6400,16.77
29,75000,6400,7.49
32,54000,12000,7.66
32,80000,6400,10.99
34,54000,10000,7.29
32,80000,6400,7.88
28,87000,6400,10.39
30,90000,6400,6.62
28,54000,10000,9.99
32,95000,6400,11.54
29,96000,6400,11.49
32,54000,5000,5.79
28,54000,11000,6.54
28,54000,6250,9.99
31,48000,5000,10.36
31,54000,6000,7.14
30,54000,15000,14.72
28,54000,11500,7.88
32,54000,3500,7.88
28,54000,1200,7.51
34,54000,4000,6.39
27,27000,6900,9.99
31,48000,8000,7.14
30,39500,6925,7.88
30,54000,5000,7.88
28,54000,9250,11.36
32,43000,6950,9.91
29,54000,5000,7.14
34,54000,5000,10.62
35,25200,7000,15.68
33,54000,7500,13.22
27,54000,9600,12.18
28,54000,10000,8.59
29,27000,7000,13.72
32,27600,7000,6.54
32,54000,10000,7.74
27,27720,7000,10.95
30,28000,7000,13.22
30,54000,5000,8.0
29,54000,12000,9.32
34,28704,7000,9.32
32,54000,13000,12.53
32,28800,7000,7.51
27,29004,7000,6.03
31,29736,7000,6.92
27,30000,7000,15.62
31,30000,7000,11.99
33,54072,3000,6.99
34,54072,7000,11.89
28,54080,13750,11.14
27,30000,7000,10.37
29,30000,7000,13.35
29,54099,21000,9.96
29,30000,7000,12.18
27,54120,6000,11.36
27,54216,9000,5.99
27,31200,7000,9.88
32,32000,7000,14.91
29,54548,6000,7.14
31,33000,7000,8.9
30,54600,2500,9.99
27,34000,7000,15.96
28,35000,7000,12.69
29,54912,5500,12.53
29,35000,7000,12.68
29,35000,7000,8.88
35,36000,7000,6.91
32,54996,7000,6.92
31,36000,7000,13.72
28,30416,7000,14.96
27,36500,7000,10.78
30,48996,1200,14.35
27,54996,16400,13.98
28,37000,7000,9.32
32,37120,7000,13.47
32,37440,7000,9.91
29,32000,7000,14.65
27,38000,7000,7.66
27,38400,7000,7.51
35,33000,7000,7.9
31,48996,8500,14.11
27,54996,8000,14.11
29,39996,7000,9.32
29,39996,7000,12.84
28,34000,7000,13.49
33,55000,3500,10.65
31,40000,7000,9.62
29,40000,7000,7.14
27,55000,5000,6.62
35,40000,7000,16.07
28,40000,7000,8.59
31,55000,4000,12.42
28,55000,20000,6.62
35,41000,7000,13.49
30,55000,11500,7.9
27,41000,7000,12.73
28,55000,18000,7.9
27,35520,7000,14.91
29,41779,7000,5.79
27,55000,10000,7.9
27,55000,9000,7.51
31,42000,7000,7.9
28,42000,7000,11.11
33,36000,7000,5.79
28,55000,6700,16.77
34,55000,2500,13.49
34,55000,7000,13.49
27,55000,4500,13.49
29,55000,12625,7.9
31,55000,8000,7.49
29,55000,12000,7.49
33,43000,7000,7.88
30,55000,6500,10.99
27,44000,7000,7.14
28,55000,20000,7.49
34,55000,12800,5.42
27,44400,7000,10.0
30,55000,6000,12.99
35,55000,1450,10.59
33,55000,1775,7.49
27,45000,7000,7.49
28,45000,7000,13.43
34,45000,7000,11.86
33,45000,7000,10.38
31,55000,12000,7.49
27,39000,7000,13.79
34,46000,7000,8.9
29,55000,4000,10.99
27,55000,11000,7.49
29,40000,7000,14.91
32,49000,11500,10.99
35,55000,15000,8.49
29,47000,7000,10.36
30,49000,16000,13.49
33,48000,7000,11.99
29,55000,8000,10.0
28,48000,7000,11.36
29,55000,3600,6.92
31,49000,7000,12.69
30,50000,7000,14.65
34,55000,5000,13.43
35,50000,7000,11.49
35,55000,3200,5.79
28,50000,7000,6.92
28,50000,7000,8.32
29,50400,7000,6.17
29,55000,8000,13.72
29,52000,7000,16.77
33,55000,15000,6.54
28,52000,7000,11.99
27,55000,9600,9.62
31,52249,7000,7.49
31,55000,6250,9.99
30,55000,12000,5.79
28,55000,4800,5.79
27,55000,11000,5.42
28,53000,7000,9.88
27,53250,7000,10.37
28,48000,7000,12.68
30,55000,12000,10.38
34,55000,7000,8.88
30,85000,7000,10.65
30,85000,7000,8.9
27,85000,7000,13.99
29,85000,7000,6.92
31,55000,8000,7.14
29,55000,6400,7.88
35,90000,7000,11.71
32,55000,6500,13.98
28,49000,19750,15.58
32,40100,7175,12.99
31,55000,4500,7.14
35,17280,7200,12.36
27,18200,7200,7.49
32,55000,9000,13.85
29,55000,10000,11.36
31,55000,8000,7.51
31,55000,15000,11.36
33,55000,12000,7.51
29,26400,7200,7.49
30,55000,21250,15.7
32,55000,7000,13.48
34,28800,7200,11.99
27,29120,7200,13.11
30,55000,6500,10.99
31,30000,7200,15.96
33,30000,7200,12.69
27,30000,7200,7.29
30,30000,7200,10.36
29,31000,7200,11.03
33,31500,7200,5.79
35,55000,8500,7.88
35,32000,7200,12.61
29,33000,7200,11.71
35,34200,7200,6.99
34,35000,7200,12.42
28,35000,7200,7.66
32,55000,15250,16.35
32,38000,7200,10.08
27,40000,7200,13.22
31,40000,7200,9.63
31,40351,7200,7.29
33,55000,8000,11.14
30,41000,7200,7.49
28,55000,10650,11.58
31,41196,7200,7.9
34,35316,7200,14.84
30,42000,7200,10.99
27,42504,7200,10.59
29,43108,7200,6.03
27,39000,7200,10.65
28,55000,18000,14.11
34,39000,7200,11.71
30,48000,7200,10.39
33,49000,7200,12.42
35,50000,7200,11.99
27,55000,7500,12.22
30,55000,12000,13.55
27,49000,15000,9.76
28,56052,7200,11.28
27,55140,10000,13.49
27,60000,7200,8.9
28,60000,7200,5.42
27,60000,7200,7.74
27,49200,7500,16.32
28,62000,7200,12.99
28,55200,3000,11.72
28,65000,7200,13.98
29,65000,7200,11.12
27,49500,4750,15.27
29,75000,7200,7.9
28,75000,7200,9.88
29,55530,18825,8.9
27,55596,2000,7.51
32,55600,8800,9.99
27,55600,4200,10.37
27,82500,7200,14.22
33,83000,7200,8.0
31,55680,4000,12.73
30,55684,5200,12.69
32,85000,7200,11.58
28,55704,8400,7.51
31,55728,13000,10.62
30,49777,6000,14.54
27,85000,7200,7.68
30,90000,7200,11.99
33,55920,22000,7.88
28,90000,7200,5.42
27,98500,7200,14.35
28,112123,7200,8.59
27,56000,1000,14.65
27,120000,7200,7.29
29,125004,7200,9.99
33,56000,12000,6.62
29,28800,7225,6.92
30,20800,7250,8.0
29,56000,9200,6.03
28,39750,7250,8.49
29,35000,7300,11.71
29,56000,6000,10.99
28,56000,15000,7.49
27,50000,7300,7.29
33,50000,10000,16.89
30,115000,7300,10.25
28,44995,7350,7.49
27,56000,10050,9.63
32,31000,7400,16.77
33,69000,7400,9.76
31,56000,12000,6.54
32,56000,3000,8.88
28,140000,7400,6.03
28,56000,12000,14.72
29,55000,7450,15.62
27,62900,7450,15.99
29,56000,6000,13.23
34,56000,5600,11.86
28,20000,7500,9.76
33,56000,11500,7.14
32,56000,10000,7.14
29,56000,13000,7.88
30,21996,7500,10.37
31,56000,8000,8.59
30,56000,14000,12.18
29,25400,7500,14.59
29,56000,18000,14.61
28,56000,4800,14.61
27,27000,7500,12.69
29,27600,7500,6.62
27,30000,7500,14.84
33,30000,7500,11.86
35,56000,15000,11.26
31,31000,7500,7.49
30,32004,7500,13.47
30,56004,9600,5.99
27,33000,7500,15.65
33,33000,7500,11.34
31,34000,7500,8.94
28,34200,7500,8.94
27,56004,5000,7.74
27,56004,3100,9.32
30,56030,13000,11.89
29,56033,16000,14.65
33,56100,16000,6.03
30,35004,7500,8.63
35,35300,7500,12.29
28,56148,2400,13.99
27,56244,12000,14.22
32,56256,6500,6.17
27,56331,10000,10.36
34,56400,7000,7.9
31,37000,7500,15.23
34,56400,12100,5.79
28,31000,7500,15.31
30,38168,7500,9.76
30,40000,7500,12.69
30,56604,3000,17.58
30,56628,12000,8.94
31,34000,7500,15.58
28,56700,15000,12.12
29,56700,11000,10.62
28,40000,7500,11.86
32,56784,12000,14.96
28,50820,10000,10.59
28,56864,12300,7.88
29,40000,7500,12.73
32,34000,7500,10.01
32,40000,7500,8.0
28,57000,9500,7.51
29,42000,7500,12.87
28,36000,7500,10.39
27,36000,7500,13.55
28,57000,9600,15.96
27,57000,15000,6.03
29,44875,7500,8.32
27,45000,7500,15.27
27,57000,3000,7.51
35,57000,5500,7.49
27,45000,7500,12.73
28,51000,4775,7.49
34,39000,7500,9.45
29,45756,7500,10.0
27,51000,10000,6.99
27,46000,7500,13.49
30,57000,4500,7.49
30,46800,7500,7.88
30,48000,7500,7.49
28,48500,7500,12.86
27,42996,7500,11.91
32,57000,9000,13.35
33,57000,13000,7.88
29,57000,2500,6.76
30,57000,6000,7.51
29,57000,5000,11.86
33,44000,7500,12.92
31,57000,8000,9.88
30,50400,7500,10.25
28,57000,6000,12.73
33,50750,7500,11.91
28,51000,7500,16.49
28,51000,20400,17.74
30,45063,7500,15.05
28,57000,3500,11.83
31,54200,7500,12.61
28,57000,13000,9.63
33,51000,1200,9.63
29,57000,6000,9.32
30,57000,4000,8.0
33,57000,15000,10.39
28,55000,7500,12.84
31,56400,7500,11.48
30,57000,7500,14.27
31,57000,7500,12.53
34,57000,7500,11.14
28,51043,2100,12.29
27,57996,7500,12.21
31,57200,7500,13.11
27,57240,15000,11.99
31,57240,10000,5.99
28,57248,9000,6.92
29,57300,12000,11.48
31,57335,16500,14.84
31,57400,7600,5.99
31,60000,7500,5.79
30,57408,18000,8.88
33,57500,15000,6.03
27,62000,7500,13.04
29,57500,19600,7.88
29,65000,7500,12.69
29,59000,7500,9.99
31,65000,7500,10.95
30,57600,6000,14.65
27,51600,13650,16.29
28,57600,10625,12.42
33,57600,17000,7.66
27,70000,7500,7.88
27,57600,3000,11.11
34,51600,12000,17.88
28,66000,7500,11.28
27,57600,8500,7.14
28,57600,12000,15.58
31,57600,15000,10.25
33,80000,7500,5.42
27,80000,7500,12.18
27,81000,7500,10.25
31,85000,7500,10.08
27,57770,9975,11.49
27,87360,7500,12.54
33,57800,7000,6.99
27,57886,4000,7.9
34,57912,5600,5.42
27,96000,7500,9.83
31,99504,7500,13.57
31,101000,7500,13.22
29,105000,7500,11.03
29,103000,7500,16.77
29,115000,7500,5.99
33,115000,7500,11.03
27,57996,4800,8.59
34,120000,7500,16.29
29,57996,20475,12.72
32,155000,7500,11.59
31,160000,7500,11.28
35,160000,7500,8.0
29,165000,7500,10.62
33,58000,15000,9.91
31,58000,6200,10.65
35,40000,7550,13.92
27,52000,3000,15.96
35,58000,6000,12.99
28,18000,7600,8.49
27,28000,7600,10.99
30,58000,5350,9.99
34,58000,4000,5.42
28,58000,6700,9.99
35,33000,7600,15.27
27,33000,7600,8.0
27,58000,2800,11.99
30,44208,7600,7.74
30,58000,3000,5.42
27,45000,7600,14.59
27,51996,7600,14.17
28,58000,9600,7.49
29,33000,7650,19.29
30,58000,6000,5.79
31,58000,14500,13.06
28,58000,12500,13.43
31,58000,3625,6.17
28,30000,7700,12.42
27,58000,3250,11.86
34,58000,3000,6.76
30,58000,9000,13.23
27,58000,12000,7.51
30,48000,7725,8.94
29,56200,7725,13.75
30,58000,4000,11.12
27,58000,6500,13.98
28,58000,4000,7.14
29,58000,1800,6.76
29,26400,7750,14.27
34,26400,7750,12.87
27,29000,7750,11.86
32,58000,8000,13.85
30,30000,7750,13.87
28,32000,7750,14.22
29,58000,14000,7.51
31,41558,7750,16.45
27,58000,4000,11.14
29,28000,7800,8.88
28,30100,7800,14.35
31,58000,14000,12.87
29,58000,14000,11.83
28,58000,10000,9.32
31,58000,6000,9.32
29,40320,7800,8.88
27,41004,7800,11.14
29,52044,8875,7.9
27,58075,4000,5.99
28,58200,4500,11.12
34,54000,7800,14.84
30,58239,10500,6.62
28,70000,7800,7.9
32,93158,7800,16.29
30,52500,10000,9.63
35,58570,11000,7.88
27,52600,21600,17.27
28,58600,4550,8.0
27,37000,7900,11.11
29,58656,8000,11.14
28,35000,7950,15.62
35,58788,2200,11.99
31,13000,8000,12.84
27,13500,8000,12.18
32,58800,7000,13.99
27,18000,8000,10.75
29,58800,16000,9.88
28,58800,5500,6.76
27,58800,9800,13.22
27,18000,8000,10.25
28,58868,8400,13.57
33,19200,8000,7.66
28,20000,8000,12.42
34,59000,5500,7.9
33,59000,5500,9.91
27,20000,8000,11.89
32,20400,8000,8.49
29,21000,8000,11.71
35,21340,8000,11.14
27,21600,8000,10.59
28,59000,10000,7.49
29,59000,10000,7.49
27,59000,4000,5.79
28,59000,14000,10.36
29,59000,10000,6.91
30,59000,10000,7.51
27,59000,16000,13.98
27,24000,8000,7.29
28,53000,5000,7.14
33,24000,8000,11.12
35,24996,8000,7.51
27,59000,6000,11.83
31,59000,13000,11.14
28,25000,8000,6.91
27,25000,8000,14.84
27,59004,24250,11.49
35,26000,8000,7.9
27,59068,13500,13.22
28,26000,8000,11.36
27,59147,7000,11.26
35,59196,5000,8.0
27,26400,8000,10.59
32,26400,8000,7.51
30,27996,8000,10.99
33,59450,3000,10.38
30,59500,15000,6.54
32,59506,8000,16.07
28,59520,5000,8.59
28,59700,6000,10.99
28,59904,3000,12.53
30,28800,8000,12.73
30,28800,8000,13.22
32,29962,8000,12.53
28,60000,14400,13.49
31,60000,7200,6.03
35,60000,16000,15.96
29,60000,6000,13.49
28,60000,15000,15.96
35,30000,8000,20.52
32,30000,8000,7.74
30,30000,8000,13.22
33,60000,12000,6.62
28,60000,5000,14.27
28,30996,8000,7.29
27,32000,8000,9.91
27,54000,10000,14.27
33,60000,3500,7.9
34,32000,8000,17.27
35,60000,19600,9.91
30,60000,21000,7.9
28,33000,8000,14.65
30,60000,2500,12.69
34,34000,8000,7.9
33,34000,8000,9.99
28,60000,8650,8.9
32,29000,8000,18.25
29,60000,1500,6.03
27,35000,8000,14.79
31,60000,17000,8.9
34,35000,8000,6.17
32,60000,6000,6.62
31,60000,9000,12.69
28,29000,8000,13.11
27,35000,8000,12.21
28,60000,20000,11.71
30,60000,16000,11.71
29,60000,5000,6.03
28,60000,13000,8.9
29,30000,8000,12.69
31,36000,8000,10.65
30,60000,8000,7.51
28,60000,4000,7.9
30,60000,10000,12.69
35,60000,4000,6.03
31,36000,8000,8.49
29,60000,5600,12.42
30,36000,8000,11.36
27,36000,8000,13.92
35,60000,9000,12.42
28,36000,8000,12.84
31,36996,8000,7.49
27,37000,8000,13.49
27,31000,8000,7.66
28,60000,20000,7.9
32,37050,8000,8.0
33,54000,32000,15.23
35,37440,8000,10.99
30,60000,7000,7.49
31,37681,8000,10.99
29,60000,20000,6.99
29,60000,10000,10.99
28,60000,7000,15.99
35,32000,8000,5.99
31,60000,1500,12.99
31,60000,7800,10.59
30,32918,8000,14.59
29,33000,8000,5.79
32,60000,3250,13.49
28,60000,35000,10.59
27,60000,10500,7.49
27,39000,8000,11.03
27,60000,5075,5.99
32,39600,8000,9.91
33,60000,2000,5.42
34,33666,8000,17.49
35,39996,8000,5.99
29,54000,7500,7.49
29,34000,8000,16.77
30,34000,8000,7.9
31,40000,8000,7.9
27,40000,8000,11.99
27,60000,5100,11.49
32,40000,8000,9.62
27,40000,8000,10.25
29,54000,20000,18.79
28,54000,6000,15.23
31,40000,8000,11.89
28,40000,8000,10.95
28,60000,3000,17.49
29,41200,8000,11.99
30,35600,8000,14.59
31,42000,8000,12.42
33,42000,8000,5.99
30,36000,8000,15.99
29,60000,8000,5.99
30,42000,8000,10.0
31,60000,5000,16.49
30,60000,4000,6.99
27,42000,8000,7.29
32,60000,7125,9.99
27,36000,8000,13.85
27,36672,8000,7.9
28,42682,8000,6.03
28,60000,6000,5.99
30,43000,8000,16.49
33,60000,5000,5.42
28,60000,15000,11.99
27,43000,8000,12.68
33,43000,8000,10.0
27,60000,10000,7.49
33,60000,7000,5.42
31,60000,6500,10.99
27,54000,12000,16.49
33,44000,8000,17.49
27,60000,3600,5.42
35,38760,8000,18.09
30,60000,4125,5.99
28,60000,4125,9.99
31,54000,15000,8.49
31,45000,8000,10.99
32,45000,8000,7.66
28,39000,8000,14.91
28,60000,7000,11.11
27,45000,8000,13.85
29,60000,5000,7.66
31,60000,15000,12.68
29,45000,8000,12.18
33,45000,8000,12.53
29,60000,5000,7.66
30,60000,15000,10.74
29,60000,8500,6.92
30,46000,8000,7.14
27,46000,8000,11.36
27,40000,8000,15.65
27,60000,2000,7.29
32,47000,8000,8.59
27,41000,8000,12.84
28,60000,7000,7.66
27,60000,5000,9.63
29,60000,10000,5.79
29,60000,12000,7.29
30,48000,8000,13.23
30,60000,8000,7.66
29,60000,9000,12.23
28,50000,8000,14.27
28,60000,16800,12.61
27,50000,8000,7.9
33,60000,4000,6.54
29,50000,8000,11.71
28,60000,16000,6.54
27,60000,6000,13.35
35,60000,2000,6.91
28,60000,12000,5.79
28,50000,8000,14.65
33,60000,6300,9.62
30,54000,5000,12.61
28,60000,22000,14.09
30,60000,20000,6.17
27,50000,8000,13.43
28,50000,8000,7.14
27,50000,8000,13.98
32,50000,8000,10.62
27,50000,8000,7.14
32,60000,15000,14.83
28,50004,8000,15.23
30,60000,1750,9.99
35,51000,8000,13.11
28,51000,8000,9.63
28,60000,7500,5.79
32,51400,8000,7.51
30,60000,9600,9.99
30,52000,8000,11.11
31,52000,8000,7.51
28,52500,8000,7.51
29,60000,2400,10.75
27,60000,4000,13.98
31,60000,5100,10.75
29,60000,7200,7.88
33,53040,8000,9.88
27,60000,10000,10.38
28,54000,8000,15.23
27,54000,8000,13.8
32,48000,8000,14.42
27,54590,8000,11.49
30,54000,12000,15.58
30,54996,8000,5.79
31,60000,8800,7.51
28,60000,9600,7.51
29,60000,9600,14.35
32,55000,8000,10.0
27,55000,8000,7.29
29,60000,13500,7.51
27,60000,8000,7.88
27,60000,15000,11.86
28,60000,12000,7.51
32,60000,15000,11.86
27,55000,8000,11.83
30,60000,6000,14.84
28,54000,6500,16.45
34,60000,2500,14.72
31,55000,8000,13.16
31,50000,8000,14.09
32,56004,8000,7.66
27,56400,8000,16.77
27,56888,8000,16.29
28,60000,8000,7.88
30,60000,12250,7.51
35,60000,12000,10.75
34,57996,8000,11.12
27,60000,5000,16.45
27,58000,8000,11.36
27,60000,5000,7.88
33,54000,16000,18.67
29,60000,8000,12.42
27,60000,5000,12.73
30,60000,7400,13.11
30,60000,8000,7.66
35,60000,8000,5.79
35,60000,25000,12.73
33,60000,7000,7.14
29,60000,8000,11.14
35,60000,5000,15.7
33,60000,8000,12.53
28,60000,6000,10.99
32,60000,6000,7.14
35,45000,5200,13.06
28,50500,5200,12.53
34,60000,10000,9.88
29,54000,25000,20.16
33,60000,17000,16.07
34,60000,10000,11.36
29,75000,5200,10.75
28,25000,5175,18.43
29,60000,1000,6.76
35,60000,12000,13.11
35,40000,5100,13.72
27,60000,10000,12.53
27,60000,6000,11.48
29,47133,5100,11.86
27,52000,5100,10.37
31,61150,5100,11.49
31,20000,5075,12.54
32,60000,13250,11.83
30,60000,6000,8.94
31,60000,24250,12.18
29,60000,16000,16.0
29,60000,15000,12.87
29,50000,5050,12.73
29,60000,20000,12.53
27,12000,5000,8.49
34,14000,5000,13.35
29,14573,5000,12.18
35,60000,24000,12.53
29,54000,14800,15.31
28,15000,5000,7.4
28,60000,15000,8.94
32,15600,5000,5.42
28,15600,5000,10.37
28,60000,16000,12.18
28,16000,5000,16.45
29,60000,16000,14.96
35,60000,25000,15.31
29,16800,5000,6.92
32,16800,5000,7.29
30,60000,15000,15.31
32,16800,5000,14.35
27,60000,6000,8.94
29,17676,5000,13.11
29,54000,14800,18.53
34,60000,7000,12.53
34,19200,5000,6.99
32,19200,5000,9.99
27,19200,5000,12.53
27,60000,4800,11.89
28,20000,5000,10.65
34,20000,5000,8.9
31,60000,15000,11.26
31,20000,5000,13.8
34,20000,5000,18.43
31,60000,3600,7.68
30,20000,5000,8.59
34,60000,10500,15.68
29,60000,6400,11.89
30,54000,15250,14.42
30,20520,5000,9.99
31,20743,5000,7.51
30,21000,5000,13.49
31,54000,19400,18.53
30,21600,5000,11.71
27,60000,7500,15.37
31,60000,10000,9.63
34,60000,14000,12.84
33,22000,5000,12.42
28,60000,16000,12.72
29,60000,10000,15.25
30,60000,4500,10.83
30,54000,24000,18.72
29,60000,8000,10.51
33,23400,5000,12.69
33,60000,2500,10.83
33,24000,5000,10.65
31,24000,5000,10.99
32,60000,7500,11.03
31,60000,9600,10.08
30,24000,5000,10.59
29,24000,5000,10.74
30,24000,5000,11.11
33,60000,8350,11.34
27,60000,10000,8.63
29,24000,5000,6.92
27,60000,18000,13.24
27,60000,10425,9.45
27,60000,7000,7.43
28,24000,5000,11.86
27,24000,5000,14.72
31,24000,5000,7.51
29,60096,3000,7.66
34,60100,1500,6.03
30,24414,5000,6.91
33,24720,5000,7.49
31,24996,5000,12.99
35,24996,5000,8.49
31,60380,6000,11.48
30,25000,5000,9.91
28,25000,5000,7.51
27,25000,5000,9.62
28,60589,2650,9.88
28,54600,20000,11.89
30,60600,3000,7.12
29,25000,5000,10.95
32,25200,5000,7.91
34,25480,5000,12.8
32,25591,5000,10.65
28,26000,5000,7.9
28,26000,5000,11.71
28,60996,24250,16.4
28,54996,16750,10.38
33,26100,5000,10.75
28,26400,5000,13.11
28,26496,5000,14.83
28,61000,12000,6.03
30,61000,4000,7.9
32,61000,2000,7.9
27,27000,5000,7.88
29,27000,5000,6.76
34,61000,5000,5.42
32,55000,16000,10.59
28,61000,12000,9.99
27,61000,1050,8.49
27,61000,1200,10.37
29,27911,5000,17.51
32,62000,8000,9.99
30,61000,4500,6.54
35,61000,6000,6.54
29,61000,9000,7.88
29,55000,5000,12.73
33,62000,8000,11.48
29,62400,8000,6.62
28,63000,8000,16.29
27,63000,8000,7.51
28,61104,4400,8.9
31,64000,8000,14.22
31,61104,15000,9.25
27,64800,8000,13.49
30,65000,8000,7.51
31,65000,8000,6.99
27,61200,4500,11.86
27,65000,8000,10.37
32,59000,8000,14.96
32,59004,8000,16.49
31,61400,15000,10.25
28,61425,9000,5.99
35,61440,3500,7.9
29,55476,10000,15.33
34,61476,9200,7.74
27,66000,8000,14.79
32,66000,8000,7.29
27,67200,8000,6.03
27,61500,6000,10.99
27,68120,8000,10.0
27,68500,8000,6.62
32,61572,15000,13.57
33,68500,8000,10.62
32,63000,8000,10.74
30,61800,20000,11.36
28,61838,10675,7.49
29,61848,5000,10.38
31,70000,8000,10.99
29,70000,8000,7.49
28,54400,8000,15.65
30,70000,8000,13.11
29,70000,8000,12.53
27,70000,8000,12.92
29,70004,8000,9.63
35,71000,8000,11.49
35,62000,9475,6.03
30,71000,8000,11.12
31,72000,8000,7.9
30,62000,15000,6.03
29,62000,9000,6.62
29,62000,15000,6.03
29,62000,12000,7.51
31,62000,2500,14.65
34,62000,28000,11.71
29,62000,10000,5.99
29,72000,8000,13.57
27,62000,5000,5.42
31,72100,8000,14.65
29,73000,8000,7.4
30,73008,8000,9.99
28,75000,8000,7.9
27,62000,4150,18.39
27,75000,8000,13.49
29,62000,9600,18.39
29,56000,8000,11.49
31,62000,7500,10.99
30,62000,9600,11.99
29,76000,8000,11.36
27,76860,8000,5.79
31,78000,8000,7.9
28,61200,8000,10.38
27,78500,8000,8.59
31,62000,6550,5.79
31,80000,8000,12.61
27,56000,10000,6.91
27,80500,8000,8.49
29,62000,3600,7.14
28,82000,8000,7.49
33,62000,10000,7.88
29,82710,8000,13.49
29,62000,3000,14.84
29,83500,8000,11.49
32,62000,6000,11.36
33,62000,3700,6.39
28,85000,8000,11.71
30,62000,5000,13.11
32,62000,20000,11.36
29,85000,8000,10.62
28,62000,5000,10.25
27,62000,3600,7.14
28,86000,8000,5.99
34,86400,8000,13.49
32,62000,15000,12.18
27,90000,8000,10.99
33,62000,9800,13.79
32,90000,8000,7.88
29,62000,10000,12.41
28,56000,5050,12.29
27,56000,25000,13.55
28,95000,8000,12.42
27,62000,3275,9.33
29,62004,12000,11.11
29,99000,8000,12.99
33,104000,8000,11.58
34,105000,8000,8.38
29,105500,8000,7.49
28,103000,8000,14.61
32,62217,6000,14.27
30,62256,9000,15.05
30,108000,8000,14.96
28,62352,3800,6.62
30,62400,6000,6.03
33,56400,8500,12.42
34,130000,8000,10.99
27,62400,1000,5.42
30,132640,8000,13.57
27,62400,12000,5.42
28,150000,8000,11.71
31,62400,8500,14.09
33,155000,8000,7.9
28,160000,8000,12.69
27,160000,8000,12.42
29,215000,8000,10.71
31,552000,8000,7.29
32,62400,20000,12.53
27,67000,8050,14.72
32,35004,8150,16.49
35,62500,1600,5.42
27,62500,12000,7.66
30,62500,15000,6.91
33,42996,8200,7.88
29,62500,5000,11.36
31,62500,3000,13.92
28,32500,8250,7.51
35,48000,8250,7.51
27,62570,25000,14.84
28,56664,16300,14.91
33,62910,7075,17.58
32,19000,8325,6.62
31,26900,8325,7.51
28,81120,8350,7.49
27,63000,15500,14.65
33,63000,18250,8.9
28,30000,8400,11.89
30,32000,8400,13.98
30,63000,3500,7.49
27,63000,1700,8.49
34,32758,8400,14.96
27,63000,4400,5.99
28,63000,8575,13.49
35,33144,8400,14.91
34,63000,18000,11.49
34,57000,2600,5.99
31,33276,8400,18.43
29,63000,7400,10.99
28,63000,6400,14.79
27,63000,4000,6.99
27,63000,18000,7.49
27,37000,8400,9.91
34,33500,8400,10.99
33,41000,8400,11.71
32,63000,8000,6.17
28,63000,11500,9.99
27,63000,4500,8.88
32,42000,8400,7.88
28,63000,13500,13.23
35,49872,8400,7.29
30,57000,9000,17.93
30,63000,8000,10.25
34,63000,15000,10.99
33,63000,12800,7.88
32,50400,8400,12.42
27,51000,8400,10.71
28,63000,8000,12.73
29,63000,5000,11.14
31,63000,7000,13.92
29,52000,8400,5.79
29,63000,25000,11.48
32,63000,7000,13.57
27,52800,8400,11.86
27,63000,4500,9.63
27,63000,2500,7.68
30,57996,8400,12.98
33,57000,10000,15.68
30,52576,8400,7.49
28,63000,5000,13.67
27,63000,9500,8.07
27,65000,8400,6.99
32,65280,8400,13.61
31,63324,24000,11.83
27,63344,8000,11.36
27,71000,8400,12.61
28,66000,8400,7.51
29,63440,20000,8.9
34,63500,5125,8.49
28,75000,8400,11.14
30,63500,12000,15.33
34,102000,8400,17.19
27,57504,17000,12.18
35,57600,2000,6.76
28,20000,8500,8.88
30,98000,8525,10.78
30,63830,15000,17.99
27,63844,20000,6.54
29,27840,8575,19.42
33,63996,3200,5.42
29,63996,12000,12.61
27,35000,8575,15.27
34,63996,6400,8.0
27,30000,8600,7.51
27,32000,8600,16.02
35,35000,8600,15.99
30,64000,10200,6.62
30,43200,8600,11.36
27,30000,8650,8.94
31,60682,8650,8.49
28,64000,7000,11.71
28,64000,12000,6.03
28,28320,8700,14.61
30,32004,8700,15.58
32,40320,8700,12.61
29,45000,8700,7.88
27,64000,3500,11.99
33,64000,8800,7.49
28,64000,8825,5.99
27,68000,8700,7.88
34,64000,9000,6.92
31,59000,8750,12.68
35,64000,14500,7.66
34,64000,7200,7.29
27,65000,8750,9.63
28,64000,7200,7.29
27,64000,5000,5.79
34,42240,8775,13.06
27,64000,8000,5.79
34,64000,8000,6.91
32,145000,8800,10.59
28,64000,5000,13.23
32,64000,8000,6.76
32,24000,9000,15.62
33,58000,15000,10.62
34,24000,9000,11.14
32,64000,13000,7.88
31,64000,24000,10.25
35,58000,15000,13.99
28,64049,20000,12.69
33,64197,7600,12.99
30,64300,14000,15.33
29,64320,8000,6.03
35,30000,9000,13.92
29,32000,9000,16.77
27,32000,9000,11.48
31,64500,7000,7.88
27,64500,24000,11.83
30,32400,9000,11.22
35,64500,4500,12.53
33,34000,9000,14.17
31,34000,9000,11.48
29,29000,9000,6.54
32,35000,9000,8.59
29,58800,5000,11.71
30,64800,5600,10.99
31,29000,9000,15.37
35,58800,12000,15.7
34,58800,17000,17.74
29,30000,9000,6.91
29,64992,2500,9.62
31,65000,23200,7.9
28,65000,4500,15.96
27,65000,3000,7.51
27,36400,9000,7.49
27,59000,3000,7.9
32,37000,9000,6.92
27,37000,9000,8.94
31,37200,9000,7.51
27,65000,13225,12.69
35,38000,9000,14.65
30,65000,20000,16.77
31,65000,5000,6.03
28,38000,9000,9.96
31,65000,20000,11.71
28,32200,9000,13.99
28,32400,9000,15.62
31,39000,9000,10.71
27,39000,9000,10.08
29,40000,9000,14.27
27,65000,10000,12.42
30,40000,9000,16.77
28,40000,9000,12.53
32,40020,9000,14.35
31,65000,3000,16.77
28,41000,9000,9.88
27,65000,3000,12.42
35,36000,9000,18.39
29,42000,9000,13.06
31,65000,30000,12.69
29,59000,8000,16.77
33,42597,9000,10.37
33,65000,15000,7.51
30,65000,1800,16.49
32,38482,9000,15.31
28,45000,9000,14.65
28,65000,15000,9.99
29,45000,9000,12.69
31,45000,9000,12.84
33,65000,15000,11.99
31,65000,12000,7.49
31,65000,8000,11.49
32,46000,9000,7.51
30,46000,9000,7.29
27,47000,9000,12.98
34,47700,9000,7.14
29,65000,10000,8.49
32,48000,9000,13.99
27,48000,9000,10.99
27,65000,8000,7.49
28,48000,9000,8.59
28,65000,24000,10.99
27,65000,19200,7.49
33,44000,9000,15.21
33,50000,9000,7.51
28,65000,10000,7.49
34,65000,5000,6.99
29,65000,10000,6.99
29,65000,6000,6.99
32,51000,9000,12.99
31,51000,9000,10.99
30,51600,9000,6.54
34,65000,21200,9.99
28,65000,2000,7.49
28,46000,9000,17.56
28,65000,2500,5.99
33,65000,3600,13.99
27,65000,4500,11.99
32,53000,9000,5.79
27,65000,15000,6.99
32,65000,10000,11.99
27,65000,9000,7.66
35,55000,9000,10.25
34,30000,9050,5.99
29,65000,7000,7.29
33,62130,9050,7.29
28,65000,5000,6.92
30,65000,12000,7.66
34,62000,9100,13.48
28,65000,8000,7.66
33,125000,9100,7.88
33,43000,9150,13.16
33,120000,9150,13.99
34,28500,9175,12.69
28,65000,7500,7.29
30,65000,3600,6.92
29,65000,9600,5.79
27,60000,9200,12.42
32,65000,12000,13.35
28,62000,9200,10.0
29,73000,9200,7.88
27,65000,22000,14.09
32,59000,3500,13.72
28,19000,9250,11.49
28,19200,9250,14.22
30,65000,7500,6.17
29,65000,6000,10.36
33,21996,9250,12.87
31,65000,7750,7.51
27,65000,5000,7.88
30,28000,9250,11.48
27,65000,15000,10.75
31,65000,10000,13.61
29,32000,9250,15.65
30,65000,4000,15.21
29,40000,9250,14.65
35,34000,9250,10.59
34,65000,11200,7.88
29,54996,9300,9.32
28,62000,9300,11.72
32,65000,12000,7.88
32,12000,9325,8.38
32,30000,9325,13.62
34,65000,6000,7.14
27,65000,18000,7.51
27,65000,12000,11.36
35,65000,20000,10.25
32,65000,5500,7.51
34,65000,10000,11.36
29,65000,10000,15.33
27,31200,9400,6.91
33,65000,2000,7.88
28,72800,9425,11.49
32,28800,9450,14.27
29,65000,11500,7.51
32,29000,9450,16.29
28,65000,22000,15.65
27,65000,10250,8.59
27,65000,4500,13.92
32,70000,9450,10.83
31,95000,9450,6.54
27,65000,24000,17.74
27,65000,10000,12.53
29,65000,10000,8.94
30,65000,25000,15.65
34,36000,9500,8.59
28,65000,2500,13.22
29,59000,18000,15.65
29,65000,16000,12.87
28,59000,12000,9.63
34,65000,5600,8.0
32,65000,5600,11.58
29,72000,9500,11.26
28,65000,7500,10.96
29,77040,9500,12.84
30,59000,10000,8.0
27,19498,9575,6.62
33,65000,16800,9.76
29,59000,15000,9.76
32,24696,9600,7.14
28,65000,1450,9.76
35,65000,25000,9.51
28,25000,9600,14.27
30,65004,15000,7.51
35,28080,9600,13.57
30,65004,1500,5.99
33,33504,9600,10.99
28,65004,9000,5.99
29,33600,9600,15.99
29,65004,5000,6.17
28,34000,9600,10.99
33,65004,8000,11.49
27,37595,9600,7.14
30,65004,7100,8.0
28,59004,8000,7.37
30,65004,5250,9.63
28,39000,9600,7.49
27,65004,12000,12.09
29,65061,12000,9.62
30,65136,6250,12.87
34,65200,8000,6.92
31,65200,7000,8.0
32,40000,9600,13.48
27,65304,5300,7.51
28,42000,9600,7.9
28,36000,9600,14.61
28,65500,11000,6.03
33,44000,9600,13.16
33,45000,9600,8.49
30,65600,4000,12.68
27,59619,7750,14.84
33,48000,9600,16.29
28,51996,9600,9.07
31,46000,9600,14.46
29,66000,7000,9.91
29,60000,6000,15.27
35,66000,3000,6.03
29,53000,9600,12.73
35,66000,9100,12.42
29,58327,9600,11.48
33,59000,9600,9.91
27,60000,9600,10.65
28,60000,9600,13.57
31,66000,4200,7.49
34,60000,3000,11.99
29,66000,3000,5.42
27,66000,8400,16.49
29,60000,9600,11.66
27,54000,9600,12.17
33,66000,5600,10.99
30,65000,9600,12.42
27,62000,9600,10.25
28,60000,6500,5.79
29,60000,25000,20.16
35,70000,9600,5.42
30,71400,9600,12.61
27,60000,2000,15.7
27,78000,9600,17.14
27,78000,9600,12.29
31,80000,9600,9.91
27,66000,9250,8.59
32,80000,9600,11.14
30,66000,15000,11.14
30,66000,6000,7.68
30,66000,11200,9.32
31,66000,22000,16.63
33,66000,20000,12.61
32,66100,5000,6.03
30,66120,2800,13.57
32,66300,6075,6.03
29,66352,7000,7.88
31,66360,7000,11.86
29,66500,12000,6.99
28,120000,9600,8.0
31,66500,4200,7.66
31,113000,9600,14.91
30,66500,8000,7.88
27,66500,16000,10.99
27,56400,9700,8.88
29,71000,9700,8.94
35,66560,4200,5.79
30,66560,2500,6.39
28,60675,14000,15.62
27,27000,9750,9.63
27,29000,9750,7.51
27,66800,9600,7.51
31,33000,9750,14.54
28,66887,25000,10.36
30,66888,15000,12.23
33,30784,9950,12.99
34,86000,9950,7.88
29,66996,9000,8.94
34,67000,7000,7.51
31,67000,3000,10.65
33,21600,10000,12.53
27,61000,6800,15.99
32,22000,10000,18.39
30,67000,10000,6.99
33,24000,10000,8.9
34,67000,6400,13.23
35,67000,7000,7.14
35,67000,3300,7.88
28,67000,14400,9.88
29,61000,15000,9.88
28,24000,10000,12.87
29,67000,3600,7.51
27,24000,10000,7.68
29,67000,10000,7.14
32,67000,10000,10.25
33,67000,25000,10.99
27,67000,24250,14.96
27,24500,10000,10.25
32,67000,20000,11.83
32,25000,10000,8.49
34,25000,10000,7.29
34,67014,16000,13.22
31,67200,10000,6.03
29,25368,10000,11.34
27,67200,10750,6.91
34,26000,10000,12.42
32,52020,15000,11.03
29,67222,10000,11.14
28,67386,1500,6.91
29,67422,12800,11.49
27,26400,10000,10.25
27,67500,1000,7.4
27,27000,10000,15.62
34,27600,10000,10.37
35,67641,10000,8.0
30,67642,17000,11.58
34,67656,11000,7.88
29,28000,10000,12.84
29,67992,2000,7.43
28,30000,10000,17.58
28,30000,10000,8.9
31,68000,8000,7.9
27,68000,3000,14.65
27,30000,10000,17.58
35,68000,32000,19.03
27,68000,20000,7.9
29,68000,20000,8.9
33,68000,18000,7.9
31,68000,12000,12.69
34,68000,10000,16.29
28,68000,2500,11.71
28,30000,10000,14.54
27,30000,10000,12.68
27,68000,30000,15.99
30,68000,6000,10.59
28,30000,10000,10.38
29,68000,4000,5.99
29,30000,10000,16.82
28,68000,3000,5.42
29,68000,5000,12.99
33,68000,3500,11.99
31,30000,10000,13.48
27,68000,2000,13.8
31,68000,18000,10.0
27,30000,10000,15.31
35,62000,13000,9.25
31,30000,10000,8.94
30,68000,6000,13.72
28,30000,10000,9.32
31,68000,13600,7.88
31,30000,10000,8.63
33,30000,10000,11.03
28,68000,3250,13.23
32,68000,6100,10.25
34,30636,10000,10.37
29,68000,3000,12.73
35,62000,10000,15.33
29,68000,15000,12.73
27,68000,10800,7.88
33,68000,5000,12.18
29,68000,10000,7.74
33,68000,2100,12.53
27,31200,10000,13.99
29,68000,16000,11.89
34,68000,15000,11.78
28,68000,12000,12.09
27,31200,10000,8.0
29,31500,10000,7.29
27,32000,10000,12.42
27,68004,6000,11.86
29,68004,10000,10.99
31,68004,6000,10.95
29,68004,3500,12.21
34,68340,25000,10.99
31,68400,15000,11.71
27,68400,5000,12.99
27,32890,10000,10.95
29,32997,10000,5.79
32,33078,10000,7.51
27,33200,10000,11.71
32,62500,3800,13.11
27,33600,10000,14.72
28,68553,15000,13.85
28,33900,10000,15.58
27,68700,10000,6.92
30,34000,10000,14.54
33,34000,10000,14.22
28,68804,22000,6.99
28,34000,10000,14.74
27,29000,10000,12.69
28,35000,10000,16.77
28,35000,10000,16.29
27,35000,10000,8.49
28,69000,4000,9.91
33,29000,10000,13.06
30,35000,10000,5.79
33,69000,4000,5.99
27,35000,10000,9.88
30,69000,10000,9.99
33,35000,10000,13.48
27,35000,10000,13.48
33,69000,7200,10.74
28,35000,10000,14.61
28,63000,9000,13.72
33,69000,20000,6.54
29,69000,6000,11.12
30,35000,10000,12.21
29,69000,14000,7.51
28,69000,6000,11.86
31,29000,10000,13.75
34,29004,10000,11.83
27,29238,10000,12.99
29,69000,15000,10.62
31,29400,10000,13.87
28,69000,10000,9.88
34,63000,20500,20.9
34,35665,10000,10.08
28,69000,10000,8.94
28,63000,11200,14.42
31,36000,10000,10.65
29,69000,18000,12.61
28,36000,10000,11.11
27,30000,10000,10.74
27,69500,14750,7.49
27,36000,10000,17.19
27,69592,6500,10.74
35,63600,4800,12.42
33,69600,16000,11.99
28,36000,10000,8.59
27,69638,16725,10.74
27,69830,15000,16.45
32,69900,18000,11.49
31,30000,10000,14.42
28,69900,12000,7.49
33,69930,6300,7.14
27,69936,8000,7.66
33,69996,3200,9.99
30,36996,10000,8.9
30,37000,10000,7.88
29,37000,10000,12.53
29,69996,3400,6.39
27,69996,6000,10.75
32,37965,10000,9.63
30,69996,6000,14.26
28,69996,7200,11.83
28,38000,10000,8.49
30,69996,11250,12.21
27,38000,10000,9.76
35,38004,10000,9.99
28,38004,10000,13.61
31,70000,18000,8.9
27,38400,10000,15.23
34,38400,10000,7.49
27,70000,16000,7.9
31,70000,3000,8.9
32,38400,10000,10.39
30,70000,10200,12.42
30,70000,7000,8.9
28,70000,14000,16.29
28,70000,15000,14.65
35,39000,10000,10.25
28,70000,8000,6.62
34,70000,22000,19.91
34,39312,10000,15.7
32,70000,1800,14.65
27,70000,5200,7.51
30,70000,31825,12.69
27,39996,10000,15.37
29,70000,6000,14.27
35,70000,12000,11.71
27,70000,12000,9.91
27,70000,5500,13.49
31,70000,4500,7.9
28,70000,5000,11.71
28,40000,10000,12.42
30,70000,8000,9.91
30,40000,10000,10.65
28,70000,5600,6.62
27,34000,10000,16.77
34,70000,4600,14.79
29,70000,25000,15.62
27,34000,10000,13.49
33,70000,3700,5.99
27,70000,5600,5.42
33,70000,24000,7.49
29,70000,4200,10.99
35,70000,20000,11.49
30,70000,10000,16.89
27,70000,3000,5.42
32,70000,3000,7.49
33,34000,10000,15.33
34,70000,10000,10.99
27,40000,10000,11.36
29,70000,10000,6.99
29,34000,10000,12.53
32,70000,6000,5.42
27,34000,10000,15.37
28,70000,8000,8.49
28,54400,18000,12.99
31,70000,6000,7.49
27,70000,15000,7.49
29,70000,8500,11.14
31,40000,10000,11.41
27,40992,10000,14.27
32,70000,14000,7.49
28,70000,5000,6.99
34,41300,10000,13.48
27,41500,10000,11.09
29,70000,7000,7.66
29,70000,3000,9.63
30,42000,10000,16.11
32,70000,4000,5.79
27,70000,25000,7.66
31,54400,27050,14.54
28,42000,10000,9.32
28,42500,10000,7.88
27,43000,10000,12.42
34,70000,14000,16.4
28,70000,25000,15.57
31,70000,12000,6.91
31,70000,8400,6.91
27,70000,2250,10.36
27,70000,1300,5.79
27,70000,1000,6.54
27,43080,10000,13.98
34,70000,20000,6.54
27,43200,10000,7.49
27,70000,8000,14.46
31,43288,10000,10.74
31,70000,4000,6.54
33,43337,10000,6.92
29,70000,13000,6.91
30,70000,10200,6.91
27,44000,10000,16.77
30,54400,23500,6.91
33,70000,14000,12.61
35,44000,10000,6.54
35,38469,10000,12.23
29,45000,10000,12.42
32,70000,9000,7.14
30,70000,12250,7.51
30,45000,10000,7.51
31,45000,10000,10.65
28,64000,6000,16.45
28,70000,4000,6.39
28,45000,10000,9.91
32,70000,14400,7.88
30,70000,10000,10.75
29,70000,4000,11.86
28,70000,8000,11.49
31,70000,8000,7.88
33,54400,5000,11.86
35,45000,10000,10.36
29,70000,20000,9.88
28,70000,3000,6.39
30,70000,15000,12.73
28,39000,10000,14.96
31,64000,25000,10.62
27,45000,10000,7.51
35,39000,10000,13.16
28,54400,5000,16.07
29,39000,10000,14.11
31,70000,4625,10.62
31,70000,14000,7.88
32,70000,10000,9.88
35,70000,17000,9.88
30,45000,10000,13.36
27,54400,11000,15.33
29,70000,6500,7.88
29,70000,10000,13.85
27,45000,10000,9.2
34,52800,4325,10.75
33,70000,3000,13.57
31,64000,5100,13.22
28,35000,4250,16.96
34,70000,4000,7.74
28,10800,4200,11.83
31,14400,4200,14.17
27,70000,8000,16.0
33,70000,5600,13.57
28,70000,20000,12.18
30,39600,10000,20.89
31,70000,2000,7.4
29,70000,5000,11.14
28,70000,15000,16.0
32,46000,10000,10.59
35,46000,10000,17.14
31,46000,10000,7.51
29,40000,10000,13.16
27,46000,10000,9.32
27,70000,15000,12.84
28,30000,4200,15.23
34,30000,4200,5.79
33,70000,20000,12.84
27,30000,4200,12.53
35,30996,4200,14.79
28,64000,15000,9.63
31,31500,4200,9.99
27,32000,4200,8.0
28,33600,4200,10.0
30,36000,4200,14.27
34,64000,24000,10.71
28,70000,5000,7.43
29,70008,5000,5.99
30,40000,4200,12.68
28,40000,4200,7.51
32,70197,4100,7.51
27,70200,6000,7.29
28,70254,3500,6.62
28,70356,6000,11.11
32,70400,13000,7.88
27,43200,4200,10.74
32,64500,19400,13.11
28,64500,4000,13.79
27,48000,4200,10.74
34,70596,10000,11.26
30,48500,4200,11.48
32,52000,4200,7.51
32,52000,4200,13.23
28,70834,20000,12.21
35,53000,4200,11.71
28,70900,25000,15.37
28,70920,7600,6.03
32,53500,4200,13.98
29,54996,4200,15.95
28,71000,12000,8.49
30,50650,4200,9.91
33,71000,5300,11.49
32,71000,14000,6.99
31,60000,4200,8.49
29,60000,4200,8.63
33,71000,10000,5.79
33,71000,8000,12.68
29,71000,11000,13.43
27,55512,4200,14.26
35,61600,4200,7.29
32,65000,4200,14.79
29,71000,14000,7.14
33,71000,6000,14.72
29,71000,4000,7.14
27,53550,4200,11.99
34,70000,4200,14.61
30,85000,4200,5.99
28,71000,9800,12.21
27,93000,4200,5.42
29,25000,4125,11.71
28,71007,25000,18.62
34,59000,4100,14.91
31,19200,4075,8.32
27,71352,9000,6.54
29,71500,6000,9.63
28,71500,15000,11.49
35,71500,19200,10.99
27,71700,9000,13.8
27,71738,11500,9.63
31,47000,10000,11.99
28,47200,10000,9.99
31,47500,10000,15.96
27,72000,22000,17.58
31,66000,2400,9.91
34,72000,13150,6.03
29,47800,10000,7.49
34,72000,10000,13.49
31,42000,10000,11.71
27,72000,10000,7.9
28,72000,4500,6.62
27,72000,21100,8.9
30,66000,12000,11.71
29,48000,10000,13.8
29,72000,14000,10.65
27,72000,17000,6.03
29,42000,10000,15.21
31,72000,1900,7.51
28,72000,28000,15.96
29,48000,10000,7.51
27,72000,6500,6.03
27,72000,10000,6.62
27,72000,14000,12.42
31,72000,9800,6.62
35,72000,12800,6.62
29,48000,10000,10.62
27,48000,10000,10.62
28,48000,10000,13.48
27,72000,15000,5.42
34,48000,10000,15.7
30,48000,10000,12.87
30,48000,10000,12.18
30,72000,4800,13.49
29,72000,10800,6.99
30,72000,14000,6.99
27,72000,9500,13.99
27,72000,12000,9.99
30,72000,3000,9.99
33,72000,4250,5.42
28,48000,10000,10.08
29,72000,12000,11.49
29,72000,16800,15.62
28,56100,10000,8.49
27,72000,10000,10.99
27,72000,7000,11.49
31,72000,7000,5.42
30,66000,11200,13.49
30,72000,9000,15.23
27,49800,10000,10.74
35,72000,15000,10.59
30,72000,6000,11.99
32,72000,24000,6.92
30,72000,10000,10.0
29,72000,22100,7.29
35,50000,10000,9.91
31,72000,5000,6.92
32,66000,2000,15.28
27,72000,6000,5.42
30,72000,9600,14.17
29,72000,7400,5.42
28,72000,12000,6.92
27,44000,10000,15.27
28,72000,25000,11.11
31,50000,10000,12.69
27,72000,11500,6.91
27,72000,2600,9.25
29,72000,10000,6.17
28,50000,10000,10.74
30,50000,10000,10.36
32,50000,10000,9.25
28,72000,16000,15.95
28,50000,10000,7.88
28,44000,10000,13.48
30,50000,10000,13.22
30,72000,20000,10.38
29,72000,24000,7.88
34,72000,4000,7.14
30,72000,12000,7.88
29,50000,10000,11.26
31,44000,10000,10.71
30,72000,9000,14.22
29,44004,10000,15.33
35,72000,10750,7.51
28,72000,4000,10.99
29,72000,24000,10.99
33,50800,10000,16.4
32,50911,10000,13.06
28,51000,10000,6.92
28,72000,16000,14.26
27,51000,10000,7.88
27,72000,10000,8.94
28,72000,15000,8.94
29,66000,8200,17.04
31,72000,12300,14.96
28,72000,6000,15.37
32,51996,10000,5.79
33,51996,10000,7.14
30,72000,12000,10.95
28,72000,10000,10.95
27,72000,12500,11.89
28,52000,10000,12.69
27,72000,15250,13.16
28,72000,18000,11.89
28,52000,10000,6.92
29,52000,10000,13.23
29,72000,1000,7.68
28,72000,7500,6.0
31,52000,10000,11.83
29,52000,10000,8.0
27,72000,8000,11.09
33,53000,10000,15.96
29,72072,12000,8.49
27,53000,10000,10.25
33,53000,10000,8.94
28,53000,10000,11.89
28,53376,10000,5.42
29,72396,9000,10.59
33,54000,10000,8.9
29,72500,30000,7.49
31,72500,8875,11.99
32,72500,4000,5.42
27,56525,12000,15.95
35,72500,4000,10.25
30,54000,10000,6.17
29,72500,7000,13.79
33,54000,10000,10.99
29,54996,10000,9.99
28,48996,10000,10.37
31,54996,10000,7.74
33,72890,16400,13.79
27,72900,10000,15.7
34,72960,11000,12.21
27,72996,9200,6.03
30,48996,10000,15.45
28,73000,15600,6.03
27,55000,10000,14.27
27,73000,13000,6.03
31,55000,10000,12.42
32,73000,9600,7.9
31,55000,10000,10.59
32,55000,10000,8.49
32,73000,6000,15.62
32,73000,8500,7.29
27,73000,10000,5.79
27,55000,10000,10.25
29,73000,12000,7.29
29,55000,10000,12.53
32,55000,10000,14.42
28,55000,10000,9.32
27,73000,17000,7.88
28,73000,12000,13.11
34,55000,10000,9.51
28,73000,15000,11.83
27,55812,10000,6.54
35,56000,10000,12.42
31,73000,6800,7.74
33,56000,10000,11.36
33,56000,10000,7.74
27,56253,10000,11.36
28,73008,14000,12.73
28,73073,4200,5.79
29,57000,10000,18.64
27,73200,18000,10.99
27,73200,15000,13.22
32,73200,7200,10.2
34,67392,15000,13.85
27,73400,2100,6.76
34,57000,10000,11.14
28,73500,10000,9.88
30,73524,10000,14.74
32,73527,12000,12.42
34,58000,10000,10.65
27,73580,19950,14.96
34,73600,15000,12.42
29,58000,10000,6.99
32,58000,10000,10.96
28,58100,10000,10.25
27,57800,16000,16.29
35,74000,5000,7.9
34,74000,17000,14.27
27,59004,10000,16.32
27,74000,12100,16.89
32,74000,1200,7.49
28,74000,7800,10.99
29,54000,10000,13.49
32,74000,15000,11.11
30,74000,10500,10.74
28,60000,10000,8.9
33,74000,20500,6.54
29,74000,25000,11.49
29,74000,9000,7.51
32,68000,1000,14.72
28,74000,18000,10.75
29,54000,10000,11.71
32,74000,5000,10.62
30,74000,14000,13.92
32,60000,10000,12.42
32,74000,1800,8.94
30,60000,10000,7.49
28,54000,10000,16.49
35,74000,8200,8.0
28,74000,5450,12.67
34,74004,7200,6.62
35,60000,10000,11.11
29,74004,10000,11.86
29,74004,13000,11.26
28,54000,10000,16.02
33,60000,10000,5.79
34,60000,10000,9.62
28,60000,10000,6.54
34,74256,11000,9.25
32,74346,7000,7.9
29,74360,8725,5.99
29,60000,10000,7.88
27,54000,10000,15.95
31,74400,13000,7.88
27,68400,8000,14.26
32,60000,10000,7.51
29,54000,10000,14.96
28,74600,9500,10.78
31,74628,15000,12.99
34,74700,14000,9.91
29,60000,10000,8.59
28,74778,6000,13.98
34,60000,10000,13.57
27,74800,21000,10.59
27,60000,10000,13.22
28,68900,18000,17.39
28,75000,12000,12.69
29,60000,10000,11.97
27,60132,10000,10.62
29,75000,18000,12.42
33,60626,10000,10.74
30,75000,10000,14.27
29,61000,10000,16.07
28,75000,15000,8.9
27,43200,4000,13.48
34,44000,4000,10.36
32,75000,12000,10.65
27,75000,7500,8.9
29,75000,6000,12.69
28,75000,16800,6.03
35,75000,4000,14.27
27,75000,3500,6.03
29,39000,4000,15.99
28,75000,15000,14.65
32,75000,5600,15.96
31,45000,4000,13.43
30,75000,18750,7.9
31,75000,16500,16.77
30,45200,4000,10.59
29,45204,4000,11.48
35,75000,20000,13.49
32,75000,14000,6.03
27,45468,4000,13.99
33,75000,6000,7.51
32,75000,12000,11.71
31,62004,10000,12.84
34,75000,3000,7.9
31,69000,4050,7.51
35,69000,25500,17.27
29,63000,10000,7.49
29,63000,10000,15.33
33,75000,25000,10.65
27,64000,10000,15.27
32,64000,10000,12.69
29,75000,8000,12.99
29,75000,4200,5.42
30,64000,10000,11.99
28,64000,10000,11.66
28,64125,10000,10.65
29,75000,8000,5.42
31,75000,3000,8.49
29,64500,10000,8.94
32,75000,5000,11.49
28,64600,10000,13.48
33,75000,10000,10.99
32,75000,16000,13.49
31,64900,10000,7.66
35,59000,10000,13.49
30,65000,10000,14.27
33,65000,10000,11.99
27,75000,16000,16.89
29,75000,8000,11.99
31,75000,2500,12.99
30,65000,10000,12.73
27,58650,4000,5.42
28,65000,10000,14.96
28,65004,10000,7.88
27,66000,10000,7.9
35,75000,10000,7.29
29,66000,10000,7.9
28,66000,10000,7.9
32,66000,10000,11.71
33,66500,10000,10.95
35,75000,9000,5.79
31,75000,12000,7.29
29,75000,16950,10.37
35,67500,10000,10.65
28,58650,20000,14.91
29,68000,10000,14.27
32,62000,10000,17.27
29,68000,10000,10.65
34,75000,20000,13.06
34,75000,8000,5.42
30,68000,10000,10.75
34,75000,10000,11.11
29,68500,10000,12.53
30,68580,10000,7.88
29,75000,10000,5.42
34,69204,10000,12.18
30,75000,15000,12.98
33,75000,12000,5.42
27,70000,10000,10.65
28,69000,15000,6.54
33,75000,17000,6.54
35,70000,10000,13.98
27,75000,10000,5.79
32,75000,5000,12.61
35,70000,10000,16.45
28,70000,10000,13.48
28,75000,16000,6.17
27,70000,10000,10.99
35,70360,10000,6.62
30,75000,10000,7.88
30,75000,8000,7.14
32,75000,10000,10.38
29,75000,4000,10.75
27,71020,10000,12.53
33,75000,10000,7.88
30,75000,15000,7.88
29,58650,3000,17.19
29,71500,10000,13.57
29,75000,12000,7.51
31,75000,12000,10.38
30,75000,21000,14.35
30,66000,10000,14.83
30,72000,10000,9.99
34,72000,10000,7.51
27,75000,4000,11.49
34,75000,6000,7.51
28,66000,10000,15.7
27,75000,25000,13.85
29,75000,4200,10.99
28,69000,25000,19.41
34,73000,10000,11.11
32,73000,10000,8.59
32,75000,20000,16.45
28,75000,9600,10.62
28,74000,10000,11.71
33,74520,10000,16.89
27,75000,20150,11.36
28,75000,10000,7.9
35,75000,25000,10.99
27,75000,8500,17.19
29,75000,14400,13.92
32,75000,22000,13.92
32,75000,10000,7.29
32,75000,2000,15.65
30,75000,10000,7.29
27,75000,10000,9.63
34,75000,10000,10.0
34,58650,12000,20.17
32,75000,15000,13.57
31,75000,15600,11.83
30,75000,15000,11.48
28,75000,20000,12.18
28,75000,6000,11.48
27,75000,18000,13.57
31,75000,10000,13.47
29,75000,10000,11.48
28,77250,10000,9.2
31,60775,10000,16.49
31,75000,8000,18.21
29,75000,12000,9.63
32,75000,10000,11.89
31,78504,10000,11.41
35,79000,10000,7.51
33,75000,4000,14.11
28,75000,10000,12.21
28,79200,10000,7.66
29,80000,10000,17.27
34,80000,10000,9.91
28,75000,7200,15.05
31,75000,20000,14.74
27,75000,6000,13.47
27,75000,4200,9.32
27,75000,8000,10.95
33,75000,15000,12.21
34,75000,6500,9.38
31,80000,10000,7.66
27,75000,3900,10.51
27,58650,7500,15.07
28,75000,15250,11.34
33,75000,6000,7.68
29,75000,3000,9.45
30,69000,14000,10.14
31,80000,10000,8.59
27,75000,21000,15.2
27,75000,7500,8.38
29,69000,25000,12.8
27,80004,10000,15.2
35,75000,5000,8.7
35,80004,10000,7.51
30,81004,10000,6.91
27,75288,18050,10.0
32,75333,15000,11.58
27,75400,6000,7.74
27,75500,9000,7.9
28,75500,3500,14.91
35,75573,22000,9.88
29,83000,10000,11.99
27,75600,25000,13.61
28,83004,10000,11.86
28,65984,10000,15.33
27,75670,10000,8.94
30,75689,10000,13.48
33,75693,22000,10.25
27,77976,10000,13.85
29,59354,9600,13.67
27,75852,4000,9.32
33,78000,10000,13.06
30,59497,17000,16.89
29,75996,8000,10.74
32,84456,10000,9.88
33,84996,10000,8.0
27,84996,10000,10.51
29,76000,28000,16.77
30,85000,10000,6.62
27,76000,6400,10.65
28,70000,9000,5.42
34,85000,10000,12.87
30,85000,10000,13.16
35,76000,10000,5.42
30,76000,6250,7.88
27,85248,10000,9.99
27,76000,10000,10.99
29,88000,10000,7.51
27,88000,10000,7.51
31,89000,10000,10.99
27,89904,10000,10.0
34,70000,17000,11.14
31,78000,10000,14.27
27,90000,10000,14.27
30,76080,12000,11.14
29,76176,4800,6.99
30,76200,3200,8.49
29,76200,20000,6.91
33,76248,10400,7.66
27,90000,10000,7.49
30,90000,10000,15.62
30,76404,12000,6.54
27,90000,10000,7.66
28,76500,10000,12.42
29,76500,13475,8.94
32,90000,10000,11.12
29,76596,17600,13.16
30,90000,10000,14.18
27,76788,17000,12.42
27,60174,3025,10.99
27,76800,5000,11.49
27,70800,20000,21.21
28,76992,1800,12.18
31,77000,10000,14.65
32,77000,10000,16.77
30,80004,10000,12.21
31,77000,6000,12.69
27,77000,4900,6.03
28,77000,2600,11.71
29,93000,10000,11.14
33,77000,12000,7.29
27,77000,18500,11.11
34,95000,10000,9.99
30,77000,8000,7.14
35,60350,25000,16.82
29,95000,10000,10.38
29,77000,5000,7.14
30,77000,1500,6.39
30,77000,25000,12.18
27,71000,5000,17.39
28,77000,15000,12.21
27,146000,10175,12.99
35,77040,5900,5.99
29,44000,10200,10.2
27,77065,23700,6.17
27,48000,10200,10.38
28,54400,10200,16.89
29,77248,21600,13.85
28,90000,10200,8.9
35,77268,7500,11.03
30,77270,3000,7.74
29,77367,1000,7.37
31,21000,11000,8.59
29,71400,10000,14.27
28,77500,8000,8.49
30,77500,9000,7.88
27,30000,11000,9.91
28,77544,15000,16.63
28,71652,25000,20.03
33,32400,11000,6.99
31,77940,16250,10.99
29,78000,18000,6.62
33,78000,3200,13.49
29,35000,11000,8.59
33,78000,20000,15.96
28,78000,19700,7.9
28,78000,10000,9.91
27,120000,11050,12.69
31,72000,9000,15.96
30,78000,26000,15.96
28,78000,12000,10.99
27,61200,13000,8.49
28,78000,5000,12.99
32,78000,8000,6.99
29,72000,12000,15.62
35,78000,9450,10.99
32,50000,11100,10.59
31,75000,11100,6.03
27,78000,15275,16.89
33,34000,11175,14.96
30,30809,11200,11.99
34,33500,11200,12.21
28,78000,12000,5.79
31,34800,11200,13.23
29,34900,11200,9.99
33,35000,11200,10.36
31,35000,11200,11.12
27,78000,5000,5.42
30,78000,20000,11.11
31,78000,5000,5.79
31,78000,8000,10.0
35,78000,10000,6.54
27,78000,7000,9.62
28,78000,5250,5.79
30,78000,10800,10.36
33,45600,11200,5.79
31,46000,11200,14.27
28,46739,11200,13.48
27,72000,5000,11.86
27,78000,12000,15.58
28,48000,11200,14.26
32,78000,5400,7.88
30,46800,11200,13.98
33,55259,11200,17.49
35,40000,11325,15.96
29,78000,10000,12.73
29,60000,11200,14.22
27,78000,6000,12.18
27,78000,5125,8.59
33,78000,20000,12.18
27,78000,15000,8.94
28,63000,11200,12.99
35,72000,20000,16.7
32,63800,11200,14.74
34,60500,11200,15.62
29,61200,15000,17.58
33,70000,11200,8.94
30,72000,7500,9.76
30,69000,11200,12.42
30,75000,11200,13.16
32,78096,10000,10.99
34,74000,11200,11.66
35,78252,30000,17.58
35,83000,11200,10.65
28,85000,11200,9.91
29,78300,10000,18.09
34,78301,17000,6.62
32,78400,1200,10.0
31,78408,15000,12.18
30,78411,15850,11.14
28,78465,14000,11.36
27,101000,11200,10.99
31,79050,11200,13.99
35,78750,10750,12.23
35,78862,25000,12.49
29,42000,11300,9.99
35,56472,11300,14.42
28,78996,12000,13.16
33,43200,11350,7.88
31,35000,11400,6.91
31,79000,20000,13.49
30,79000,20000,13.72
27,52500,11425,7.51
27,79000,9000,6.76
30,79000,7500,7.14
27,79000,2875,14.59
32,30000,11450,9.99
27,73000,10500,11.83
28,79000,2000,16.0
34,79000,4800,9.32
30,79000,6000,9.63
31,79000,5000,8.0
29,40000,11450,8.49
30,65000,11475,13.72
28,22188,11500,8.49
31,79100,19150,6.99
33,79112,4000,10.36
28,25200,11500,14.46
27,79200,15000,17.14
27,30000,11500,10.36
30,79416,6000,13.49
27,30000,11500,10.36
33,79440,5525,13.85
30,32000,11500,15.23
29,32000,11500,14.22
35,79500,9600,14.61
28,79536,16425,7.9
27,34928,11500,16.0
30,36000,11500,15.27
32,40000,7000,12.68
28,30000,11500,14.46
35,79750,35000,11.99
27,38500,11500,12.42
31,79800,5000,6.91
29,79800,6000,7.14
32,79872,12000,12.68
29,79894,20000,14.96
33,79985,8000,21.36
28,40000,5000,10.0
35,48000,11500,11.11
35,50000,11500,12.42
35,40000,5000,6.92
28,80000,9000,12.69
29,74000,11500,11.71
32,74500,11500,7.05
33,92259,11500,10.0
35,110000,11500,11.49
32,65000,11600,13.49
34,74000,10000,15.96
27,80000,8500,6.03
32,25000,11700,12.68
31,35000,11700,13.06
27,44004,11750,15.31
29,80000,10000,7.9
28,80000,12000,6.03
27,98000,11750,13.47
28,80000,8400,7.9
30,80000,3000,6.62
27,80000,7500,11.71
27,80000,6000,6.03
33,30000,11975,9.99
27,42000,11975,12.53
31,80000,20000,8.9
33,58344,11975,16.29
27,80000,7400,12.69
32,80000,12000,5.99
30,22452,12000,7.29
29,80000,25000,7.49
34,80000,11000,10.99
27,80000,12000,6.99
28,25000,12000,9.83
34,25200,12000,13.48
29,80000,22000,10.59
34,80000,3600,5.99
32,80000,15350,8.49
27,26237,12000,13.22
32,26400,12000,6.17
29,27000,12000,13.24
27,28000,12000,7.51
30,28000,12000,14.22
28,28080,12000,7.88
31,80000,25000,9.99
27,80000,23750,10.99
28,30000,12000,6.62
34,30000,12000,8.9
29,30000,12000,10.36
30,80000,16800,10.99
30,30000,12000,15.21
27,30000,12000,11.36
28,80000,16000,5.99
30,80000,4975,10.59
31,30000,12000,10.39
34,80000,12000,7.49
34,30412,12000,10.38
30,31200,12000,16.45
35,80000,15000,15.99
30,80000,6000,14.17
31,74000,1500,12.68
31,80000,16000,13.8
31,80000,12750,7.29
27,80000,8000,9.63
28,32000,12000,7.88
28,32400,12000,14.26
29,32800,12000,16.45
32,33000,12000,6.54
28,80000,15000,14.17
28,80000,6500,11.11
27,80000,3000,11.11
27,33000,12000,10.75
28,33280,12000,7.66
27,80000,10000,12.68
33,80000,6000,11.11
27,80000,16000,6.91
33,80000,24000,14.46
31,80000,12400,9.99
30,80000,10750,6.17
28,80000,3000,6.54
31,34000,12000,13.16
27,80000,15000,6.54
31,80000,12000,5.79
27,40000,6400,9.32
29,34999,12000,11.58
29,80000,5000,15.21
27,35000,12000,9.91
29,80000,4500,6.76
27,35000,12000,7.29
28,80000,9600,7.51
29,74000,3000,16.32
35,36000,12000,16.29
29,36000,12000,7.49
29,36000,12000,7.49
27,80000,14500,10.75
28,36000,12000,5.42
27,80000,24000,11.12
33,36000,12000,7.29
32,80000,13000,7.88
29,36000,12000,12.21
30,36400,12000,10.65
28,80000,21000,11.36
32,37076,12000,12.42
27,80000,20000,11.36
33,80000,6000,7.88
29,37920,12000,13.48
34,80000,19000,10.62
27,38000,12000,6.62
32,80000,10000,11.14
32,38000,12000,12.42
27,80000,5000,11.14
31,80000,6000,7.4
33,80000,12000,11.14
29,80000,24000,12.87
29,80000,5000,7.74
28,80000,3100,7.05
27,39996,8000,12.53
34,62900,18000,8.94
28,38500,12000,10.75
28,80000,12000,12.18
28,38643,12000,11.58
31,80000,7500,12.18
30,80000,8000,13.92
29,80000,16000,12.84
27,80000,9000,12.21
28,39000,12000,12.53
31,80000,15000,10.95
28,80000,13000,13.47
30,80000,8000,15.05
27,62900,8000,11.46
28,74000,7000,15.38
28,80000,16000,11.66
33,80000,9000,11.97
27,80000,5000,8.0
28,80000,20000,13.24
27,40000,12000,12.69
31,40000,12000,11.99
35,80004,3200,11.11
28,40000,12000,11.11
31,80004,3500,12.61
27,40000,12000,10.37
28,80004,12000,6.91
31,80004,5500,10.75
28,80004,22750,11.49
28,34000,12000,14.61
30,34000,12000,12.87
35,80004,14400,10.95
32,40000,12000,11.89
30,40000,12000,9.2
30,34046,12000,14.96
32,34310,12000,14.96
30,80256,24000,7.49
34,80300,15000,12.73
35,80308,12000,7.88
29,41004,12000,10.0
29,80400,8000,7.14
32,42000,12000,7.51
27,42000,12000,10.65
29,80496,10000,13.72
28,80500,6000,7.74
28,80569,4000,9.63
28,42000,12000,11.11
34,80600,15000,12.21
27,36000,12000,14.09
31,36000,12000,10.36
28,80748,5000,7.51
30,42000,12000,9.88
31,42000,12000,10.99
33,42000,12000,13.57
28,81000,2500,5.99
30,42600,12000,11.71
30,42886,12000,10.59
29,81000,14000,7.66
27,81000,9000,13.43
32,81000,10000,10.37
33,81000,12000,6.17
28,81000,6000,6.17
34,39000,12000,11.99
29,37000,12000,9.63
27,43200,12000,8.94
31,81000,7200,9.63
29,81000,7750,9.32
27,81000,5500,8.0
29,75000,12000,13.16
28,81000,5000,12.53
33,75000,7500,10.08
27,39000,9600,5.79
28,81120,5200,11.49
30,81120,18000,10.75
32,81204,3600,7.88
34,45000,12000,6.03
29,45000,12000,12.99
28,45000,12000,5.42
31,81600,4000,13.57
33,81804,9000,8.0
29,75840,25000,21.27
29,81900,8000,7.66
32,45000,12000,7.88
33,45000,12000,7.88
28,81996,3000,12.42
29,39000,9000,12.72
35,45000,12000,11.26
35,82000,18800,7.51
29,76000,4400,16.29
28,82000,25000,16.29
27,82000,4000,7.9
33,82000,6000,7.51
29,82000,21000,14.65
27,82000,10000,7.51
29,82000,20000,10.99
31,82000,8000,11.99
29,46000,12000,10.74
32,82000,8000,16.89
28,40000,12000,15.57
33,82000,20000,10.99
27,82000,10000,6.92
27,82000,14000,10.0
28,82000,18000,7.66
31,82000,10000,7.29
32,82000,10000,10.36
35,82000,10000,16.69
28,82000,15000,12.98
31,82000,9000,5.42
29,47256,12000,7.29
29,47500,12000,8.94
30,82000,5000,6.76
31,47700,12000,11.99
32,64600,25000,11.36
27,48000,12000,11.71
27,42000,12000,16.0
34,76000,20000,17.74
29,76000,20000,16.08
32,48400,12000,6.62
35,82008,7200,6.62
28,60000,12000,9.91
31,82116,2800,12.68
30,60000,12000,11.71
30,54000,12000,6.62
33,82404,14400,16.0
29,60000,12000,9.91
28,82500,11000,7.49
27,60000,12000,13.49
31,60000,12000,7.49
30,82500,10000,15.65
27,82500,11100,8.94
30,60000,12000,10.99
31,82524,12000,6.62
30,60000,12000,13.84
31,60000,12000,7.49
34,60000,12000,6.92
29,82600,19450,9.91
30,65144,5000,16.35
31,82656,6000,12.09
28,60000,12000,6.17
31,60000,12000,13.98
27,83000,3500,6.03
30,60000,12000,10.99
29,60000,12000,14.22
29,83000,7500,8.9
28,54000,12000,15.31
28,60000,12000,12.18
33,83000,18000,8.49
27,60000,12000,13.92
27,83000,2500,13.99
31,83000,7500,7.66
28,83000,12000,10.74
30,83000,20000,11.11
34,60000,12000,12.22
32,83000,10000,8.0
30,61000,12000,6.92
27,61000,12000,12.21
29,83004,4500,11.49
31,24000,3000,7.49
33,24000,3000,6.62
28,83135,8000,13.99
28,83137,3600,14.72
29,24000,3000,11.14
28,24000,3000,9.32
33,83200,13000,6.99
34,83200,5000,14.79
28,25000,3000,5.42
27,25000,3000,15.62
32,25000,3000,13.48
28,83500,8000,7.14
35,25000,3000,15.33
34,25000,3000,7.4
28,25000,3000,13.22
32,83820,12800,9.99
27,83886,15000,6.03
28,84000,25000,7.9
30,25716,3000,13.72
27,26208,3000,13.98
27,84000,7000,12.69
31,84000,7000,7.9
27,26880,3000,5.79
34,84000,30000,7.9
33,84000,20000,5.99
27,27500,3000,10.99
34,84000,2400,7.49
29,84000,15000,6.99
32,27600,3000,11.12
28,27600,3000,13.57
28,28000,3000,6.91
31,84000,10000,5.99
28,84000,25000,15.62
28,84000,1000,9.99
27,78000,6775,10.59
27,28800,3000,7.88
29,84000,5900,7.66
27,84000,7000,7.29
30,84000,12000,11.11
34,28880,3000,11.78
28,84000,20500,10.0
29,84000,6000,5.42
30,29102,3000,7.9
32,84000,15000,6.91
35,30000,3000,10.65
32,30000,3000,12.42
35,84000,9000,6.76
28,62000,12000,10.65
30,62000,12000,11.71
31,84000,7600,7.51
31,84000,10400,14.96
33,66300,22000,14.59
34,84000,9250,11.36
28,84000,8400,7.51
34,62000,12000,10.99
27,84000,14000,15.7
29,62200,12000,19.03
27,62400,12000,12.42
29,84000,15000,12.18
29,84000,20000,11.83
33,84000,20000,14.61
28,62496,12000,6.91
35,62496,12000,14.11
32,63000,12000,6.62
28,63000,12000,10.37
29,78132,25000,15.33
35,63600,12000,11.49
29,84500,35000,8.9
27,64000,12000,13.49
28,84500,9600,15.27
31,38000,6600,13.47
27,38000,4000,7.68
27,84780,18000,7.51
30,38000,6000,11.58
31,64450,12000,12.73
27,84906,4500,7.51
30,84996,8000,12.69
31,84996,2500,8.49
32,84996,6000,12.99
32,84996,20000,8.88
29,59000,12000,16.49
30,65000,12000,11.49
34,65000,12000,7.49
31,78996,15600,12.53
32,84996,9000,9.32
29,84996,6000,7.68
30,85000,7800,6.03
33,73000,5000,16.29
27,67000,12000,13.23
31,68000,12000,7.66
27,85000,24000,11.71
35,85000,14000,10.65
29,63600,12000,12.42
27,69805,12000,10.25
30,85000,15000,6.03
28,70000,12000,14.27
27,70000,12000,10.65
27,85000,3800,6.03
28,85000,24000,19.03
27,85000,12000,6.62
29,85000,15000,10.65
27,73000,18000,12.69
33,70000,12000,15.65
27,70000,12000,10.99
32,37440,5000,15.37
28,85000,16800,16.49
30,71000,12000,8.9
29,85000,7500,11.49
29,71000,12000,13.16
28,72000,12000,13.49
28,72000,12000,14.27
27,72000,12000,6.62
34,85000,15000,15.99
28,85000,35000,9.99
34,85000,24000,11.49
28,85000,15000,8.49
35,85000,21000,7.49
28,85000,12500,7.49
33,72000,12000,11.99
32,72000,12000,10.62
28,85000,9075,7.49
29,62050,3600,17.99
34,66000,12000,14.3
35,85000,8400,11.99
32,85000,8000,18.79
30,85000,6000,5.42
28,72500,12000,7.49
27,85000,10000,7.49
34,73000,7500,15.99
28,73200,12000,8.9
27,73660,12000,14.18
27,74000,12000,12.18
27,40000,3000,7.4
28,85000,5000,6.92
30,85000,18000,13.06
28,41000,3000,11.11
31,35000,3000,14.74
35,85000,12000,10.0
28,85000,20000,9.62
29,42000,3000,12.69
31,85000,4500,6.54
32,42000,3000,7.49
29,85000,25000,9.25
27,36000,3000,15.62
29,85000,20000,10.38
27,85000,20000,7.88
33,85000,5000,13.61
27,85000,10000,13.23
27,37000,16750,15.33
28,42000,3000,10.25
27,42000,3000,8.94
27,42000,3000,11.83
27,85000,7500,10.99
33,85000,8000,7.14
27,85000,5500,11.36
31,73000,16000,19.41
32,73000,4750,13.11
29,85000,10000,7.88
28,42996,3000,7.68
32,85000,10000,7.74
28,85000,18000,12.53
28,75000,12000,6.03
28,36928,7800,15.58
31,73000,18000,17.39
27,75000,12000,11.49
27,85000,19000,13.92
34,75000,12000,7.29
28,85000,7000,8.59
28,69000,12000,14.46
27,85000,10400,13.16
33,75000,12000,7.88
27,75000,12000,10.99
30,85000,25000,12.84
35,69000,12000,11.26
28,75000,12000,9.63
31,85000,10400,9.32
35,85000,20000,12.21
31,85000,16000,11.89
29,85000,10000,16.63
34,85000,8500,14.42
30,76000,12000,10.99
28,78000,12000,10.62
29,73000,21000,13.36
28,36400,7000,11.11
30,80000,12000,8.9
32,85000,7500,10.78
28,85100,8000,7.51
27,80000,12000,17.58
31,85224,6000,10.0
32,80000,12000,6.62
31,80000,12000,5.79
30,85634,14000,7.66
27,73680,10000,17.93
34,85800,5000,7.4
27,62900,12000,15.95
32,74000,13650,12.42
29,86000,14000,14.27
30,36000,10000,12.69
32,86000,10800,12.42
32,86000,8400,6.62
31,80400,12000,7.29
28,86000,15600,5.99
33,86000,15000,16.49
27,86000,4500,10.37
27,81193,12000,10.71
35,86000,20000,6.54
28,86000,2650,13.23
28,86000,15000,10.62
31,83000,12000,12.42
27,74000,25000,11.46
28,84000,12000,11.71
31,86004,2000,10.74
28,86004,3000,9.99
32,86004,8000,5.79
27,86004,16000,14.42
29,86028,25000,16.82
34,86100,18000,6.99
28,86304,6000,5.79
32,86400,8000,6.03
27,84000,12000,13.16
30,84300,12000,8.88
29,86400,8000,12.99
27,85000,12000,9.91
28,86400,16000,14.09
28,86400,5000,5.79
27,74400,10000,16.0
31,85000,12000,15.27
31,86500,25000,13.57
27,74700,5000,11.49
30,86706,8500,6.62
32,86800,2800,7.88
27,86875,8000,10.59
27,75000,12000,9.91
28,75000,3000,7.9
30,73000,12000,14.26
29,87000,15000,10.99
27,86000,12000,7.51
32,86496,12000,11.71
33,87000,9000,17.93
28,36000,2350,12.99
30,36000,4000,13.49
33,87000,5000,14.96
29,88000,12000,12.53
31,36000,5000,6.99
28,88365,12000,16.29
31,87000,15000,13.11
27,87000,21125,13.92
32,87000,24800,12.53
29,87000,4800,8.94
32,36000,5000,10.0
27,87000,7200,9.63
29,89000,12000,7.29
32,89000,12000,8.94
28,90000,12000,14.65
30,75000,14000,13.79
33,90000,12000,6.03
33,87120,2850,7.51
29,87204,10000,9.32
34,87360,12000,11.11
29,90000,12000,10.74
31,87504,12650,8.9
28,87504,12000,15.21
28,87600,12000,12.99
34,87600,15000,8.49
29,87600,12000,11.49
35,90000,12000,10.99
32,90000,12000,10.62
33,87895,2800,7.14
28,87950,24000,10.75
27,87988,20000,12.84
31,88000,14000,17.58
31,76000,12000,15.96
27,88000,14000,12.42
35,88000,9800,12.69
30,90000,12000,12.29
29,90444,12000,7.14
34,91200,12000,6.92
27,88000,14400,11.71
30,64600,8000,15.99
27,93000,12000,8.9
35,93000,12000,9.99
31,94140,12000,14.91
29,88000,15000,13.85
27,88000,3500,13.57
28,76000,5000,8.94
31,95004,12000,10.75
27,95500,12000,11.11
31,76000,5000,12.41
31,88000,7000,9.2
30,96000,12000,13.23
29,88055,21600,12.42
31,99000,12000,14.26
28,99996,12000,13.61
32,88500,2700,14.27
31,88560,9000,7.29
35,100000,12000,7.88
30,88800,7000,6.62
31,89000,14000,10.65
30,89000,4000,6.03
27,89000,10000,10.65
30,100000,12000,7.88
30,89000,10800,11.99
28,65450,15000,16.89
30,76500,12000,17.27
27,89000,3000,6.76
32,77000,23000,11.49
34,89000,10000,10.99
34,77000,15000,11.14
27,77000,15000,17.74
27,89000,2800,14.96
33,110000,12000,10.65
31,89000,12250,15.05
27,89004,10000,7.51
30,110000,12000,12.18
29,89004,4800,14.11
30,111996,12000,7.49
32,36000,4900,13.22
32,77400,10000,18.43
29,89520,8000,13.23
28,89602,4800,5.42
32,120000,12000,7.51
29,89849,6000,13.98
35,120000,12000,10.99
34,120000,12000,11.49
29,90000,10000,10.65
33,123000,12000,11.83
32,113000,12000,16.29
33,96053,12000,15.68
27,90000,20000,12.42
28,90000,1800,7.51
32,117000,12000,17.93
31,90000,6000,11.71
30,117005,12000,18.79
29,90000,14000,7.9
31,130000,12000,16.49
31,90000,15000,7.9
27,130000,12000,15.23
31,100300,12000,14.91
35,130000,12000,10.75
27,90000,24400,8.9
28,140000,12000,9.91
30,90000,7000,11.71
28,140000,12000,7.88
27,90000,7500,7.51
33,90000,11400,6.62
27,78000,35000,17.27
34,150000,12000,10.59
30,150000,12000,7.29
31,150000,12000,10.74
28,150086,12000,6.54
29,90000,6000,6.03
32,90000,15600,7.9
28,170000,12000,5.79
34,187000,12000,7.9
27,223000,12000,14.96
32,703800,12000,15.33
32,90000,21400,15.23
27,170000,12075,12.42
27,54000,12100,9.45
29,90000,21000,11.99
28,90000,5000,14.79
33,36000,12200,9.99
27,90000,21000,15.62
30,90000,18000,8.49
27,27996,12250,11.26
28,28800,12250,10.59
29,90000,15000,6.99
35,90000,4800,9.99
30,31500,12250,13.85
27,35196,12250,13.23
30,90000,4500,5.99
34,90000,15000,6.99
34,90000,7500,15.23
28,42000,12250,14.59
34,90000,9900,5.99
27,52000,12250,11.36
27,90000,15000,7.49
28,78000,10000,15.99
28,90000,21000,10.74
29,90000,12000,5.79
27,90000,12000,7.29
29,90000,15000,11.11
29,70000,12300,8.49
33,36000,12325,6.54
34,90000,7000,5.79
31,90000,14400,7.66
30,75000,12325,12.73
34,108000,12350,14.96
27,90000,8000,7.66
31,90000,18000,11.11
28,90000,20000,15.28
30,90000,10000,5.79
32,65000,12400,13.49
31,90000,12000,6.92
27,35000,12500,15.65
33,90000,12000,12.98
33,90000,6000,5.42
27,36500,12500,10.25
35,90000,14500,6.54
32,90000,3000,9.25
31,90000,16500,12.61
30,90000,9000,15.58
28,90000,5325,7.88
31,90000,12000,11.49
28,90000,15000,7.88
28,90000,25000,11.86
27,90000,10000,7.14
34,90000,5000,13.61
31,36000,2800,16.0
28,39600,2800,16.77
27,90000,10000,7.14
28,90000,13600,16.32
31,46080,2800,17.56
32,90000,25000,11.36
28,47000,2800,6.99
30,90000,5000,6.76
34,90000,24250,10.62
27,48000,2800,7.49
27,90000,5500,10.25
33,49548,2800,12.84
28,78000,24000,10.25
27,66300,20000,17.56
28,90000,21000,11.36
31,90000,12000,13.48
29,35000,4200,12.99
34,50000,2800,11.86
27,90000,12000,12.73
27,35000,6000,11.99
27,58800,2800,12.69
34,35000,2000,13.99
27,67000,2800,13.04
28,90000,17600,16.35
33,90000,8000,12.53
30,90000,5000,12.87
33,90000,4200,8.94
28,90000,8400,12.87
28,90000,12000,13.92
27,90000,10000,8.94
28,78000,24000,11.83
29,16800,2750,14.84
27,90000,20500,14.96
30,37000,2750,9.99
30,57120,2750,10.37
31,78000,20000,14.26
27,90000,20000,16.7
29,27000,2725,9.63
33,44000,2725,12.18
29,52000,2725,11.66
29,90000,10000,12.21
30,15000,2700,12.69
32,90000,25000,11.58
30,90000,13000,11.89
31,90000,10000,12.53
35,90000,20000,12.53
28,66300,12000,14.11
28,78000,12000,16.95
33,18000,2700,12.61
28,90000,4000,8.0
29,78000,18000,9.38
30,90000,7500,10.71
30,90000,20000,14.82
30,90000,10000,8.63
28,90000,12000,8.32
33,90000,22000,11.03
31,35004,2700,13.49
29,40560,2700,10.0
28,90080,5500,7.49
30,78111,25000,7.51
32,90301,15000,13.47
31,78305,10000,14.59
31,90400,9500,10.37
27,45000,2700,9.91
28,90522,12000,6.91
34,90636,17000,13.85
28,90700,20000,6.91
28,90722,18000,10.99
30,90722,10000,6.91
30,91000,18500,12.42
30,91000,33950,7.9
30,91000,13600,12.42
27,91000,11525,7.49
28,91000,7000,6.99
35,91000,5600,10.99
27,91000,3000,5.99
31,10000,2650,7.4
35,91000,4000,7.29
28,91000,21000,13.35
28,48000,2650,11.26
27,91000,14700,7.88
28,91000,15000,9.88
35,91000,10000,8.59
32,67150,13000,16.0
29,91080,15600,15.7
31,28000,2600,10.08
29,91200,2000,11.49
30,79200,9000,8.49
27,30996,2600,14.74
33,79200,25000,15.58
28,32000,2600,13.49
27,91224,15000,7.88
30,37000,2600,9.25
33,91384,1600,10.25
28,34000,2600,15.62
34,35000,3000,10.62
35,40792,2600,12.53
29,91560,22000,6.91
30,91644,5000,11.03
35,38420,2575,15.96
29,92000,25000,19.42
27,25200,2550,14.27
29,92000,14000,6.03
29,35000,10000,12.87
31,66000,2550,11.36
34,27000,2525,12.21
31,40500,12500,13.61
35,92000,12000,6.99
29,92000,24000,11.49
29,92000,12000,6.62
31,42096,12500,11.11
35,92000,14400,6.99
31,92000,3500,5.79
34,14400,2500,10.0
34,92000,16000,11.11
33,92000,20000,13.06
33,92000,12000,5.79
28,92000,25000,19.29
27,14400,2500,18.3
31,92000,6000,11.86
28,92000,6000,6.76
34,92000,10000,7.51
28,68000,24500,18.3
27,92000,18000,11.48
29,92000,10000,11.26
34,92000,9000,9.63
27,18000,2500,14.74
29,92004,10000,9.63
31,19968,2500,9.62
28,92004,7000,9.63
31,20000,2500,12.53
27,68255,17500,17.93
28,34800,10000,12.99
28,48000,12500,15.95
27,92508,13000,7.14
27,34800,9500,7.51
29,92700,24000,6.91
28,92800,12500,9.63
28,58000,12500,11.71
27,93000,7000,5.42
30,93000,18000,15.23
30,93000,20000,13.49
29,34500,20000,7.29
33,34500,10000,9.63
32,93000,10000,5.42
31,93000,3000,8.49
32,93000,15000,12.99
32,93000,21000,10.74
33,93000,13000,7.51
29,93000,20000,16.82
29,70004,12500,8.88
27,93000,16000,13.57
30,93000,22500,11.83
29,80000,12500,11.71
27,101877,12500,11.99
30,93132,2500,5.99
32,130000,12500,9.99
28,150000,12500,14.35
27,93600,16000,11.58
28,54000,12700,11.71
30,94000,10000,14.27
29,94000,30000,6.62
29,94000,4800,10.99
35,94000,10000,7.49
27,35000,12800,10.0
30,30000,12800,14.79
31,94000,3000,5.42
30,38000,12800,5.79
34,94000,15000,6.54
35,94000,15000,9.88
29,94000,10000,7.51
27,44640,12800,11.83
35,46000,12800,13.48
30,94104,14400,14.27
35,94500,12000,6.62
30,70125,25000,15.33
27,94500,10000,14.26
27,94700,8000,7.49
31,62000,12800,9.62
28,62000,12800,13.16
33,94896,3500,11.89
30,65000,12800,15.2
29,65000,12800,9.45
28,70000,12800,13.57
34,69000,12800,15.7
32,75000,12800,14.74
27,80000,12800,18.67
32,85000,12800,10.75
27,104000,12800,7.29
28,95000,15000,9.91
28,95000,3500,6.03
29,95000,35000,7.9
28,95000,4800,11.71
32,95000,20000,10.65
28,95000,23450,7.9
31,95000,18000,11.71
32,95000,4800,10.99
31,95000,13200,12.99
30,96000,12900,14.79
30,95000,21000,11.99
35,50000,13000,10.25
30,95000,6000,15.99
27,95000,25000,10.99
30,44500,13000,16.32
31,46000,13000,14.59
30,95000,4000,5.99
30,95000,5600,11.63
34,52809,13000,10.62
30,95000,5000,6.99
28,55000,13000,10.99
27,55000,13000,8.88
33,95000,3600,8.49
27,95000,15000,12.68
32,33600,8000,16.02
28,95000,11000,13.06
28,95000,35000,9.63
32,95000,8500,5.79
33,95000,11200,7.29
27,57996,13000,13.92
27,58000,13000,11.58
31,70550,18000,19.74
27,33600,21250,8.88
33,95000,12000,7.29
29,59000,13000,11.49
28,54000,13000,15.23
32,95000,18000,11.11
33,95000,8000,5.79
35,61211,13000,6.54
29,95000,2400,13.72
32,95000,9000,5.42
28,62496,13000,10.37
32,64000,13000,10.99
27,64000,13000,13.11
28,95000,25000,9.62
29,95000,20000,6.54
30,95000,25000,11.12
35,95000,15000,11.49
28,95000,5000,7.51
30,95000,4000,7.14
28,95000,5000,7.88
32,95000,8000,14.84
32,95000,5000,7.51
28,95000,12000,13.11
28,95000,18000,7.88
28,95000,4500,10.99
32,65004,13000,12.53
32,95000,9000,7.88
27,61000,13000,10.59
27,95000,18000,13.48
31,67000,13000,13.06
30,95000,10000,7.51
31,95000,15000,11.14
28,70000,13000,12.18
30,95000,12000,8.94
34,66996,13000,15.2
29,76000,13000,10.25
32,78000,13000,12.87
31,95000,25000,10.08
33,95000,24000,12.92
29,84000,13000,12.53
27,95004,15000,7.51
31,95004,25000,16.07
35,90000,13000,9.32
35,95142,12000,14.84
32,95200,15000,5.99
35,83234,10000,18.25
29,92250,13000,10.99
27,95500,20000,15.95
28,95680,17000,7.88
28,95827,16000,14.5
30,96000,18000,13.49
32,96000,7000,6.62
35,84000,15200,15.27
28,96000,11250,17.58
27,96000,12500,19.03
31,144000,13000,21.21
30,33736,13600,13.57
30,96000,7000,6.03
28,96000,6000,12.69
28,84000,3000,15.99
31,96000,9600,5.99
27,96000,2500,12.99
30,96000,6000,5.42
30,80000,13600,12.42
34,96000,12000,11.99
35,33000,2000,13.98
35,96000,14000,7.49
33,96000,9000,7.49
31,33000,5000,14.96
31,96000,10000,9.99
30,96000,8000,6.99
35,88000,13600,7.9
29,71400,8000,8.49
31,96000,4000,10.99
27,44000,13650,10.65
29,96000,11200,5.42
28,96000,3000,9.63
28,33000,7500,15.31
28,96000,10000,7.66
33,96000,8000,13.72
28,57936,13650,14.42
31,96000,8000,14.09
30,96000,12000,9.99
33,96000,3000,11.49
32,30000,13750,12.73
29,42000,13750,11.36
27,96000,5600,15.21
31,80000,13750,16.7
33,33036,13800,13.47
28,55000,13800,11.83
29,96000,4500,6.76
27,51600,13800,13.57
30,96000,6000,11.49
31,96000,22500,11.36
27,32500,5000,6.62
30,96000,17000,10.62
31,96000,12000,12.73
29,96000,12000,9.88
29,84000,8000,14.96
30,23000,14000,7.88
28,41400,14000,13.48
28,96000,15000,13.47
27,42000,14000,9.88
33,42000,14000,15.7
27,84000,20000,12.29
31,84000,25000,17.34
28,42900,14000,11.14
35,84000,20000,11.54
30,96300,18000,13.98
29,96339,15000,11.36
28,37000,14000,14.42
29,43738,14000,7.88
29,45000,14000,12.69
28,39000,14000,7.9
31,45000,14000,7.91
28,96636,30000,8.49
31,96713,7000,8.0
27,96996,1500,10.95
31,45000,14000,13.06
30,97000,5000,13.49
27,45000,14000,9.76
29,97000,10000,14.65
28,97000,6000,7.49
28,97000,12000,8.49
31,97000,12000,7.66
27,97000,12000,6.91
27,97000,3600,9.25
33,97000,20000,6.17
27,72250,10000,14.83
35,46900,14000,14.27
29,97000,10000,12.23
35,97000,16000,8.88
29,48880,14000,10.65
30,97000,25000,16.32
31,48996,14000,13.23
29,97000,12000,11.83
29,97000,14600,15.65
33,97000,25000,16.0
32,97000,5500,12.18
31,72250,25000,17.03
28,50000,14000,6.54
30,97192,6500,7.29
31,32000,12375,9.91
27,50000,14000,6.54
33,97200,20000,12.29
28,97296,6500,12.42
28,44000,14000,19.04
33,50000,14000,10.62
34,44000,14000,15.65
28,50000,14000,13.79
35,97500,8000,5.42
31,97500,6000,7.51
31,98000,5000,15.96
34,98000,16000,6.03
29,98000,1825,14.27
31,98000,5100,6.03
34,98000,16000,10.99
35,47400,14000,14.42
32,86000,15000,16.4
27,86000,20000,13.43
27,86000,23000,6.17
30,98000,12000,8.88
27,98000,17000,8.88
33,86000,3600,13.98
27,98000,15000,11.36
29,98000,14000,10.25
30,98000,5000,7.14
27,48000,14000,13.79
33,98000,25000,11.83
28,98000,1000,7.74
29,32000,2100,6.91
30,98000,3500,7.68
29,55000,14000,11.48
29,55000,14000,11.58
33,98004,4000,10.99
32,98056,6000,8.88
29,98080,20000,8.88
27,86260,18000,13.72
32,98300,5000,12.23
35,98300,15000,7.88
35,98320,10425,11.49
28,98400,1500,5.42
28,98400,20000,14.84
32,98406,5400,9.38
27,56000,14000,10.65
34,98480,2500,15.96
29,98736,9000,11.89
27,57600,14000,7.29
29,99000,4500,5.42
29,58000,14000,6.62
35,99000,3000,10.99
30,59004,14000,15.28
27,99000,5000,6.92
33,99000,24000,11.36
27,99000,9000,7.14
29,99000,6000,10.25
28,99000,18000,9.76
29,60000,14000,7.51
33,99300,7500,5.79
29,99400,6000,6.92
28,99518,6500,5.99
32,99600,5000,11.86
29,99780,6000,11.14
35,99800,8000,7.14
28,99996,10000,5.42
30,74797,4800,18.79
33,99996,6000,11.11
31,74797,10000,15.58
32,99996,7000,7.14
34,99996,9800,7.14
29,74797,15000,15.33
28,62400,14000,10.99
27,99996,3000,12.84
27,56500,14000,13.87
32,63000,14000,6.91
27,88000,5000,8.9
29,100000,5000,15.96
30,100000,10000,16.77
28,100000,2000,14.27
30,100000,30000,16.77
27,66000,14000,12.99
30,66996,14000,12.84
29,68000,14000,12.61
28,31200,4350,5.99
31,69000,14000,6.03
27,100000,7600,6.03
27,100000,12000,6.03
30,100000,12000,8.9
31,100000,5000,12.69
35,100000,10000,6.62
33,100000,15000,11.71
28,100000,7000,8.9
35,100000,9000,10.99
35,73000,14000,14.59
35,100000,6000,9.99
27,31200,6000,14.35
28,100000,4000,7.49
31,100000,6000,10.99
34,75000,14000,12.69
31,100000,8000,6.99
28,100000,18000,13.99
29,100000,12025,13.49
31,100000,19000,8.49
31,100000,12000,5.42
30,100000,16000,16.49
31,100000,5000,5.42
27,75000,14000,9.63
29,100000,10000,14.79
32,76254,14000,10.38
32,88000,17600,13.49
34,100000,12000,7.49
31,100000,15000,10.59
29,100000,10000,7.49
31,76500,14000,11.49
28,100000,12000,10.99
31,78000,14000,9.63
34,80000,14000,14.27
27,100000,6000,7.66
33,100000,15000,10.0
30,100000,12800,6.92
32,80000,14000,5.42
35,100000,1800,9.63
28,80000,14000,14.91
33,100000,6400,7.29
30,100000,8000,7.29
32,100000,4500,5.42
32,100000,9500,5.79
27,31000,12000,12.73
27,100000,16000,13.43
29,100000,10000,6.92
31,100000,9950,5.42
30,84000,14000,12.42
28,31000,1000,7.4
31,31000,12500,8.94
28,100000,20000,12.68
28,85000,14000,14.65
29,85000,14000,5.42
27,100000,9000,18.25
30,85332,14000,14.22
33,31000,2500,8.38
27,100000,16000,6.54
35,31000,4275,10.28
27,100000,6575,5.79
31,100000,13000,12.61
29,100000,4800,5.79
35,93000,14000,13.16
30,100000,10000,6.17
29,100000,20000,6.54
27,100000,20000,6.17
34,100000,15000,6.17
28,100000,10000,5.42
29,100000,12000,6.91
28,100000,8000,13.98
28,100000,11000,13.61
30,100000,13000,7.88
27,100000,14000,10.62
33,103560,14000,17.56
30,105000,14000,11.49
29,100000,25000,13.23
27,100000,20500,18.67
33,100000,8000,11.86
29,100000,13000,15.33
32,100000,6000,7.14
33,88000,20000,13.48
31,100000,11000,7.51
29,88000,16000,16.45
30,110400,14000,16.89
29,125000,14000,9.63
33,100000,24000,10.25
28,100000,12000,7.88
29,100000,7000,9.88
30,100000,1000,6.76
31,100000,20000,13.48
28,100000,13000,8.59
28,100000,18000,13.92
35,138000,14000,7.9
33,100000,25000,12.18
30,100000,15000,11.14
29,100000,15800,11.14
28,100000,24000,11.48
29,100000,20000,13.57
35,100000,10000,8.59
28,100000,5300,11.14
32,48000,14100,13.49
28,100000,20000,11.48
30,83203,14100,6.03
35,30000,14125,12.99
29,100000,20000,14.61
28,30000,14125,14.74
27,31897,14125,12.68
28,100000,10000,12.84
31,100000,15000,9.63
35,88000,10000,14.11
33,34800,14125,10.37
30,36500,14125,8.9
27,100000,2000,8.0
28,100000,13500,9.38
27,100000,10000,12.09
27,39000,14125,8.49
30,100000,7500,11.59
31,100000,7000,10.08
33,100000,25000,10.39
29,40000,14150,12.69
35,100000,12000,15.76
34,30000,8875,14.27
29,100000,15000,12.04
27,100000,12000,9.96
27,100000,5000,8.07
33,88296,15000,15.88
32,30000,14300,13.49
27,30000,14300,10.39
27,100500,15000,14.65
30,31800,14400,10.75
35,100596,25000,10.59
30,100800,22000,12.42
29,36000,14400,10.62
35,100843,2800,12.87
27,88970,20000,11.99
28,101000,5000,9.91
32,101000,8000,11.49
32,101000,3375,14.79
33,101000,5000,7.49
31,101000,18000,8.49
31,38000,14400,8.94
29,101000,12000,12.18
30,43000,14400,6.99
32,30000,17875,6.99
28,101000,15000,8.94
31,101000,12000,9.63
28,101000,6000,8.32
27,101004,11025,7.9
29,30000,4000,7.49
27,75905,18000,17.26
35,101400,4500,9.32
31,101416,15000,12.87
29,44500,14400,13.61
29,45000,14400,7.29
30,90000,4800,8.9
30,102000,15000,15.62
33,102000,8700,12.99
27,102000,16000,11.99
28,102000,10000,5.99
27,102000,6000,7.49
33,58000,14400,9.91
30,102000,12250,7.66
31,102000,4000,7.88
29,102000,6000,7.88
28,65000,14400,11.14
28,102000,10000,12.18
34,68000,14400,8.59
27,102000,7200,11.26
27,102000,15000,12.84
27,102000,10000,9.63
29,102000,18000,9.33
28,102058,15000,13.92
33,102368,11000,11.14
28,73500,14400,12.98
27,102400,25000,15.57
30,102489,25000,12.18
27,102500,8000,10.59
27,102500,9000,11.49
28,102500,6000,5.79
30,102540,1500,7.9
27,75000,14400,11.36
31,103000,14000,9.91
33,103000,24000,7.49
32,103000,6000,7.49
30,103000,6400,7.49
28,103000,5000,5.42
34,103000,3525,5.42
29,103000,4500,7.29
27,103000,8800,7.29
28,103000,10000,7.51
30,79820,14400,13.49
34,103000,16000,10.62
28,103200,9000,9.88
27,85000,14400,8.49
30,103500,24150,14.61
28,85000,14400,9.07
28,103992,18000,10.99
27,104000,10000,10.65
29,104000,35000,7.49
27,104000,35000,17.99
29,104000,18000,7.66
33,104000,3500,10.74
29,30000,10000,6.17
32,100000,14400,13.35
28,100000,14400,13.85
28,92000,7750,14.22
32,28800,14500,16.7
32,104000,17000,14.82
27,104525,6000,7.4
30,105000,26000,7.51
34,31000,14500,7.88
32,105000,5000,14.65
33,105000,26375,9.91
29,105000,12000,6.62
35,32000,14500,6.17
27,35000,14500,13.98
30,105000,10000,5.99
34,105000,12000,6.99
28,30000,14500,11.14
30,40581,14500,13.23
32,105000,12100,5.99
27,105000,11000,7.49
35,105000,3000,10.37
32,79050,24000,18.62
34,105000,5000,5.42
28,105000,12000,9.63
27,105000,25000,12.23
29,105000,20000,6.91
31,30000,2950,10.75
27,105000,24000,6.17
32,105000,20000,6.54
27,30000,1800,14.84
33,79050,12750,15.95
34,105000,10000,7.51
30,105000,6000,14.72
28,105000,25000,11.12
29,105000,12000,7.88
31,30000,2500,11.36
29,105000,17000,10.25
27,76000,14500,12.73
30,105000,15400,11.36
30,105000,12000,7.88
30,105000,13000,10.25
30,105000,20000,11.83
33,90000,14500,14.65
33,105000,7000,7.74
30,30000,8000,15.7
27,105000,20000,11.48
31,30000,10000,7.88
29,105000,5000,12.53
28,105000,19000,12.21
29,105000,15000,14.42
33,105000,5150,12.41
27,105600,10000,7.29
31,93900,24000,16.08
28,28800,15000,14.65
27,106000,4000,11.71
35,106000,15000,15.96
33,106000,6000,8.49
34,106000,7200,7.29
32,106000,12000,5.79
31,106000,2400,9.63
27,106000,24000,13.8
28,28896,15000,13.48
31,106000,15000,7.88
31,30000,15000,10.0
34,106000,9000,7.88
31,106000,6000,10.99
27,106000,16000,14.96
28,31200,15000,11.83
28,106358,13125,7.66
31,30000,5000,12.53
35,106369,8325,6.99
29,106369,18000,6.17
30,32000,15000,12.42
27,107000,35000,9.63
29,107000,25000,10.99
27,32960,15000,6.91
27,107000,10800,9.63
30,107000,2500,10.78
27,107000,11500,8.38
32,107004,4200,11.71
30,107004,12000,13.79
29,33600,2000,11.71
28,107364,8000,6.76
32,107400,25000,15.21
32,107800,5200,14.65
29,34000,2000,14.72
32,108000,12000,11.49
28,108000,27400,10.99
29,35000,2000,9.63
30,108000,5000,10.99
33,108000,11500,9.99
27,96000,3000,14.17
27,35040,2000,10.99
28,108000,10000,10.74
27,108000,13750,5.79
27,108000,10000,6.54
33,108000,7200,14.35
29,108000,3500,6.76
27,36000,2000,11.99
28,108000,5000,12.87
35,37000,2000,11.26
32,108000,20000,12.53
29,108000,11400,9.32
29,38000,2000,12.87
33,96000,15000,14.62
29,108000,20000,10.59
28,108041,5600,13.98
32,108202,9600,13.79
35,108717,16000,6.99
27,108928,17600,7.88
27,39000,2000,16.07
27,109000,3950,6.03
34,109000,15000,13.61
33,109000,18400,12.41
29,82450,7500,14.5
27,97000,8275,10.59
34,109200,6000,12.23
28,109200,8000,11.12
32,109488,12000,12.09
32,29000,2000,8.49
34,109800,10000,10.99
27,39600,2000,7.9
27,110000,3600,6.03
29,110000,5000,9.91
35,110000,9000,11.71
27,110000,16000,7.9
27,33600,15000,5.79
28,110000,6000,6.03
28,110000,6000,10.65
27,40800,2000,7.49
27,41000,2000,15.27
33,42000,2000,14.65
28,110000,17000,6.03
30,110000,10000,10.65
35,110000,10200,5.42
28,42000,2000,11.49
32,110000,10000,10.99
30,98000,9000,11.49
30,98000,35000,10.59
30,110000,4800,5.99
30,98000,5200,16.49
31,110000,6000,11.99
29,98000,7925,10.59
33,110000,18000,6.99
30,44000,2000,7.29
30,110000,12000,10.74
34,110000,10000,7.29
27,110000,30000,11.11
32,110000,5600,10.74
27,28800,13000,6.92
32,110000,6700,6.92
30,110000,6000,6.92
28,110000,5000,17.51
27,110000,10000,10.37
28,110000,11000,5.79
28,110000,15000,10.0
29,110000,12000,10.37
30,110000,12000,10.74
30,110000,25000,10.36
30,46080,2000,6.99
28,110000,15000,6.54
33,46800,2000,14.65
32,110000,9200,5.79
29,47340,2000,9.99
33,110000,5000,7.51
27,110000,25000,16.32
30,110000,25000,11.12
28,110000,3500,11.49
31,48000,2000,10.65
32,42000,2000,15.62
29,110000,12800,16.82
28,110000,10750,11.86
30,110000,12000,13.61
28,110000,4800,7.51
28,42000,2000,14.96
28,48000,2000,7.68
29,110000,8500,7.51
27,83300,12000,15.21
27,48192,2000,7.66
27,50000,2000,10.99
30,50000,2000,14.79
27,44000,2000,11.49
33,110000,23800,10.25
34,50000,2000,11.48
32,110000,23000,11.48
35,110000,10000,8.59
31,110000,5000,14.26
30,110000,12000,13.57
32,110000,9000,11.48
31,34000,15000,9.88
27,110000,4800,7.74
28,110000,12000,8.94
29,35000,15000,7.9
31,110000,5000,14.96
34,35000,15000,10.99
29,110000,15000,8.94
31,35000,15000,13.11
31,110000,6000,7.4
29,35000,15000,13.22
28,110000,15000,16.32
28,110000,5000,9.63
29,83300,5000,16.95
32,98000,15000,10.95
35,110000,4000,13.79
29,30000,15000,16.4
34,110000,6000,9.45
31,110000,6000,9.51
27,110000,2500,8.07
29,110004,12000,10.36
27,110004,25000,12.73
28,110244,18000,12.17
33,36700,15000,11.14
32,37000,15000,9.62
32,110888,10400,9.91
32,37000,15000,10.62
31,111000,5150,6.62
29,37200,15000,6.03
27,37440,15000,7.9
30,37600,15000,13.06
30,28000,14400,12.18
29,111740,5000,14.27
29,38000,15000,6.91
34,111996,3000,7.74
27,38004,15000,12.73
33,38016,15000,6.17
27,112000,15000,13.49
30,112000,8000,16.02
32,112000,14000,9.63
27,112000,8000,6.17
28,112000,15000,11.12
29,112000,25000,14.61
27,112000,13000,13.57
34,112123,12800,8.94
27,40000,15000,6.91
28,112200,6800,5.79
32,112445,6000,5.42
33,40000,15000,9.88
27,112500,10400,15.62
29,112500,3000,13.35
27,34000,15000,16.35
33,112732,5000,12.69
27,112921,19000,16.35
29,112992,8000,7.49
32,40277,15000,11.71
28,40500,15000,7.88
27,113000,6425,6.03
33,113000,5000,13.49
28,27600,6000,8.9
27,41000,15000,8.49
27,41000,15000,11.48
27,36000,15000,16.77
32,113000,15000,15.68
27,113004,15000,8.94
28,113300,18000,12.99
29,42000,15000,10.99
27,113400,2100,11.99
34,113500,3000,6.39
27,113800,7500,8.63
33,114000,16000,16.77
34,102000,7200,13.49
28,114000,8000,18.64
30,114000,7200,6.03
28,114000,26000,8.49
30,114000,9975,5.42
28,27504,2000,11.12
35,114000,7000,11.49
27,114000,20000,13.06
32,27500,5000,14.59
32,86700,20000,14.74
33,114000,21000,13.16
28,114400,12000,7.29
33,114400,20000,13.48
30,114400,8000,8.94
29,42500,15000,7.88
33,114996,7450,11.71
31,114996,15000,6.92
32,103000,33000,18.64
33,115000,14000,6.03
28,115000,22000,7.51
27,115000,14400,12.69
29,115000,22000,12.69
29,44000,15000,11.86
31,115000,10000,12.42
27,44000,15000,11.48
32,44400,15000,16.49
28,115000,5000,7.51
32,44400,15000,7.88
29,115000,5000,6.03
32,115000,7200,7.9
27,115000,1000,5.99
33,115000,16800,5.42
28,115000,18000,10.59
33,115000,10500,13.49
27,115000,5000,8.49
28,115000,25000,7.49
29,115000,22000,15.23
29,115000,8100,16.49
29,115000,35000,15.28
29,115000,5600,13.43
28,115000,4500,12.68
27,115000,12000,7.29
28,103000,20000,14.17
28,115000,18000,10.37
33,39000,15000,17.56
34,115000,6000,5.79
31,115000,6500,13.98
27,115000,8000,7.51
33,115000,25000,11.86
35,115000,7200,13.85
29,115000,4000,13.48
28,115000,16000,13.85
27,115000,6300,6.76
27,27000,6000,8.0
33,115000,14400,11.14
27,115000,9600,12.87
29,115000,20000,13.79
32,115000,20000,16.95
28,115000,10000,8.0
32,45400,15000,12.18
34,45600,15000,11.48
29,115742,7000,6.62
27,115752,10000,11.36
27,116000,18000,7.49
28,116000,12000,13.49
27,116000,6000,7.29
28,116000,14000,7.51
32,116000,21600,10.62
28,116000,25000,12.18
27,29040,1800,13.23
33,116000,15000,12.84
33,116004,8200,13.85
31,116004,6775,8.59
29,33048,1800,12.53
32,104400,24000,8.9
35,26400,6600,5.99
30,116500,15000,14.79
29,35000,1800,5.42
29,117000,7800,8.9
33,117000,20000,6.17
31,117000,3600,6.91
34,36129,1800,14.22
30,117500,13500,8.49
29,117500,20000,6.17
30,117500,17500,7.37
31,117516,21000,13.49
29,117600,14400,12.99
33,26400,7000,11.36
27,117832,12500,6.17
27,117996,16000,7.9
31,118000,6000,12.69
27,118000,10000,6.17
30,118000,5000,13.92
29,118374,3500,13.49
29,118400,35000,7.9
27,118500,15000,6.91
28,48000,15000,11.99
34,26000,6000,12.42
28,119000,5325,10.38
30,119000,25000,12.73
29,26000,4500,11.71
32,119000,18000,10.99
27,119000,5000,7.51
32,119000,9000,13.47
27,107450,24000,20.86
29,119500,6800,13.16
29,119604,5000,9.32
30,119700,9500,8.94
33,120000,14050,8.9
32,120000,8000,8.9
27,120000,17000,6.03
34,26000,3000,8.49
28,26000,2500,7.49
29,48000,15000,11.36
29,120000,16000,12.42
29,120000,35000,8.9
29,120000,28000,7.9
29,120000,20000,11.71
29,42000,15000,14.25
28,48500,15000,12.99
28,48500,15000,12.87
27,120000,20000,10.65
29,120000,12000,10.65
30,48564,15000,10.75
27,120000,15000,13.49
30,43992,15000,13.24
33,120000,2000,12.69
27,50000,15000,16.77
29,120000,5000,9.91
29,120000,6900,10.65
27,120000,10000,6.62
31,120000,12000,6.03
30,120000,11000,6.03
34,120000,7100,8.9
31,120000,28000,8.9
27,120000,7000,7.49
28,120000,5000,10.65
32,120000,28250,16.77
34,120000,4200,12.69
29,120000,20000,12.42
34,25800,10000,8.94
28,50000,15000,7.49
27,120000,4800,10.99
34,120000,7800,10.99
30,120000,6000,10.99
30,120000,7200,9.99
28,120000,14500,5.42
27,120000,14000,11.99
32,108000,8400,15.99
30,44000,15000,6.54
29,120000,18000,11.49
28,91800,10000,16.89
31,120000,7500,10.99
27,120000,8000,5.99
30,120000,3000,11.49
31,120000,20000,7.49
28,120000,8000,15.62
30,120000,15000,10.99
31,108000,35000,13.49
27,50000,15000,13.16
34,50000,15000,12.72
35,120000,8850,10.99
33,120000,4500,5.99
28,50000,15000,10.28
32,120000,6600,7.49
27,120000,7000,5.99
29,120000,7000,8.49
28,120000,14400,10.74
30,120000,10000,13.06
33,120000,6000,6.92
29,120000,8000,11.11
33,120000,14000,7.29
29,120000,5000,5.42
30,120000,9600,7.66
28,120000,5000,13.06
28,120000,10000,5.42
32,50880,15000,20.25
34,120000,20000,10.37
27,120000,18000,10.74
30,120000,18400,9.63
29,25000,6500,13.49
29,25000,10000,13.49
28,91800,20000,15.28
30,120000,6000,5.42
30,120000,8000,10.37
33,120000,15000,5.79
27,51395,15000,10.99
29,120000,5000,14.09
27,120000,8000,12.61
34,120000,16800,6.91
30,120000,4800,10.36
29,120000,10000,6.17
28,120000,22000,13.72
34,108000,25000,20.03
27,120000,7000,7.14
33,120000,6000,7.14
31,120000,25000,16.32
30,120000,14000,7.88
32,120000,5600,10.75
28,120000,3600,14.84
32,52800,15000,16.29
32,120000,8000,7.51
29,120000,23000,11.49
33,24000,1600,8.88
28,24000,1600,15.05
27,120000,8400,7.14
30,120000,5000,10.38
27,120000,25000,15.95
33,25200,1600,16.69
32,120000,25000,10.99
29,120000,12000,13.48
27,120000,7000,6.76
29,120000,9000,10.25
31,120000,10000,7.51
27,91800,25000,16.07
29,120000,4700,7.14
27,108000,25000,14.96
33,30000,1600,10.25
28,120000,6000,7.74
29,120000,7500,7.74
29,120000,20000,13.92
31,120000,20000,11.14
30,38400,1600,13.49
29,120000,7000,8.94
27,33000,1600,16.89
31,40000,1600,14.79
30,120000,7500,15.65
35,34000,1600,14.84
30,42000,1600,10.37
32,36000,1600,14.09
31,25000,3075,11.83
29,42000,1600,19.16
29,43200,1600,13.49
31,120000,9000,8.94
27,120000,6000,13.79
27,120000,16000,12.21
27,51000,1600,10.59
29,120000,5000,7.68
29,120000,6250,12.53
28,91800,15000,15.37
27,120000,10000,11.14
29,63500,1600,11.83
29,67171,1600,8.9
28,120000,20000,9.45
29,108000,24500,12.61
29,68000,1600,11.48
31,91800,2225,7.43
34,91800,25000,15.83
32,120000,6000,12.17
28,120000,1000,7.12
32,91800,24625,14.07
30,120000,8275,9.01
29,120000,5000,7.43
32,86000,1600,13.23
29,24996,8000,9.99
34,120602,20000,14.79
33,120999,15200,13.61
30,10800,1500,11.48
27,121000,16800,6.91
33,12000,1500,11.83
31,121000,25000,12.73
33,121000,17600,13.57
34,12996,1500,9.25
28,121008,5400,5.99
28,92801,20000,14.74
32,121500,6000,7.51
29,109900,15000,13.47
28,122000,15000,16.77
27,24840,11500,8.49
30,122000,11200,5.42
34,14400,1500,12.61
27,122000,8000,7.88
31,122000,6000,9.38
32,122004,10000,8.59
34,122400,6800,10.65
32,122400,10000,7.88
27,122880,35000,8.49
27,123000,13225,16.11
32,123000,15200,15.95
31,123000,15000,6.91
28,111000,25000,19.79
28,123000,4000,8.59
31,123000,19000,13.47
31,94350,15000,15.37
30,111000,12500,19.04
34,18000,1500,11.48
27,123996,6500,8.0
33,124000,14000,6.03
27,124000,4350,11.49
29,124000,2000,5.42
34,124000,12000,7.51
29,124000,8100,7.51
33,124000,23500,14.96
27,19200,1500,7.14
35,124596,20000,11.49
31,24000,2000,16.29
29,24000,7200,7.51
27,20004,1500,12.69
28,124800,15000,12.53
31,124992,24000,8.49
27,125000,9000,7.51
29,125000,3400,9.91
32,125000,9000,6.62
28,125000,30000,7.51
30,21600,1500,11.71
31,125000,30000,7.51
30,21600,1500,14.72
32,125000,21000,11.71
28,22968,1500,6.03
29,125000,24000,13.49
31,24000,1500,11.86
34,125000,9175,10.99
33,125000,8800,10.59
27,125000,30000,10.99
28,24840,1500,8.0
31,125000,18000,11.99
28,125000,7500,7.49
33,125000,10975,6.99
29,26000,1500,12.99
30,113000,30000,15.62
30,53000,15000,10.62
31,48000,15000,15.21
30,125000,25000,13.8
29,125000,10000,5.79
29,125000,14400,5.79
28,54996,15000,14.09
27,125000,24000,6.91
32,54996,15000,6.54
29,125000,12000,5.79
31,125000,25000,10.75
29,125000,10000,14.35
32,125000,20000,11.12
35,125000,17000,7.88
28,125000,10000,7.51
27,55000,15000,12.42
28,113000,13200,18.67
33,125000,20000,7.88
28,55000,15000,17.06
27,125000,8000,6.76
29,125000,3500,13.98
29,125000,25000,10.62
27,24000,8500,5.42
29,24000,10000,5.79
28,125000,15000,10.25
29,96050,15200,13.85
30,125000,8000,7.74
31,125000,12500,11.48
27,125000,13200,11.14
28,50000,15000,14.91
28,125000,8000,11.14
29,125000,6400,12.87
34,125000,12000,8.94
28,56496,15000,12.61
29,113000,25000,18.84
29,57000,15000,9.91
29,125000,8500,13.47
29,113000,25000,13.16
27,125000,15975,12.72
33,125000,3000,7.75
30,125000,5750,7.43
30,96053,30000,15.62
33,51500,15000,14.42
30,58000,15000,8.49
28,125004,12000,7.14
28,125600,13800,7.88
28,126000,12000,11.71
28,126000,2000,9.99
34,126000,9600,11.49
29,126000,7000,16.02
30,126000,8000,10.74
33,126000,9500,5.42
29,126000,6450,10.37
29,126000,11000,6.91
30,114000,15000,6.54
29,58000,15000,13.16
27,126000,5500,7.51
29,126000,15000,7.88
32,24000,2850,11.83
27,59200,15000,10.75
31,59534,15000,15.21
31,24000,6200,11.14
30,126132,14400,14.54
30,54000,15000,14.27
35,126400,13000,10.38
29,114500,30000,19.29
35,126696,24250,10.38
27,127000,21000,10.99
29,127000,24250,11.36
30,115000,20000,14.59
28,127000,8400,12.87
33,116000,5000,12.99
27,128000,32000,11.11
27,128000,18000,11.83
27,116000,3500,12.53
27,116000,25000,13.36
34,128148,15000,5.99
28,128400,4000,13.35
27,116899,12000,10.75
35,60000,15000,13.49
31,60000,15000,11.71
27,129700,10000,6.54
27,129900,3100,11.11
29,129996,30000,18.79
27,129996,4800,9.63
30,130000,27000,11.71
31,60000,15000,8.49
27,130000,15000,6.03
35,130000,5000,10.65
35,60000,15000,13.43
30,130000,7000,9.91
27,130000,10200,7.51
32,130000,13000,12.69
33,54000,15000,11.86
29,130000,7000,14.65
31,60000,15000,11.12
34,130000,20000,10.65
32,130000,16500,5.42
29,130000,24800,7.49
33,118000,35000,17.49
31,130000,1600,13.99
34,60000,15000,7.88
33,130000,2400,5.42
29,130000,4200,6.99
30,130000,10000,8.49
32,130000,28000,8.49
34,54000,15000,14.11
27,130000,24000,10.99
31,130000,9800,8.49
33,60000,15000,13.79
35,54000,15000,15.88
32,130000,7500,7.29
30,130000,33250,13.06
28,118000,25000,20.11
28,61000,15000,13.99
27,130000,11000,9.62
27,130000,5000,9.99
27,130000,15000,5.79
27,130000,8000,13.35
28,130000,13000,10.75
32,118000,8875,14.84
34,130000,6450,13.23
31,55200,15000,15.58
28,61500,15000,10.37
35,130000,7000,13.98
34,130000,5000,17.56
27,61584,15000,15.21
35,130000,9000,12.73
29,61656,15000,6.91
27,130000,21000,10.62
28,62000,15000,7.9
33,118000,25000,14.96
32,62000,15000,12.99
33,130000,25000,15.33
28,130000,24000,11.83
33,62400,15000,11.99
28,130000,5600,15.65
28,57000,15000,14.11
32,130000,12000,8.59
29,130000,17500,8.94
32,57223,15000,11.83
29,130000,18000,13.22
30,130000,6000,12.21
28,130000,9000,8.0
30,130000,8500,12.84
34,118000,25000,11.78
29,130000,6000,13.04
27,130000,5000,8.63
28,130000,12000,13.55
35,130000,12000,10.08
34,64000,15000,10.25
28,65000,15000,7.51
29,130900,4800,11.71
27,119000,30000,18.25
32,131000,11200,10.25
28,131004,25000,7.9
30,131004,5000,8.49
28,131040,10000,13.35
27,120000,10000,12.61
29,120000,14000,6.17
35,132000,22000,6.54
28,132000,25000,9.99
32,132000,25000,10.99
28,132650,20000,10.65
35,133000,15000,16.77
29,65000,15000,11.83
31,121000,12000,16.29
29,65000,15000,16.0
34,121000,12000,14.59
27,65000,15000,12.84
29,134000,6000,5.99
35,122000,25000,15.2
29,134000,8000,14.22
30,134500,24000,15.96
31,134748,18000,10.74
29,67000,15000,13.57
33,135000,12000,7.9
30,135000,32000,7.9
34,135000,15000,5.42
29,135000,24000,5.99
28,135000,14400,5.42
29,61000,15000,14.96
32,135000,10000,10.99
29,67704,15000,11.86
33,135000,6275,6.91
31,67800,15000,11.89
31,135000,15000,10.75
27,135000,25000,11.12
28,123000,10000,7.14
31,135000,10000,7.14
28,68004,15000,13.16
28,123000,15000,13.85
31,135000,20000,11.36
33,135000,10000,7.51
31,135000,15000,13.85
32,135000,13000,7.88
33,135000,17500,11.83
29,135000,18000,14.61
27,104550,23000,18.43
28,123000,22000,20.86
29,135000,11000,11.83
29,135000,11000,8.94
32,70000,15000,14.27
35,135000,10000,13.16
34,135000,8000,9.32
29,64000,15000,15.27
34,135000,15000,13.47
30,135000,25000,15.25
27,70000,15000,5.79
27,123000,22350,14.07
34,135600,1000,5.42
30,70000,15000,13.61
28,135996,12500,8.59
30,136000,2800,10.65
32,136000,12000,10.0
27,136000,5000,6.17
28,136092,8000,13.61
35,136240,15000,7.88
34,136625,15000,7.88
28,124886,5000,11.99
28,70000,15000,11.89
30,137057,4750,12.18
27,137720,13000,7.14
28,138000,5000,6.62
29,138000,25000,13.06
32,138000,20000,7.88
32,138000,16800,14.35
34,138000,25000,11.12
31,138000,24000,10.62
27,138000,17000,7.88
29,138000,7500,13.24
34,138571,25000,14.59
28,138600,12000,12.99
28,138996,20000,13.79
35,139000,35000,12.69
30,139008,15000,13.47
32,139200,6000,7.9
28,139913,5375,8.94
28,140000,18000,16.29
29,140000,27000,9.91
27,71000,15000,9.01
29,140000,16775,14.27
28,140000,17600,12.42
30,140000,5000,8.9
28,140000,18000,14.65
27,140000,18000,7.9
28,140000,22000,7.9
31,140000,30000,11.71
28,140000,5000,11.49
28,72000,15000,6.54
31,128000,35000,15.99
27,72000,15000,11.86
33,21000,7750,11.83
28,128000,14400,22.11
27,140000,2800,11.99
33,20988,3600,11.71
34,128000,12325,8.49
28,140000,9000,5.99
31,140000,11000,10.0
28,108800,35000,16.4
27,140000,28000,15.65
33,140000,8000,5.79
34,140000,12000,7.29
29,108800,18500,17.8
28,140000,25000,15.95
33,140000,9600,6.91
28,140000,15000,8.88
32,140000,18000,6.17
32,140000,11000,5.42
32,74000,15000,17.15
34,140000,12000,15.21
29,140000,24000,7.88
32,140000,5000,10.38
29,140000,24250,11.12
31,74028,15000,10.59
32,140000,20000,11.12
34,140000,4000,7.88
31,140000,12000,7.88
33,140000,6000,6.76
29,74872,15000,7.88
33,140000,13000,7.51
31,75000,15000,12.69
34,128000,25000,17.39
30,108800,15000,16.35
27,140000,24100,11.83
27,140000,6000,13.57
27,75000,15000,6.91
35,140000,25000,12.21
32,140000,25000,10.08
27,140004,9800,5.42
32,140304,20000,6.91
27,75000,15000,14.35
27,140987,6450,5.99
29,141000,8000,6.99
28,141000,9000,7.14
27,129996,12800,14.84
30,142000,10000,11.12
28,142000,18000,10.38
29,142000,24250,11.48
33,69000,15000,10.62
30,110925,25000,15.33
30,143000,18000,8.49
29,143000,16800,6.17
27,75000,15000,11.14
33,143004,10000,6.99
34,143150,12000,9.32
35,143485,8000,10.62
30,143500,20000,11.89
27,144000,16000,16.77
27,144000,11000,8.9
33,144000,5000,8.9
28,144000,35000,8.9
29,144000,16000,6.62
29,144000,7000,10.59
30,144000,6000,8.49
28,144000,7000,15.99
27,144000,5000,7.49
30,144000,35000,12.68
27,75127,15000,10.64
29,144000,5000,13.06
30,144000,6000,6.91
30,69600,15000,14.59
27,144000,21000,13.57
28,76000,15000,12.73
31,76000,15000,7.88
30,144997,25000,11.83
30,145000,9600,7.9
31,20000,5000,8.59
29,145000,14000,16.77
30,145000,6000,10.59
32,71000,15000,15.95
29,20000,3000,8.0
31,77000,15000,8.38
32,145000,20000,11.36
28,80000,15000,13.49
29,145000,25000,10.08
27,145986,5500,5.42
34,113900,35000,18.64
27,146000,2500,8.49
29,146000,3800,6.39
31,146000,2500,16.7
29,80000,15000,10.37
29,80000,15000,13.72
28,147500,10000,11.12
27,19200,8000,8.9
28,80000,15000,11.48
27,147884,4500,11.49
33,148000,8000,13.98
29,136000,7775,14.96
33,82000,15000,14.35
29,83500,15000,13.43
27,149616,15000,11.03
28,84000,15000,11.86
32,84000,15000,10.99
32,150000,16000,6.03
33,150000,14000,6.62
34,150000,6000,6.03
32,150000,20000,7.9
34,138000,2400,19.91
34,150000,28000,11.71
29,78996,15000,15.7
35,150000,10000,7.9
32,150000,12000,12.99
31,138000,35000,7.49
35,73000,15000,15.57
30,138000,10000,10.99
29,62050,15000,15.95
33,117300,16000,15.99
27,150000,6000,13.49
32,150000,6000,7.49
27,86000,15000,6.91
32,86400,15000,6.03
29,150000,10000,13.49
28,19200,4700,15.31
29,150000,7200,7.29
29,87000,15000,10.59
32,75000,15000,8.88
33,150000,4000,10.37
27,150000,25000,10.36
29,150000,12000,5.42
33,138000,25000,21.27
27,150000,8000,17.19
33,18720,3500,13.16
34,150000,15000,11.86
32,150000,7800,11.86
28,150000,8500,6.76
34,78000,15000,16.4
29,150000,12000,10.62
29,150000,10700,14.22
28,150000,15000,7.88
34,90000,15000,11.12
30,138000,23975,17.93
29,138000,24000,16.35
32,150000,24000,17.04
33,150000,21000,11.83
30,150000,24000,11.83
33,150000,20000,11.48
29,90000,15000,13.85
27,150000,10000,8.59
30,90000,15000,14.96
34,150000,25000,16.7
27,150000,12000,11.89
27,150000,20000,12.84
29,150000,7000,9.32
28,150000,15000,11.89
35,150000,15000,13.16
28,92000,15000,7.9
28,150000,15000,9.63
27,150000,9000,9.63
27,150000,8000,12.21
28,150000,25000,15.25
29,150000,16000,11.14
30,37800,15050,9.99
30,150000,12000,11.86
28,150000,10000,8.07
27,150792,6000,11.71
31,150996,10000,6.91
31,151000,21000,11.97
30,151800,17525,12.72
31,152000,15000,8.49
35,140004,8400,12.98
35,153000,9500,11.99
33,153000,10000,14.79
28,18000,3500,14.22
29,153000,3000,10.74
32,153000,8400,12.84
35,153660,24000,7.9
35,154000,12000,6.92
34,154000,4000,10.37
32,154000,20000,11.83
32,155000,15000,12.42
35,75000,15175,21.74
28,143000,8275,16.49
31,155000,7000,5.42
28,143000,25000,17.93
33,18000,7000,8.0
28,50000,15200,10.25
32,155004,15000,8.49
30,155867,8000,12.84
33,156000,2400,7.49
32,156000,10000,9.63
27,156000,5000,6.54
27,156000,15000,14.61
32,156600,25000,10.62
31,157000,7200,7.49
28,157000,12000,13.92
27,157500,25000,12.87
27,157544,35000,12.99
28,145656,10000,10.37
28,158000,15000,7.9
30,158000,21000,12.42
30,111000,15450,10.91
29,158000,11000,8.49
35,158000,10000,9.63
29,158000,20000,6.54
28,158367,12000,6.62
28,159000,15000,11.86
29,159996,10000,11.86
29,38000,15500,12.41
28,160000,34000,9.91
27,148000,28000,12.99
34,160000,25000,13.49
34,160000,23000,6.91
30,160000,7000,13.98
35,68324,15600,12.84
33,160000,22000,10.75
32,160000,12000,7.88
27,90000,15600,12.69
27,160000,25000,10.99
32,160000,17400,7.88
27,100000,15600,17.88
35,160000,24000,11.83
28,160000,23000,11.83
35,148000,25000,14.62
29,162480,25000,12.42
30,55000,15800,14.72
27,151000,20000,14.74
27,163232,4800,11.71
27,165000,35000,12.42
29,165000,10000,6.03
34,165000,12000,6.62
29,72000,15900,13.04
35,165000,8000,11.49
33,130050,10000,14.61
33,153000,23100,14.74
28,165000,12400,11.26
27,80000,16000,7.49
31,168000,25000,13.06
31,168000,15500,9.25
29,74000,16000,13.11
32,170000,6000,7.9
29,170000,18000,12.42
32,62900,16000,14.96
29,74000,16000,13.79
28,170000,20000,18.99
33,158000,15000,16.32
27,84000,16000,12.21
30,170000,14000,10.62
33,170000,21000,14.26
33,172000,16000,9.63
31,85000,16000,11.34
29,173088,8000,13.79
30,163000,3500,10.65
27,175000,15000,7.49
27,90000,16000,12.42
34,175000,12000,10.74
28,90000,16000,12.68
27,90000,16000,8.88
27,175000,11500,7.51
33,175000,25000,10.75
29,175000,2500,7.14
35,175000,24000,12.73
33,163400,10000,18.39
28,176000,25000,10.25
32,164000,2400,14.42
28,176608,21125,13.16
31,70550,16000,17.49
33,178650,20000,6.99
31,179000,11200,14.27
30,180000,14000,6.03
30,180000,6000,6.62
30,180000,28000,10.65
29,180000,12000,12.99
27,180000,8000,13.23
27,100000,16000,11.11
30,182004,7200,6.62
27,170496,15000,11.83
34,182500,15000,12.84
34,101000,16000,6.17
28,107000,16000,13.49
27,189000,5125,14.84
30,189000,16000,16.35
27,110000,16000,15.27
29,193086,11125,10.59
34,195000,6000,14.27
34,195000,6000,6.92
30,198171,5000,5.79
28,199000,10000,9.32
27,200000,7000,6.03
31,200000,7800,9.63
30,200000,21600,13.11
29,200000,12000,7.88
31,200000,23500,10.99
29,200000,23000,12.18
32,188000,10000,10.71
33,200000,25000,9.76
34,130000,16000,6.03
33,201000,20000,14.27
31,201000,15000,11.12
29,201000,18000,11.83
27,192000,15000,17.58
32,204000,25000,11.12
29,195000,3600,14.26
33,210000,20000,9.91
29,210000,14000,12.42
27,170000,16000,5.79
29,200000,16000,12.69
28,200000,16000,10.91
31,215000,15000,10.99
29,300000,16000,11.58
32,220000,33000,20.3
34,220000,7350,11.99
29,220000,2500,6.99
34,220000,11275,12.99
29,220000,8500,10.37
34,222000,13000,8.49
35,225000,5000,7.49
32,572400,16000,9.76
27,213000,35000,16.77
34,225000,3000,13.35
28,225000,20000,7.88
30,35576,19000,13.72
28,225000,6000,11.12
30,228000,12800,15.33
27,228000,6000,7.14
30,230000,12000,13.98
29,218000,25000,19.04
28,230000,10000,10.95
35,234600,7500,15.05
27,235000,28000,15.96
33,235000,25000,10.62
28,60000,19200,7.88
31,235000,11200,15.65
30,223800,25000,11.83
28,191250,9000,16.95
32,237000,21000,9.2
29,240000,12000,6.03
33,240000,15000,13.16
29,242400,35000,10.37
27,79636,19200,13.87
27,244000,15000,14.42
28,245000,18000,17.39
32,249996,14000,12.99
29,249999,25000,6.62
29,250000,10000,7.49
30,250000,15000,15.99
31,250000,12000,14.09
32,250000,20000,11.48
29,250000,20000,13.79
30,250000,5000,9.01
34,75500,19200,16.77
32,262000,12800,9.91
30,253000,24000,14.96
29,265000,25000,11.26
28,266000,9000,5.42
30,275000,7000,11.71
31,275000,30000,10.59
27,90000,19200,6.99
34,275004,25000,16.32
32,95000,19200,11.89
29,290000,13175,10.99
27,290000,7875,9.99
31,294000,12000,8.94
30,300000,35000,10.59
28,300000,9600,15.23
28,300000,10125,15.23
28,288000,18000,22.48
31,300000,35000,15.23
28,300000,10800,6.92
32,300000,24000,12.87
30,300000,6000,9.63
30,300000,20000,11.58
33,300000,25000,14.42
27,320000,28000,7.9
33,320000,14000,7.91
31,325000,10000,5.99
28,270300,25000,17.88
35,273700,25000,14.59
29,350000,12000,7.51
34,357000,14000,18.64
31,371000,5875,7.74
32,385000,19925,7.9
33,410000,35000,10.37
35,415000,15500,16.45
29,420000,8000,12.73
29,445000,25000,9.62
29,450000,25000,15.37
29,480000,6500,5.42
34,397800,14000,14.61
30,522000,2500,7.43
33,10080,7200,6.03
33,71000,19600,16.07
32,83300,19600,17.19
28,604000,25000,9.01
31,741600,12000,10.25
32,750000,30000,9.91
35,762000,10000,8.94
29,9600,2600,12.69
30,9600,1500,12.73
29,8500,4500,8.63
29,8472,3000,7.49
28,8000,4750,11.12
29,6000,3250,8.59
30,64000,10200,6.62
27,42504,7200,10.59
34,120000,25000,15.83
28,62000,15000,7.9
31,41004,5000,15.28
29,46000,6000,11.49
30,155000,6000,7.14
32,45996,1800,11.58
29,35000,1800,5.42
28,40000,19200,9.91
31,50402,3000,13.22
28,25000,7000,6.92
29,50000,4200,9.91
35,21340,8000,11.14
32,32004,4000,11.49
30,97750,20000,14.59
29,68000,10000,10.65
28,50000,5000,7.74
30,21600,1500,11.71
31,50000,2000,6.39
30,65000,12800,15.2
27,28800,5000,14.96
28,72000,18000,11.89
32,45000,8000,14.65
27,39000,5000,18.79
31,56000,3000,14.27
32,75000,10000,7.29
31,60682,8650,8.49
29,45600,2000,7.88
27,52000,5100,10.37
30,56628,12000,8.94
32,46000,3000,16.29
27,69000,6000,15.21
27,51000,1600,10.59
33,50000,6000,14.96
34,44000,10000,13.43
27,30000,11000,9.91
27,80000,15000,6.54
33,58000,14400,9.91
30,110000,12000,13.57
27,42000,4200,6.76
32,82000,10000,10.36
32,50004,2200,15.65
29,67000,10000,7.14
28,45000,10000,9.91
27,46800,6000,9.99
27,231252,2000,9.91
28,38196,10750,10.75
29,120000,4700,7.14
29,77800,9000,12.42
31,68000,6000,7.49
29,52000,12000,15.65
30,55000,12000,10.38
29,75000,8000,11.99
35,62475,9600,14.61
29,240000,35000,14.91
35,40000,8000,7.66
27,47000,13000,10.99
27,116000,25000,13.36
32,61000,2000,7.9
33,35600,6000,13.49
29,34000,2000,14.72
31,34000,5000,5.42
28,95000,5000,7.88
29,117000,21000,10.65
27,61000,1200,10.37
30,60000,7400,13.11
30,95000,12000,8.94
33,60000,17000,16.07
33,72250,25000,16.0
32,31000,5000,11.49
30,72000,9600,14.17
27,156000,5000,6.54
29,280000,15000,12.99
31,60000,4750,5.99
35,80000,7050,8.88
27,33996,6000,15.31
35,52000,3000,11.48
31,30000,3000,10.95
31,201000,15000,11.12
31,59000,8750,12.68
29,84000,20000,11.83
32,54000,13000,12.53
29,100000,10000,6.92
28,64900,25000,15.37
27,85500,11000,15.99
31,120000,28000,8.9
28,60000,10000,6.54
27,31500,6000,12.84
31,260000,25000,13.57
32,40000,7000,12.68
27,50000,6400,13.23
33,74400,3600,15.27
30,139008,15000,13.47
33,14400,2000,14.79
29,52000,7800,10.36
27,56525,12000,15.95
33,101000,5000,7.49
27,43218,5300,14.65
30,75000,6000,12.68
32,122004,10000,8.59
27,82000,10000,7.51
28,33000,8000,14.65
33,30000,11975,9.99
34,148750,12000,7.9
27,104000,10000,10.65
27,39996,8000,12.53
28,50000,2000,16.89
28,40000,12000,11.11
27,25200,2550,14.27
32,80000,6400,10.99
30,42000,1850,11.99
29,48000,6025,10.65
29,65000,12000,16.49
28,70000,5000,6.99
29,42996,6000,15.96
29,60000,1500,6.03
31,24000,6200,11.14
27,99000,9000,7.14
27,207182,22000,10.62
27,78500,8000,8.59
31,65000,10000,13.61
33,71000,5300,11.49
29,99000,6000,10.25
30,56400,7000,11.49
29,67992,2000,7.43
33,140000,13000,7.51
33,90000,4200,8.94
29,99000,8000,12.99
27,50000,15000,9.88
35,85000,3600,7.51
35,15000,3700,9.32
28,42000,9600,14.61
31,64900,10000,7.66
27,47380,15000,13.79
29,44000,5400,16.0
27,83300,20000,16.0
34,50725,5400,13.16
35,37440,8000,10.99
31,43288,10000,10.74
32,120000,12000,7.51
28,77250,10000,9.2
30,71000,12000,8.9
29,73000,2500,14.35
31,168000,15500,9.25
33,53004,20000,13.04
32,101000,20000,10.75
29,12000,4500,15.05
31,50000,6000,15.62
27,110000,2500,8.07
28,24000,10000,12.87
30,151800,17525,12.72
34,63504,3500,10.0
27,67000,12000,13.23
27,49200,2500,5.42
29,80400,8000,7.14
30,101500,18000,12.18
27,51996,9600,14.09
28,31000,1000,7.4
32,49000,6300,9.91
28,64000,5000,13.23
29,63000,10000,15.33
31,64000,8000,14.22
27,31000,4000,10.74
35,30720,6000,7.49
27,45000,12000,6.03
35,94000,15000,9.88
27,50000,12000,6.62
33,38400,10000,9.91
28,140000,12000,9.91
31,275000,25000,13.85
34,28000,3000,9.99
28,25200,11500,14.46
32,59363,6000,13.22
29,32000,9000,16.77
27,92300,17500,17.93
35,160000,24000,11.83
27,98000,17000,8.88
30,32004,5500,8.0
30,40000,3000,7.14
32,85000,7500,10.78
29,75000,6500,10.74
29,55000,12000,7.49
28,71400,5000,11.12
29,61000,15000,14.96
27,190000,22000,6.91
27,102000,15000,12.84
34,84000,9000,5.79
33,18720,3500,13.16
28,82500,11000,7.49
29,18000,3000,12.69
30,130500,25000,15.33
30,105000,24250,15.65
28,55000,5000,12.53
29,19200,4000,10.37
28,65007,25000,18.62
35,21600,2500,14.35
32,65000,5600,11.58
35,101400,4500,9.32
31,55000,8000,7.49
31,10800,2000,14.72
27,48000,2800,7.49
27,44630,10825,10.99
30,71000,8000,11.12
27,106000,4000,11.71
34,130000,5000,17.56
31,72500,8875,11.99
30,125000,5750,7.43
35,165000,8000,11.49
33,125004,12000,15.68
27,103000,8800,7.29
32,25200,5000,7.91
28,43500,4000,12.69
27,30000,4975,10.37
31,66000,2550,11.36
28,225000,9000,16.95
35,85000,20000,12.21
33,54000,32000,15.23
33,42996,8200,7.88
32,50000,9600,6.76
27,31200,14000,18.09
29,55000,4000,10.99
31,43000,13350,12.42
28,11029,2150,10.78
27,100000,5000,12.42
32,40000,4000,9.99
32,98056,6000,8.88
29,54000,7500,7.49
31,140000,12000,7.88
33,42000,12000,13.57
28,80004,12000,6.91
28,44500,20000,9.45
31,116400,8900,10.0
29,40000,25000,11.86
29,59000,6000,7.88
29,71000,4000,7.14
28,42000,12000,11.11
29,75000,12000,7.51
27,104000,12800,7.29
28,20000,4000,10.99
35,48000,2000,11.97
29,32000,10800,13.57
34,54000,10000,7.29
27,95000,18000,13.48
29,70000,10000,6.99
27,40000,6400,9.32
31,37000,22000,12.73
33,55000,3500,10.65
33,40000,15000,9.88
31,36000,10000,14.42
31,72000,9800,6.62
35,26000,8000,7.9
33,103000,9000,14.65
31,65200,7000,8.0
34,47300,12000,7.88
28,86000,15600,5.99
28,51000,20400,17.74
29,45000,10000,17.58
32,44500,15000,7.51
33,62000,3700,6.39
29,66000,7000,9.91
32,114000,6000,10.37
30,81120,18000,10.75
30,66000,11200,13.49
29,92000,20000,13.72
33,72000,4250,5.42
28,160000,23000,11.83
35,76000,1000,13.49
27,85000,3800,6.03
31,100000,20000,12.42
30,70000,7000,8.9
30,45600,6400,8.94
34,62000,28000,11.71
31,78996,6000,7.51
32,46000,9000,7.51
29,64000,15000,15.27
27,157544,35000,12.99
27,34000,16750,10.59
29,71000,12000,13.16
30,36000,15000,11.83
27,84906,4500,7.51
28,50000,14000,19.04
30,150000,21000,12.62
32,25000,3000,13.48
34,55000,2500,13.49
28,110000,11000,5.79
29,42000,5000,14.96
30,31000,12000,14.42
30,114132,14400,14.54
32,56000,10000,7.14
32,90000,20000,13.22
33,61000,6000,10.39
27,38500,3000,11.48
27,60000,7000,6.99
33,68736,1200,16.29
31,68000,13600,7.88
27,100970,20000,11.99
28,103992,18000,10.99
29,120000,35000,8.9
28,41000,4000,18.64
28,73992,20000,9.96
27,20400,5500,6.91
34,28800,2500,21.36
29,35000,4200,12.99
27,15600,2800,10.65
32,27000,4500,13.11
29,70000,4000,11.86
33,35000,10000,10.99
27,170000,12075,12.42
30,51000,4800,12.69
34,263004,25000,16.32
31,17676,2500,14.74
31,86500,25000,13.57
28,209000,15000,14.84
35,102000,20000,13.85
33,80000,6000,11.11
27,80000,20000,7.49
34,68000,15000,11.78
33,44400,2000,14.22
32,20000,4750,10.37
30,102540,1500,7.9
27,42000,3000,11.83
30,53000,12000,6.03
35,762000,10000,8.94
28,112000,6000,12.69
27,91800,25000,15.95
29,60000,25000,20.16
32,130000,12000,8.59
28,108000,20000,15.31
30,130000,7000,9.91
28,30000,3000,6.76
32,33600,8000,16.02
28,82000,15000,12.98
33,50800,10000,16.4
32,25000,10000,8.49
27,30996,5775,14.91
32,19000,8325,6.62
29,50000,9725,12.12
34,98000,16000,10.99
27,75400,6000,7.74
28,36000,10000,11.11
31,56400,7500,11.48
34,92500,13050,7.66
27,124100,10175,12.99
34,48000,8400,11.71
28,108000,27400,10.99
32,45000,4000,7.49
30,45000,5000,12.73
34,35000,15000,10.99
30,40000,5500,7.74
28,70000,7800,7.9
30,37600,15000,13.06
28,48000,15000,11.99
35,30000,6475,5.42
28,35000,3000,11.11
28,46097,6000,10.75
28,44500,10000,8.59
28,112200,7000,11.66
29,32000,6525,16.07
28,82000,16750,20.11
27,50000,8000,7.9
32,18000,4750,7.88
34,64000,8000,6.91
30,83000,20000,11.11
28,61000,12000,9.99
35,100000,10000,6.62
32,176000,2400,14.42
28,55000,20000,6.62
27,65000,18000,7.51
30,67092,9000,12.87
32,36000,2600,7.49
29,127000,24250,11.36
35,91000,10000,8.59
29,60000,14000,7.51
29,125000,10000,5.79
34,24000,2400,13.98
32,71000,14000,6.99
30,219300,35000,19.69
27,26237,12000,13.22
29,74360,8725,5.99
30,38000,6000,11.58
28,40000,14000,11.89
33,50000,10000,9.99
30,70000,15000,13.61
30,96000,6000,5.42
33,87000,9000,17.93
34,70000,20000,6.54
28,50000,15000,7.49
29,62400,8000,6.62
31,24000,4400,15.62
28,59004,8000,7.37
30,60000,6000,14.84
28,42000,4800,12.42
28,115000,2850,6.54
34,69000,12800,15.7
30,40000,9000,16.77
28,53000,7000,9.88
32,47900,11000,7.51
27,60000,15000,11.86
30,60000,8000,7.66
31,40000,14000,6.03
35,45000,6500,13.98
30,85000,4200,5.99
27,32000,5800,7.49
34,41600,17500,6.17
29,95000,2400,13.72
29,36000,12000,12.21
28,39000,5000,10.25
35,20000,5500,12.69
33,35000,6000,5.42
30,105000,15400,11.36
30,49000,8500,12.18
33,62000,8000,11.48
33,30000,6000,19.42
29,32000,8000,5.99
27,90000,16000,8.88
32,19200,5000,9.99
32,101000,15000,17.58
29,200000,16000,12.69
32,95200,15000,5.99
31,101000,20000,7.9
27,19498,9575,6.62
32,31000,7400,16.77
28,68000,2500,11.71
29,37500,3300,10.37
29,52000,10000,8.0
32,84996,9000,9.32
34,90000,24250,10.62
33,36500,10000,9.33
34,26400,3600,9.88
29,45000,12000,12.99
32,48000,5200,5.42
27,40000,20000,6.91
31,65000,7500,10.95
30,84000,12000,11.11
33,25000,3000,12.53
27,53004,5600,11.86
27,66300,21000,15.62
28,64049,20000,12.69
28,131040,10000,13.35
27,35000,10000,13.48
27,235000,28000,15.96
28,33600,3000,5.42
28,50400,18500,16.02
27,40000,7200,13.22
31,75000,10000,13.47
32,103000,33000,18.64
30,42564,15000,10.75
27,40000,8000,14.72
27,80000,20000,11.36
27,45150,18000,13.16
27,35000,8000,12.21
30,24000,5000,10.59
29,144000,16000,6.62
27,63000,9500,8.07
29,50004,1500,13.11
28,50500,5200,12.53
33,21600,10000,12.53
27,120000,7000,7.14
28,110000,15000,10.0
27,100000,12000,6.03
32,56784,12000,14.96
27,48000,4000,6.03
34,97356,20000,13.22
33,53000,12000,12.84
35,64000,14500,7.66
31,89000,10000,10.99
31,106000,2400,9.63
27,120000,14000,11.99
28,24000,5000,11.86
29,60000,13500,7.51
28,110000,12000,8.94
28,85000,8000,11.71
30,265000,24000,14.96
34,126000,9600,11.49
33,86000,15000,16.49
31,49000,5600,6.03
28,136092,8000,13.61
28,66725,9000,16.29
28,33400,16700,7.66
33,100000,25000,10.39
33,96000,8000,13.72
29,38004,1500,12.53
31,60000,22000,16.63
31,135000,15000,13.85
29,28000,10000,12.84
35,37000,2000,11.26
34,160000,25000,13.49
32,26400,8000,7.51
31,238000,12000,14.09
28,42240,12000,11.86
28,90000,12000,8.32
29,74000,25000,11.49
29,120000,17500,12.87
28,30000,7500,11.78
30,57000,4000,8.0
32,227500,25000,12.53
27,54000,12000,16.49
34,77000,35000,18.25
34,84000,9250,11.36
28,66920,5000,14.26
30,71400,9600,12.61
35,39996,15000,14.42
31,60000,15000,11.71
29,50000,5050,12.73
30,200000,10000,8.59
29,27000,5000,6.76
31,78504,10000,11.41
33,32004,4000,8.32
27,120000,8400,7.14
30,30000,5100,7.9
31,80000,15000,10.95
28,45000,9000,14.65
35,60000,4000,13.98
33,160000,22000,10.75
29,76596,17600,13.16
27,78000,6000,12.18
28,126000,12000,11.71
32,120000,6600,7.49
27,45727,1000,16.29
27,120000,11050,12.69
28,44000,8000,10.59
29,260000,20000,10.37
27,69790,18000,10.25
29,60000,8500,6.92
33,21996,9250,12.87
29,50000,21850,12.42
33,49548,2800,12.84
30,148000,10000,13.55
28,60000,6000,10.99
28,59600,5000,5.79
33,60000,9000,8.49
27,31200,7500,7.74
27,258000,35000,18.64
29,55000,1200,9.99
32,53408,1400,10.99
28,59000,5000,7.14
30,33000,1000,14.79
29,50000,6300,6.62
35,27996,8500,11.58
31,73000,16000,19.41
30,34000,4000,10.95
31,72000,21000,11.99
34,42000,2000,5.79
30,66888,15000,12.23
35,85000,8400,11.99
27,146000,2500,8.49
29,66000,3150,15.62
29,46344,3500,11.36
29,97000,25000,10.37
29,63000,10000,7.49
28,13500,6700,9.63
28,50176,5000,10.59
34,80300,15000,12.73
29,53000,5000,5.42
27,90000,7500,7.51
27,75000,14000,9.63
30,55000,6500,10.99
30,120000,7500,15.65
31,68000,18000,10.0
35,65000,20000,10.25
29,50000,3000,7.29
29,33000,1700,15.23
33,76248,10400,7.66
29,85000,10000,7.88
28,73200,12000,8.9
30,60600,3000,7.12
27,90000,10000,7.49
27,40000,12000,10.37
28,12000,2400,12.68
27,30000,13000,7.88
32,348000,25000,11.83
27,70000,10000,10.65
32,75000,12800,14.74
34,36000,4000,13.61
29,62532,9000,13.49
28,82300,3600,9.63
27,80000,5000,8.0
29,44991,5000,14.72
31,60000,24250,12.18
28,92000,24500,18.3
31,151000,21000,11.97
27,115000,12000,7.29
30,144000,6000,8.49
29,73000,12000,7.29
32,70000,9850,7.75
31,35352,9000,6.03
28,77385,6000,7.66
33,135000,17500,11.83
27,80000,7400,12.69
27,52000,22950,13.49
28,33000,7500,15.31
32,27000,6000,12.73
32,34000,4000,7.49
34,180000,12900,12.99
32,65000,12000,13.35
32,74000,15000,11.11
32,78000,13000,12.87
30,73000,5500,9.99
29,75000,4000,10.75
30,20520,5000,9.99
27,58000,4600,13.99
31,82000,9000,5.42
28,33288,10800,12.09
29,74872,15000,7.88
27,62400,12000,5.42
29,40000,14150,12.69
29,60000,5600,12.42
27,60000,6000,11.48
27,29120,4000,10.75
28,51043,2100,12.29
29,40000,5000,6.99
27,70176,9000,7.88
28,56000,5050,12.29
29,105000,12000,7.88
30,52800,2400,9.62
35,43000,1200,13.8
29,16800,5000,6.92
27,38000,5000,9.76
27,66240,5000,5.79
30,180000,6000,6.62
30,66000,15000,11.14
32,38000,12000,12.42
27,45600,1450,8.49
28,107364,8000,6.76
34,67392,15000,13.85
28,100000,13000,8.59
35,29400,6150,12.21
29,62500,5000,11.36
30,49110,19775,12.42
28,28800,2000,10.59
27,65000,8000,7.49
33,29000,10000,13.06
34,30000,4300,7.9
32,140000,5000,10.38
27,75000,7500,8.9
32,84456,10000,9.88
34,90000,5000,13.61
27,39480,7200,13.79
29,62000,12000,7.51
28,29000,10000,16.77
28,28320,8700,14.61
29,118400,35000,7.9
28,25000,5000,7.51
27,55200,4000,6.76
28,47004,10000,13.61
31,85000,16000,11.34
31,80000,6000,7.4
31,90000,12000,6.92
33,143004,10000,6.99
27,50000,10750,13.48
27,65000,5000,13.99
27,51298,1000,10.37
35,36000,7000,6.91
31,54050,12000,10.99
32,50000,8000,7.49
34,60000,10500,15.68
27,20000,6000,13.11
35,32000,14500,6.17
33,612000,5950,12.73
33,110000,10000,13.57
31,50000,10000,10.71
28,81000,6000,6.17
34,47700,9000,7.14
31,24996,10750,12.53
33,96000,9000,7.49
31,45000,14000,7.91
30,28000,6300,11.99
28,115000,5000,7.51
33,30000,7500,11.86
35,72000,12800,6.62
29,153000,17600,8.7
30,57996,8400,12.98
32,250000,25000,14.59
34,40000,25000,10.25
27,65000,28000,7.9
35,54000,9000,14.46
31,47700,12000,11.99
31,351699,10500,15.7
30,34000,2400,15.57
27,48000,10000,10.62
31,95000,15000,11.14
31,96000,10000,9.99
29,39000,16000,5.99
28,75000,5000,7.88
33,37000,13000,10.36
28,30000,10000,10.38
27,38400,5000,9.88
31,77940,16250,10.99
28,140000,7400,6.03
31,47500,10000,15.96
32,45000,6400,7.49
27,50000,12000,10.37
32,38000,6350,5.79
35,90000,12000,10.99
32,200000,25000,10.62
27,120000,7000,6.76
27,56000,14000,10.65
28,44000,16000,13.48
33,92000,20000,13.06
32,107800,5200,14.65
35,250000,15000,9.88
28,90080,5500,7.49
32,120000,5600,10.75
27,120000,25000,16.07
28,68004,15000,13.16
34,56000,5000,8.9
32,35000,4000,13.61
31,95000,2500,13.72
30,42000,2250,8.88
27,25000,8000,14.84
30,69996,2000,10.65
28,30000,3900,11.99
35,17280,7200,12.36
29,33000,5000,8.9
27,70000,20000,11.48
27,31200,12300,12.53
28,24000,1500,7.14
27,30996,2600,14.74
28,30000,12000,5.42
35,31000,15000,13.16
27,110000,18000,9.91
28,30000,14800,11.14
27,88000,9000,6.91
34,33666,8000,17.49
32,35000,5500,11.49
28,40000,10500,14.27
31,20500,1000,6.76
28,25000,12000,9.83
27,51000,18000,7.49
29,54000,14800,15.31
27,43200,10000,7.49
31,62000,6550,5.79
30,54000,5000,12.61
35,30000,3000,10.65
28,56000,20000,18.25
28,39000,3600,16.29
31,30372,20200,14.74
27,44000,6400,13.85
33,59450,3000,10.38
30,138000,23975,17.93
33,40000,11175,14.96
28,100000,8000,13.98
29,120000,5000,14.09
33,125000,20000,7.88
33,135000,6275,6.91
30,135000,25000,15.21
33,400000,15000,6.03
34,75500,19200,16.77
29,24960,4000,5.42
27,136000,5000,6.17
29,48000,4500,5.42
27,60000,10000,13.22
33,63996,3200,5.42
33,170000,21000,14.26
28,69000,20000,14.91
27,24000,2800,10.95
31,85000,18500,7.51
33,123000,12000,11.83
28,24000,8875,10.65
27,19200,1400,16.77
28,52000,13600,7.88
27,49000,4000,10.59
29,55400,7000,10.28
35,40000,5000,6.92
27,44004,10000,6.92
28,50000,8000,5.99
29,61455,10000,18.09
27,20000,8000,11.89
29,40000,8000,8.59
30,54000,5000,15.13
29,48000,10000,7.51
35,90000,11000,11.99
28,38000,3200,9.63
27,98004,10000,6.54
30,9600,1500,12.73
31,60000,25000,8.9
30,50000,2000,14.79
28,604000,25000,9.01
29,72000,15900,13.04
27,60000,1800,11.46
30,120000,11000,6.03
29,92004,10000,9.63
31,24000,6000,8.49
31,78000,14000,9.63
33,50000,9000,7.51
30,78000,26000,15.96
31,50000,12000,6.03
28,55000,18000,7.9
29,92000,10000,11.26
27,28800,3000,7.88
27,35000,10000,9.88
29,89849,6000,13.98
30,300000,35000,10.59
31,56000,8000,8.59
34,30144,18000,12.84
32,48000,3600,6.92
28,48000,5000,15.27
34,48989,2400,7.14
27,57240,15000,11.99
28,60000,15000,11.99
35,24960,1400,8.49
29,47133,5100,11.86
33,39504,3000,7.37
34,480000,14000,14.61
28,60000,4600,7.88
27,34152,5000,13.79
29,30000,6000,5.79
28,48000,4000,14.35
29,74000,16000,13.11
29,89520,8000,13.23
28,64600,5000,8.94
32,75000,2000,15.65
32,240000,8400,7.51
29,48712,11050,5.42
31,124992,24000,8.49
27,44000,6000,13.23
27,44000,13650,10.65
31,54000,15000,8.49
27,132000,20000,12.73
33,24000,10000,8.9
27,49000,8500,10.59
33,120999,15200,13.61
34,60000,10000,13.57
28,56100,8400,7.51
27,84000,12000,13.16
31,69000,16000,5.99
31,50000,4800,6.03
31,20000,5000,11.83
27,64000,5000,12.99
30,96000,17000,10.62
29,118374,3500,13.49
32,100000,14400,13.35
30,49000,5000,15.31
27,78200,35000,17.99
31,96000,9600,5.99
29,97000,12000,11.83
27,69000,4000,11.49
28,21000,6250,7.9
29,69000,6000,11.12
33,37440,4400,11.71
30,60000,20000,6.17
27,61200,5000,11.86
33,81000,7500,10.08
34,30000,4200,5.79
30,50000,5000,5.99
33,54000,10000,10.99
33,87000,5000,14.96
27,82500,11100,8.94
28,62040,13400,13.06
33,44000,2725,12.18
35,28080,9600,13.57
27,150000,10000,8.59
34,60353,8500,10.65
31,42000,7200,9.99
28,66000,6500,5.79
32,29100,10000,15.95
34,40000,5000,12.53
28,62352,3800,6.62
34,30636,10000,10.37
32,29500,7000,10.0
31,30000,6600,16.49
31,77000,10000,14.65
28,48715,12000,12.87
28,79536,16425,7.9
28,80000,21000,11.36
28,75000,15250,11.34
30,30809,11200,11.99
35,53500,10000,9.91
28,48000,2000,14.96
35,48000,17000,7.88
33,53000,2500,9.99
35,32900,4800,13.23
34,135000,20000,17.74
33,115000,25000,11.86
29,68004,18000,10.0
27,38000,4500,9.99
28,82500,11000,16.35
29,48000,10000,10.62
31,24000,3000,7.49
30,39000,2300,8.59
29,92000,12000,6.62
35,123000,25000,17.19
35,66000,3000,6.03
28,64000,10000,11.66
29,42000,18000,14.65
33,140000,9600,6.91
34,35100,9000,13.47
34,50000,4000,8.9
34,51621,3500,11.49
28,61000,12000,6.03
32,50000,2500,13.49
28,48996,15000,14.09
34,225000,3000,13.35
34,75000,3000,7.9
31,51500,19000,14.83
29,48000,17375,14.27
31,111000,5150,6.62
29,83000,7500,8.9
27,69996,10800,14.91
34,45000,12000,11.86
34,30000,12000,8.9
34,109200,6000,12.23
27,75288,18050,10.0
29,40000,3600,8.59
32,37000,6000,10.36
28,59000,14000,10.36
34,52809,13000,10.62
32,40000,16000,5.99
31,79100,19150,6.99
32,99996,7000,7.14
30,78000,15000,14.96
31,99000,12000,14.26
29,28800,1400,7.9
32,54000,7125,9.99
33,90000,12000,12.98
29,150000,15000,16.32
29,28000,5000,16.07
30,44760,3300,11.71
27,62900,24250,15.31
28,65000,7200,13.98
28,20000,4000,13.11
29,19200,2000,5.99
30,85000,10000,6.62
31,100000,15000,9.63
28,40000,3600,6.99
34,54072,7000,11.89
30,45000,13250,7.9
29,33000,4200,11.36
28,108000,5000,12.87
28,30000,3000,7.29
29,72500,7000,13.79
30,48996,10000,15.45
28,37090,3000,11.12
32,115000,4000,12.69
34,138000,25000,11.12
29,91560,22000,6.91
30,120000,10000,17.04
31,78000,20000,14.26
27,44640,12800,11.83
29,158000,11000,8.49
29,45000,8000,12.21
34,27000,2525,12.21
27,48000,25000,10.59
27,58000,5900,9.32
29,18000,1700,11.12
28,55704,8400,7.51
32,66300,6075,6.03
32,64000,10000,12.69
33,45000,12000,7.88
27,32220,17725,11.49
29,74100,4500,13.61
29,35000,10625,7.9
32,45000,3000,12.61
27,62000,3275,9.33
31,200000,7800,9.63
29,47000,5000,10.62
29,37920,12000,13.48
28,48000,12000,14.54
28,34000,9600,10.99
29,69996,2400,11.11
33,75000,6000,7.51
28,99996,10000,5.42
32,65000,3625,6.03
33,66000,6400,14.96
28,73000,15000,11.83
34,135000,15000,5.42
31,160000,3600,15.23
33,21000,7750,11.83
32,40000,7500,5.99
29,40000,7000,14.91
30,140000,15000,16.35
32,60000,6000,6.62
33,68508,7000,8.0
35,78000,10000,6.54
31,33600,15250,12.53
34,32000,2275,6.17
30,28000,12000,14.22
28,48000,3000,11.99
27,48996,12000,12.53
29,90000,10000,12.21
34,18000,1500,11.48
29,28550,4000,10.59
28,42000,10000,10.75
30,94000,10000,14.27
27,180000,8000,13.23
27,45000,7600,14.59
33,58800,3000,11.49
35,50000,7000,11.49
31,60000,19400,18.53
28,40000,9000,12.53
29,16800,2750,14.84
27,56253,10000,11.36
34,38000,10000,8.94
30,53004,14000,15.28
32,40100,7175,12.99
29,480000,6500,5.42
30,80000,6000,14.17
29,27840,8575,19.42
32,91800,8400,15.99
30,96000,8000,6.99
28,54000,12000,15.31
29,25000,10000,13.49
27,45600,3000,6.99
33,75653,20000,17.58
27,63844,20000,6.54
35,120000,12000,10.99
33,30000,6500,8.49
28,50000,16200,13.99
27,84000,7000,7.29
28,50000,3000,10.37
28,78000,12000,10.62
27,60132,10000,10.62
35,80000,15000,15.99
28,215662,21000,11.99
27,120000,16000,12.21
34,135000,8000,9.32
28,120000,14400,10.74
27,127000,21000,10.99
27,92000,18000,11.48
31,56839,9000,15.33
28,124886,5000,11.99
29,36100,14000,14.27
30,90000,18000,8.49
29,40000,5000,5.42
29,50000,3575,11.49
27,104371,15000,16.77
33,98000,20000,6.91
29,37100,3000,16.82
28,125000,8000,11.14
29,142000,24250,11.48
27,125000,8000,6.76
34,38769,2400,8.9
28,65000,10000,7.49
34,55000,7000,13.49
34,70000,6000,11.89
27,72000,6000,5.42
27,140987,6450,5.99
28,56864,12300,7.88
34,42000,18825,7.9
30,100000,1000,11.71
29,57600,6000,9.91
28,72000,16000,15.95
33,24000,2000,14.35
27,110000,3600,6.03
30,24414,5000,6.91
28,30000,10500,8.94
30,51996,3200,6.99
29,120000,6250,12.53
32,110888,10400,9.91
27,47900,7500,13.47
30,90000,18000,8.94
31,77500,10000,16.49
33,97000,7000,12.98
27,56888,8000,16.29
30,40000,2500,5.79
35,106369,8325,6.99
27,67000,2800,13.04
31,101000,7500,13.22
34,220000,11275,12.99
30,95000,4000,5.99
34,80000,5000,6.17
27,36400,9000,7.49
33,36000,5000,8.49
30,65000,20000,16.77
33,45000,8000,16.49
27,129700,10000,6.54
34,53500,3200,6.76
27,78000,5125,8.59
33,82000,6000,7.51
28,43200,3000,7.49
28,31000,3600,14.11
32,89000,12000,8.94
31,83000,18000,19.74
29,61656,15000,6.91
32,30000,11450,9.99
31,26010,6500,9.99
30,52000,14675,9.63
36,1200000,10000,6.54
50,900000,30000,12.69
37,80000,35000,11.99
39,708000,25000,12.18
36,700000,25000,12.53
40,540600,35000,15.99
37,85000,35000,8.9
43,500000,25000,12.61
41,480000,16000,7.9
40,133000,35000,14.54
36,408000,35000,7.9
37,408000,6000,12.61
43,400000,28000,9.91
43,350000,18000,11.49
46,336000,9000,11.49
43,74000,30600,18.79
38,306000,15000,10.62
47,305000,10000,13.43
46,305000,20000,17.93
42,300000,10000,17.27
37,55000,30000,9.91
37,300000,25000,11.49
36,90000,30000,15.99
36,280000,5000,14.26
37,220000,30000,9.91
41,268000,24000,10.37
43,267000,21000,12.69
37,260000,20000,14.96
36,250000,31400,14.27
44,12000,2000,9.88
41,250000,5000,9.99
36,250000,20000,7.88
41,250000,4200,13.11
36,250000,4000,7.14
48,228000,25000,15.31
45,85000,26000,14.27
40,233000,15000,11.83
43,230004,25000,15.58
42,47000,25000,12.18
45,225000,22200,12.69
41,225000,35000,15.62
40,176800,25000,10.99
40,210000,20000,6.17
42,210000,16000,13.47
45,210000,12000,9.63
41,49000,25000,17.04
38,202000,15000,12.04
40,201400,12450,12.23
45,60000,25000,9.99
38,200000,25000,7.9
50,200000,7000,10.99
37,200000,6000,5.42
39,200000,4800,7.49
36,200000,14000,7.49
37,200000,25000,15.57
36,200000,25000,15.2
41,200000,1000,10.38
37,200000,25000,10.75
39,200000,18000,10.99
41,66504,25000,17.56
38,200000,20000,11.48
44,72136,25000,19.41
38,192000,5600,7.9
37,192000,25600,5.99
46,192000,25000,14.79
36,192000,20000,11.48
36,69000,25000,14.59
44,189996,8000,13.16
36,14400,7000,5.42
36,174462,20000,17.04
37,186000,3000,6.39
46,185000,20000,11.36
43,180000,6000,14.27
36,84000,25000,12.87
36,84996,25000,11.86
36,180000,24000,9.99
45,180000,10000,5.99
39,78000,25000,16.02
45,82800,25000,12.87
36,175000,11800,7.51
38,175000,21000,9.99
37,97000,25000,19.41
37,88000,25000,19.66
36,15000,5000,13.92
37,15000,5000,7.74
47,90000,25000,15.65
37,175000,15000,9.76
37,174996,6500,13.35
37,94000,25000,13.11
44,171996,25000,9.62
41,171194,25000,11.12
37,170004,25000,16.45
37,110000,25000,10.99
40,98004,25000,19.04
46,170000,7200,9.91
39,170000,32000,7.49
39,170000,17000,12.99
36,103000,25000,12.53
38,124499,25000,13.06
39,100300,25000,15.7
40,15600,4000,15.7
36,127000,25000,14.59
47,165000,19800,15.65
40,158000,25000,16.82
38,16500,2000,13.23
36,430000,25000,13.8
48,16800,3300,10.99
37,160000,24000,6.54
37,76066,24250,15.65
42,68850,24250,15.58
36,148000,10000,14.11
39,78200,24250,16.0
50,118000,24250,13.92
36,135000,24250,12.87
40,45000,24000,10.65
38,17108,4375,7.51
38,17280,1000,16.29
39,55059,24000,12.53
38,60000,24000,13.85
36,17640,5875,7.9
39,17721,3975,11.97
39,17760,4375,5.42
36,72800,24000,14.09
39,67000,24000,15.31
36,78708,24000,11.12
38,81000,24000,8.49
43,97500,24000,10.99
36,100300,24000,11.99
48,130000,24000,9.91
41,60000,23800,6.91
39,64000,23500,14.26
37,18000,1500,13.47
40,83000,23000,12.36
42,67147,22400,14.11
38,83000,22250,23.22
47,38400,22000,18.78
38,56524,22000,10.75
43,72000,22000,10.62
42,82000,22000,10.99
46,91000,22000,18.79
39,119000,22000,11.49
40,167000,22000,10.99
37,40000,21250,12.99
36,42000,21000,7.49
39,58000,21000,10.83
36,59000,21000,14.11
36,80000,21000,11.36
37,92000,21000,11.63
39,110000,21000,11.11
39,19404,6000,11.14
38,200000,21000,10.37
39,48000,20500,14.59
36,69996,20400,10.37
37,69996,20400,13.06
36,38000,20000,12.41
37,20000,3000,12.69
48,39915,20000,7.49
45,37000,20000,11.71
36,45000,20000,11.36
36,48000,20000,13.61
37,42000,20000,14.25
50,44000,20000,20.4
38,50000,20000,13.85
37,45000,20000,12.53
43,20000,5000,7.14
40,45996,20000,14.61
39,62400,20000,12.68
38,64700,20000,11.11
39,65000,20000,10.74
37,65000,20000,10.25
37,65000,20000,16.71
36,65004,20000,15.33
38,66690,20000,14.59
38,21000,3000,13.43
39,72000,20000,12.69
41,75000,20000,11.14
39,21600,6000,6.03
36,76464,20000,13.22
50,76500,20000,11.99
38,21600,4750,15.23
36,21600,2100,8.49
41,21600,3500,13.61
36,22000,8000,6.99
36,84000,20000,9.64
40,73100,20000,14.54
36,103000,20000,13.79
38,110000,20000,6.91
40,110000,20000,10.38
41,110496,20000,6.91
37,108000,20000,16.32
37,120000,20000,13.47
39,23000,6400,8.9
41,150000,20000,19.47
39,150000,20000,10.08
45,23000,7000,7.29
40,23004,7750,7.88
36,23004,12000,11.48
40,14400,1000,9.25
41,23396,10000,10.38
47,18000,1000,14.84
38,48384,19000,14.96
38,23868,7750,12.53
36,24000,6200,10.65
37,103000,18550,7.88
38,24000,1500,6.03
38,40000,18225,12.42
42,45000,18200,10.83
37,58000,18200,10.99
43,36480,18000,11.71
37,43200,18000,8.88
43,50000,18000,14.35
45,24000,4000,13.49
45,48500,18000,13.85
40,55000,18000,7.88
39,70000,18000,11.14
36,24000,4000,14.72
38,77000,18000,10.65
43,62900,18000,17.27
38,81000,18000,10.59
36,82000,18000,13.22
48,82500,18000,7.51
40,85000,18000,11.48
43,90000,18000,13.11
36,125000,18000,11.11
36,130000,18000,11.71
44,24000,5000,14.74
39,168000,18000,17.93
36,24000,1500,9.63
50,85000,17500,13.49
38,51000,17000,10.38
49,70000,17000,11.71
46,72194,17000,8.88
42,75000,17000,7.9
40,95000,17000,10.0
49,86400,16875,7.51
37,25000,10625,13.06
36,25000,11500,7.29
38,47000,16500,7.9
43,25000,10000,9.62
36,72000,16500,13.61
48,92000,16500,12.69
36,36000,16000,8.9
44,36000,16000,11.49
41,45000,16000,12.99
36,25000,3000,8.7
36,44000,16000,14.65
50,50000,16000,7.9
36,25200,8700,12.23
42,54000,16000,12.87
38,60000,16000,13.22
39,65000,16000,11.83
39,67000,16000,10.99
39,70000,16000,7.9
40,70000,16000,11.99
48,71004,16000,9.25
49,69000,16000,14.96
38,25000,1000,8.0
37,26000,6000,8.59
36,27600,1000,11.49
46,35000,1000,7.9
41,26400,10300,16.29
45,38400,1000,14.72
40,39960,1000,15.23
37,44000,1000,5.42
36,42000,1000,7.51
38,61000,1000,9.45
41,26400,6000,12.21
44,26500,6200,6.03
45,26748,4000,7.88
36,26880,4500,7.66
36,16800,1200,13.06
39,18300,1200,14.74
36,29000,1200,12.42
36,27000,6000,7.14
41,57000,1200,15.99
37,85000,1200,8.9
45,27012,6000,5.99
40,27040,6925,9.99
39,27040,4800,8.59
38,37500,1375,6.91
38,27500,4700,13.92
37,26400,1500,6.91
41,27340,1500,12.99
48,29004,1500,7.51
42,30132,1500,12.98
40,30996,1500,13.72
50,29000,1500,10.39
42,35004,1500,7.37
41,35400,1500,12.87
41,32004,1500,14.74
48,33500,1500,14.74
36,28000,3075,15.62
39,39000,1500,10.36
40,49788,1500,9.32
45,52000,1500,8.94
44,28000,3500,8.94
48,28000,7500,7.74
41,55000,1500,5.99
41,63000,1500,8.0
45,74600,1500,13.61
38,80000,1500,11.49
36,89004,1500,11.36
40,90000,1500,14.27
37,28500,1800,6.76
42,14000,1700,13.16
44,27000,1700,6.99
39,28650,8000,10.37
37,44000,1700,10.59
40,19200,1800,11.99
37,27000,1800,11.36
36,45000,1800,14.27
36,28800,5375,11.11
39,44000,1800,14.91
37,28800,4000,6.54
37,50400,1800,8.9
37,51000,1800,7.51
36,156326,1800,8.0
42,40000,1950,11.86
36,90000,1950,12.42
48,15000,2000,12.84
47,18000,2000,7.29
39,18996,2000,7.88
45,19200,2000,8.49
48,19632,2000,13.47
43,29004,5000,7.88
42,20400,2000,20.99
46,29004,10000,11.58
39,24000,2000,10.99
39,29280,1800,7.37
41,24000,2000,7.75
36,29500,1250,11.83
37,26500,2000,13.16
39,29894,8000,9.63
48,30000,2100,12.42
44,102000,15000,8.94
46,102000,15000,13.22
44,108000,15000,13.57
37,30000,4800,16.29
36,120000,15000,12.99
38,225000,15000,15.62
37,63000,14900,9.63
36,30123,2000,14.26
41,32496,2000,10.99
48,32500,2000,17.27
38,33000,2000,16.89
45,30000,1000,15.23
43,60000,2000,12.53
44,65000,2000,7.9
43,69000,2000,8.9
43,85000,2000,6.62
40,30000,5000,13.43
38,34800,2100,14.72
38,9732,2200,9.63
39,34000,14000,17.58
36,54000,2225,10.59
39,30000,2300,14.79
46,30000,3050,7.88
38,22000,2350,14.17
37,40080,2350,7.88
36,13440,2400,17.49
49,15000,2400,9.91
39,30000,7200,14.96
36,21996,2400,14.11
37,24500,2400,11.71
39,32280,2400,8.88
36,32000,2400,18.79
36,38568,2400,18.39
37,45000,2400,9.91
36,57110,2400,10.0
36,60000,2400,5.79
37,100000,2400,9.99
38,30000,10000,11.22
37,30480,1200,11.99
44,100000,13500,8.9
39,201000,13500,11.49
36,33481,13475,15.68
39,62692,13200,9.88
42,31000,7200,11.99
40,63000,13050,11.48
42,36000,13000,12.73
38,31200,5850,13.49
37,31200,3000,9.99
45,22178,2500,5.99
42,26568,2500,10.37
36,31000,2500,8.9
42,32004,2500,7.49
36,36000,2500,9.76
36,32000,5300,10.65
47,48000,2500,14.65
37,48000,2500,9.62
36,32000,12000,10.37
36,32000,5000,8.88
39,59000,2500,18.78
36,60072,2500,11.49
39,68000,2500,7.88
47,72000,2500,15.05
38,80000,2500,10.99
44,117300,2500,7.29
40,24000,2800,7.88
41,19200,2950,16.49
36,10800,3000,16.77
48,32304,15000,9.63
37,14400,3000,13.61
37,32400,8000,15.99
36,32400,6600,13.24
38,18000,3000,13.23
36,32642,8500,11.49
40,21600,3000,14.09
37,21600,3000,12.18
47,30000,3000,12.23
36,30000,3000,10.38
37,30000,3000,11.03
36,31200,3000,12.42
42,32000,3000,6.99
47,30000,3000,12.99
37,40000,3000,11.71
42,38000,3000,17.56
43,46000,3000,11.71
39,47004,3000,11.49
47,33600,10000,5.42
37,48000,3000,6.99
38,49000,3000,7.51
36,50000,3000,11.26
37,50000,3000,11.58
36,48686,12000,13.99
47,33888,7000,7.49
39,50000,12000,11.71
36,34000,5000,10.65
45,50400,12000,12.87
40,51500,12000,12.53
47,52000,12000,11.99
40,53000,12000,7.88
40,54000,12000,10.62
45,55000,12000,9.91
39,49000,12000,14.59
41,55000,12000,12.53
39,34000,5200,9.76
37,55200,12000,11.71
46,56500,12000,10.37
40,53000,3000,9.32
43,54000,3000,8.94
38,34800,6250,7.49
39,55000,3000,10.2
40,57000,3000,10.0
42,58752,3000,10.01
40,54000,3000,16.89
36,35000,12000,8.9
37,60000,3000,12.53
40,35000,5600,10.65
36,62000,3000,8.9
40,64200,3000,7.74
37,64680,3000,12.53
50,65000,3000,10.99
36,35000,7500,16.29
38,35000,4800,7.51
40,69996,3000,10.75
36,29000,4000,8.49
40,74500,3000,14.27
44,79272,3000,5.79
41,85000,3000,13.49
37,88000,3000,7.4
39,94000,3000,10.99
39,97000,3000,9.25
38,35000,13075,7.29
40,35000,4000,10.37
41,35000,1500,13.06
39,360000,3000,11.48
47,65000,3100,13.49
36,50000,3125,13.47
36,53000,3150,15.27
41,35000,1500,10.38
37,33888,3200,12.86
41,42000,3200,12.18
36,88000,3200,10.99
42,35000,2000,7.37
49,23004,3250,15.21
39,28800,3250,14.72
43,125000,3250,7.49
40,35820,3275,8.88
48,35004,3300,6.39
38,55000,3325,16.89
41,35100,4650,7.88
36,35256,5000,5.99
43,35300,10000,10.25
42,29000,3450,8.0
36,16107,3500,10.36
38,20640,3500,12.61
42,35010,3500,12.68
39,36000,7125,7.9
44,37000,3500,12.87
43,36000,5000,9.91
39,38400,3500,12.99
41,39000,3500,13.11
41,36000,2500,7.9
36,36000,15000,7.9
37,36000,12000,6.03
38,43000,3500,11.83
48,36000,8000,6.99
37,44000,3500,13.61
37,36000,9000,7.49
36,53000,3500,9.32
38,36000,6000,13.99
44,30000,4500,15.62
44,36000,12000,13.99
39,30500,3600,7.68
37,35496,3600,10.37
38,36000,18000,10.38
44,36000,1000,7.51
36,37200,11000,12.73
40,38000,11000,10.37
37,36000,8000,7.88
41,48000,11000,7.66
44,36000,1000,11.48
39,42000,11000,13.55
36,36000,12000,9.63
46,60000,11000,9.91
44,62000,11000,8.07
44,61000,11000,16.02
43,70000,11000,7.29
38,36156,8500,12.21
38,108000,11000,13.49
40,96050,11000,16.77
37,47908,10950,5.99
36,55000,10900,12.42
44,124800,10875,7.14
39,38400,10850,10.99
44,35000,10825,10.65
37,30000,10800,12.21
36,33000,10800,14.96
47,56004,10800,10.36
41,60000,10800,10.74
41,69350,10800,5.42
38,70000,10800,12.21
37,77000,10800,7.14
39,119000,10800,7.49
37,41000,10750,15.37
37,37000,4000,10.59
41,37000,6000,12.99
40,117000,10625,11.14
40,29000,10500,7.51
36,37000,7000,6.91
38,51504,10500,12.53
47,37000,7400,8.0
43,36000,10400,7.66
43,90000,10400,11.49
37,42500,3600,7.88
36,37400,6250,6.0
40,37440,10000,11.14
46,54250,3600,10.0
45,37500,5000,11.49
39,60000,3600,5.99
38,37500,12000,13.47
36,37500,10000,9.32
37,68480,3600,15.23
36,74000,3600,15.62
41,31000,3700,16.32
50,36996,3800,12.53
39,60000,3800,10.37
42,32000,10000,10.59
36,85000,3825,5.42
40,13273,3850,9.99
37,12360,4000,9.99
38,17600,4000,16.0
45,19200,4000,10.0
37,20800,4000,19.41
41,21600,4000,7.51
37,22000,4000,10.0
38,22000,4000,12.68
41,24000,4000,16.07
45,38268,8400,12.18
42,26280,4000,9.99
37,38400,7000,7.9
36,27600,4000,11.86
44,38400,6825,8.9
40,28800,4000,10.74
37,29536,4000,11.89
37,38400,2400,6.99
36,30000,4000,10.74
36,38400,10000,6.17
45,31200,4000,14.96
44,32004,4000,14.35
39,38500,3500,13.98
36,34000,4000,14.59
45,34800,4000,13.49
36,30000,4000,17.99
44,36000,4000,15.2
43,39000,8000,9.99
36,39000,7000,5.79
43,39996,4000,10.99
38,40000,4000,11.49
47,39000,5600,8.59
37,35000,4000,9.32
41,42000,4000,13.43
37,39480,8000,8.49
41,43000,4000,13.23
36,43000,4000,13.92
40,39500,10000,7.29
36,39520,5000,5.79
37,49000,4000,9.25
37,39700,15000,13.23
38,50000,4000,7.88
48,50004,4000,7.68
37,39960,5600,6.54
38,45000,4000,11.49
40,51000,4000,11.12
42,39996,2500,5.42
45,55000,4000,6.03
41,39996,1200,15.21
37,61260,4000,14.82
36,73000,4000,11.12
38,74000,4000,11.26
37,40000,17500,7.9
41,75000,4000,16.29
36,76000,4000,17.39
44,40000,8000,6.62
40,28800,4200,14.72
39,40000,15000,5.42
46,50000,4350,10.99
38,40000,9000,7.49
38,34000,8000,15.62
36,40000,14000,10.99
37,40000,16000,10.99
36,20004,4375,10.74
38,24000,4400,14.09
36,40000,4000,18.07
36,40000,6000,8.49
38,40000,10000,5.99
39,40000,1000,10.37
45,32000,4500,7.51
46,35004,4500,12.68
46,40000,12000,6.91
44,35000,4500,14.59
38,42000,4500,6.62
41,40000,1500,10.36
37,45600,4500,11.86
43,50000,4500,10.74
36,40000,5000,7.88
39,52000,4500,11.99
40,53000,4500,6.03
38,65000,4500,13.43
43,67000,4500,5.42
39,84998,4500,10.99
39,110000,4500,13.49
50,35880,4600,12.23
41,45840,4600,10.99
50,40000,8000,7.88
47,40000,6000,7.74
43,40000,18000,11.83
36,14004,4800,15.28
38,40000,4000,12.21
39,24000,4800,7.49
37,30960,4800,11.49
36,40000,5000,8.0
38,33600,4800,8.49
40,40008,12000,11.71
38,40246,12000,8.9
37,36000,4800,10.75
38,40320,15000,16.07
46,40452,4000,11.71
36,40500,7475,5.42
37,40800,2875,11.99
37,40800,4000,13.49
36,40800,7200,16.32
42,40800,10400,7.51
39,40800,3500,8.59
37,55000,4800,8.9
46,60000,4800,12.12
39,56000,4800,16.7
39,64000,4800,12.73
37,59000,4800,14.54
42,41000,10000,10.99
36,41000,6250,10.62
49,80000,4800,7.88
48,92000,4800,7.88
43,41000,6000,13.22
40,41000,6000,12.53
45,107473,4800,12.23
41,41004,10000,11.99
37,95000,10000,7.88
39,83400,10000,16.4
38,96000,10000,19.04
42,100000,10000,13.55
38,112000,10000,11.26
37,103000,10000,15.62
49,115000,10000,10.37
37,117000,10000,7.66
49,41869,8000,7.14
36,120000,10000,11.49
38,120000,10000,10.28
41,121200,10000,6.03
47,126000,10000,6.91
37,135000,10000,7.74
42,42000,12000,6.03
49,42000,3000,8.9
36,166000,10000,7.88
40,73000,9975,16.29
36,24168,9925,13.06
36,55200,9900,14.84
43,42000,7775,5.99
38,42000,5600,9.99
36,42000,6000,10.59
37,42000,3000,15.23
39,67000,9800,16.29
37,42000,4500,12.99
36,42000,2000,15.62
37,70000,4900,12.18
39,55000,4975,12.21
40,28000,5000,12.99
47,28500,5000,5.42
38,42000,4000,10.74
38,30000,5000,13.61
44,30000,5000,13.98
36,30000,5000,11.14
44,42000,13200,6.17
50,30000,5000,12.84
41,32000,5000,13.98
39,32000,5000,9.32
36,32004,5000,10.62
39,42000,8000,10.38
50,42000,10000,14.84
50,34000,5000,5.79
41,34800,5000,11.99
49,42000,16750,10.99
42,29000,5000,16.49
38,35000,5000,9.99
36,42000,7800,12.53
36,29000,5000,16.45
38,35000,5000,15.37
37,35028,5000,13.47
40,35827,5000,10.75
50,36000,5000,10.37
38,37200,5000,9.99
45,42320,7475,13.49
38,39500,5000,13.22
39,34000,5000,8.49
42,40000,5000,6.17
36,40000,5000,12.61
37,40000,5000,12.18
40,42996,8400,13.49
40,42996,15000,16.0
48,41500,5000,7.29
41,42000,5000,7.49
38,43000,8250,7.51
45,43000,3600,13.49
36,37000,3000,18.39
39,37200,5000,15.62
43,43000,15000,8.88
38,45000,5000,12.68
38,43000,10000,7.51
38,39000,5000,17.74
41,45600,5000,6.17
41,43000,22800,12.21
39,43000,6250,7.68
40,43000,2500,12.84
41,47000,5000,7.51
50,41496,5000,15.31
44,48000,5000,13.43
47,43200,13750,14.84
39,48500,5000,10.99
41,56000,9000,5.99
36,43680,15000,13.11
43,54000,9000,15.65
37,44000,5000,7.49
38,44000,10000,9.63
37,65000,9000,6.91
39,44000,8000,9.63
43,44000,10000,10.38
47,70000,9000,12.87
38,74000,9000,12.84
47,44000,4000,11.14
43,44000,8000,9.32
39,44000,2500,7.68
38,44000,7000,9.76
43,85000,9000,11.89
47,86000,9000,12.87
40,108000,9000,11.86
37,133000,9000,13.85
47,244000,9000,13.61
41,30000,8875,5.42
42,32400,8875,16.29
41,38200,8875,19.03
46,44782,6000,13.67
48,31824,8800,15.62
45,45000,15625,8.9
47,45000,11200,6.62
48,50000,5000,11.49
36,44000,5000,13.22
37,45000,10800,6.03
38,44000,5000,15.65
37,50000,5000,11.89
40,45000,3600,6.62
45,45000,14000,6.62
39,24000,8500,7.49
39,45000,3000,7.9
37,27000,8500,8.49
37,43000,8500,8.88
38,64777,8500,7.51
42,68000,8500,10.37
39,30000,8450,5.99
42,2039784,8450,12.29
43,46000,5000,10.38
41,52000,5000,7.88
36,53000,5000,10.74
46,45000,12250,6.54
43,45000,5700,6.91
50,54996,5000,13.47
36,45000,7000,7.14
38,45000,6375,7.51
36,58000,5000,6.62
39,45000,12000,14.72
41,52106,5000,12.84
40,58500,5000,7.49
38,60000,5000,14.79
36,45000,2000,9.88
41,60000,5000,5.42
37,60000,5000,6.17
40,60000,5000,15.31
37,63000,5000,10.2
38,64000,5000,7.88
40,65000,5000,9.63
43,65000,5000,9.62
37,59000,5000,14.84
44,65000,5000,8.0
39,68000,5000,13.49
36,45000,8000,14.74
38,70000,5000,12.42
37,45000,12000,12.21
44,54400,5000,12.61
43,71015,5000,11.14
50,75000,5000,13.23
42,45000,5000,7.43
40,76000,5000,13.72
36,45344,16750,7.88
37,84000,5000,10.0
40,45600,7000,6.62
36,45600,10000,13.49
36,87000,5000,13.98
38,90000,5000,8.49
36,45600,18000,6.91
41,90000,5000,14.26
36,39600,1800,14.09
38,94000,5000,15.33
38,95000,5000,13.48
44,98000,5000,15.96
43,98760,5000,14.84
42,45760,9600,7.51
36,100000,5000,7.66
37,45996,6000,9.25
43,45996,6300,7.51
38,108000,5000,15.21
40,46000,10000,7.9
41,46000,7700,11.71
38,26000,5200,13.43
36,46000,8000,5.42
39,40000,5200,6.62
50,46000,8600,14.09
37,46000,5000,10.75
38,28584,5400,13.47
40,28800,5400,10.37
38,46150,6500,6.03
40,34500,5400,12.61
37,54000,5400,13.99
36,14400,5500,17.56
37,40680,8000,15.21
41,21000,5500,5.79
37,46996,13750,13.98
41,47000,7200,7.51
37,28800,5500,6.03
36,30000,5500,8.9
47,47000,7500,6.62
40,30000,5500,14.74
36,30996,5500,12.53
38,47000,11000,8.9
36,34000,5500,12.29
43,48000,5500,12.61
39,50000,5500,6.54
41,47000,7500,11.12
36,50000,5500,8.32
46,47000,6000,7.14
43,47000,10000,7.88
36,47000,5500,7.14
41,47000,14000,7.88
37,54000,5500,13.23
46,60070,5500,14.22
44,63000,5500,7.51
37,79600,5500,7.88
39,47471,5000,7.51
36,47500,2700,5.79
38,30000,5600,9.99
38,35000,5600,11.11
40,38004,5600,11.58
46,47844,27175,8.49
37,48000,7000,7.9
42,52800,5600,10.99
38,48000,7800,10.65
37,48000,2500,6.03
36,48000,1500,8.9
38,48000,5000,10.65
45,73000,5600,15.27
43,48000,10400,5.99
41,137004,5600,8.59
36,39996,5700,7.29
44,48000,5000,9.99
42,85000,5750,12.99
48,39000,5800,14.54
38,48000,18000,8.49
38,48000,6200,7.29
39,23500,5850,15.2
48,44000,5850,9.99
43,48000,4500,5.42
44,119000,5900,6.17
38,35427,5950,11.72
42,48000,6500,7.29
38,18720,6000,15.99
39,20400,6000,15.27
40,48000,8000,15.95
37,48000,3500,7.88
42,48000,3500,14.35
37,24000,6000,11.49
47,48000,16750,10.62
38,25200,6000,14.59
48,42000,14400,12.87
37,27052,6000,10.37
44,48000,17500,12.18
45,48000,8000,9.63
36,28800,6000,15.96
36,48000,10000,9.63
48,30000,6000,12.42
39,30000,6000,10.75
41,30840,6000,10.59
39,48279,4800,13.98
37,48500,6000,7.88
38,32000,6000,11.36
43,33000,6000,15.62
39,48840,15000,9.88
38,34000,6000,7.9
36,34000,6000,13.57
38,48996,5000,7.29
38,49000,7250,11.99
39,36000,6000,8.49
44,49200,3600,16.29
38,36400,6000,12.87
36,37008,6000,14.79
37,38000,6000,15.33
44,49510,4000,10.62
43,49578,16000,13.49
36,38160,6000,12.61
42,33564,6000,16.29
38,49853,12000,13.3
36,49901,8400,13.61
39,40000,6000,14.54
36,50000,5000,7.51
38,41280,6000,13.61
42,44000,6000,9.63
39,44500,6000,7.88
38,45000,6000,11.71
36,45000,6000,9.99
37,45000,6000,12.61
36,50000,10000,6.03
37,46000,6000,11.49
37,50000,8400,6.03
37,50000,3200,7.51
39,46500,6000,6.99
43,48000,6000,11.14
39,42000,6000,17.58
40,48000,6000,10.08
44,50000,6000,11.99
37,50000,2325,6.99
41,50000,6000,8.88
37,44000,6000,17.04
41,50000,6000,10.71
38,50004,6000,13.79
43,50000,5000,10.0
47,52000,6000,10.99
36,52000,6000,9.99
43,50000,5000,9.63
39,55000,6000,12.99
48,49000,6000,14.09
43,50000,5000,13.35
40,55182,6000,6.99
44,44000,5000,12.23
37,50000,20000,6.17
43,57000,6000,10.75
42,57996,6000,8.59
48,59000,6000,5.99
39,60000,6000,15.27
38,60000,6000,13.57
38,50000,10000,11.86
41,50000,5000,6.76
36,31000,7100,8.9
36,50000,16000,13.48
36,50000,12250,12.73
37,24000,7000,6.92
40,50000,6000,14.96
46,65000,6000,12.69
49,50000,15850,14.26
38,50000,3000,15.05
48,66000,6000,11.89
42,66500,6000,10.25
36,50000,15200,12.21
39,50000,8000,7.68
47,70000,6000,8.49
44,70000,6000,5.79
36,70000,6000,7.29
39,70000,6000,8.94
40,71599,6000,9.63
49,50000,10000,9.07
43,72000,6000,12.42
50,56100,6000,16.49
36,44000,9400,13.3
37,74568,6000,14.26
36,44004,1800,10.0
39,60520,6000,15.33
38,78000,6000,6.99
41,78000,6000,9.63
37,79000,6000,10.0
46,50004,3000,8.59
38,80000,6000,11.83
40,80000,6000,8.94
36,80000,6000,12.87
48,50016,10400,11.58
39,86000,6000,14.84
37,86000,6000,7.14
36,50400,12700,7.29
46,105000,6000,7.14
42,110000,6000,8.9
42,160000,6000,10.65
41,50780,6000,10.99
42,51000,18000,9.91
42,51000,20000,8.49
36,25000,6200,9.91
40,44000,6200,5.42
43,33500,6225,14.79
45,51000,7000,7.88
37,55000,7000,16.32
41,51000,14500,8.94
36,51000,1000,11.83
37,51000,12800,12.84
44,57600,7000,7.4
48,57996,7000,13.61
36,51000,4775,11.14
39,51000,12000,11.34
36,52000,7000,13.85
36,60000,7000,7.88
42,55392,7000,15.95
50,51500,10875,7.49
38,62000,7000,10.62
46,51600,10000,7.51
38,65000,7000,7.88
36,51996,8500,11.49
40,68000,7000,7.51
39,73882,7000,9.91
36,51996,7500,10.51
36,75000,7000,6.92
36,46000,5350,15.27
38,52000,5000,10.99
42,97600,7000,8.9
47,52000,12000,7.29
37,52000,6000,8.88
43,175436,7000,5.99
37,14400,6950,7.66
38,52000,8000,15.21
36,52000,2275,11.86
40,52000,15250,11.86
36,52000,8000,7.51
37,21600,6500,8.49
38,52000,15250,7.88
36,24000,6500,7.29
41,28800,6500,12.69
37,30000,6500,10.37
41,30600,6500,10.65
47,31400,6500,9.32
44,52000,6000,8.59
36,52000,3000,9.63
41,52000,1500,8.32
47,52000,5000,10.08
39,42000,6500,13.99
37,52188,10000,5.79
42,52400,21000,10.38
39,53000,6500,7.29
38,55000,6500,11.03
40,60000,6500,11.11
36,52660,15000,13.16
40,75000,6500,7.9
36,46800,2800,7.51
46,52800,2800,6.76
37,26240,6600,11.49
40,52479,6600,14.54
37,89532,6600,12.53
45,19368,6700,12.92
36,53000,2200,14.35
39,50760,6725,16.45
37,37500,6750,6.91
40,53000,3000,10.62
36,47000,4900,14.11
42,21120,6400,11.14
37,53532,4000,5.42
38,53712,4000,13.43
39,31200,6400,11.49
47,53808,15000,11.71
43,32000,6400,7.49
39,54000,9000,11.71
40,54000,6000,13.49
37,51000,6400,16.89
48,54000,2000,5.99
37,60000,6400,9.64
43,80000,6400,11.71
44,80000,6400,13.16
40,54000,5000,5.42
41,54000,6000,6.17
36,112455,6400,9.99
38,48000,9000,15.21
39,54000,25000,11.49
36,48000,1500,13.92
47,54000,4000,11.58
46,54196,4500,11.49
37,48257,7000,15.21
41,54500,7700,6.91
36,54500,20500,6.91
37,54996,7000,6.92
39,54996,5500,7.51
47,54996,9000,10.38
41,37200,7000,9.32
39,37800,7000,11.49
42,55000,16500,12.69
46,55000,5000,9.91
37,35000,7000,16.77
43,55000,10000,6.03
45,49000,24250,19.03
36,41000,7000,9.63
38,55000,15600,7.9
36,42000,7000,6.62
43,42000,7000,14.96
40,55000,12000,6.62
39,55000,10000,5.42
41,43000,7000,7.43
40,38000,7000,15.99
36,44000,7000,8.0
38,55000,6000,5.42
36,45000,7000,9.91
43,45000,7000,12.99
37,45000,7000,7.49
43,45000,7000,5.42
41,55000,9000,5.99
38,47000,7000,13.35
37,55000,24375,10.37
46,55000,15000,10.37
38,55000,11700,7.66
41,50000,7000,12.87
39,50400,7000,11.86
38,52000,7000,5.99
39,53800,7000,9.62
39,55000,13000,13.98
36,49000,7000,10.74
36,55000,7000,6.92
41,58500,7150,15.99
37,60000,7175,7.9
44,55000,5000,7.51
40,55000,3600,6.39
38,24000,7200,10.65
36,25200,7200,7.29
44,29088,7200,11.71
40,55000,8000,11.36
43,55000,2000,12.53
38,55000,14000,13.22
37,29000,7200,19.03
37,49000,4000,15.65
42,40000,7200,10.75
37,45000,7200,9.63
36,50000,7200,13.98
36,49074,8000,15.68
42,60000,7200,5.79
37,55236,6500,6.03
42,55308,2000,11.49
37,66560,7200,10.0
36,55500,7875,11.99
38,55550,22500,7.49
37,55900,17000,8.7
39,49993,12600,16.89
48,56000,15000,6.99
36,95000,7375,8.94
43,19440,7500,9.01
39,56000,10000,12.73
37,25000,7500,10.99
38,26300,7500,13.47
37,56000,13000,9.63
39,56004,6000,11.36
42,35000,7500,9.99
38,36000,7500,11.36
41,36684,7500,10.96
36,56400,20000,13.57
41,38500,7500,8.49
36,56500,12000,7.49
36,56650,12000,13.72
39,57000,6300,10.99
37,48000,7500,16.29
44,48000,7500,11.49
41,57000,10000,7.51
36,55000,7500,8.9
39,57000,3000,9.63
36,51000,10000,15.68
42,58000,7500,12.99
41,58000,7500,11.03
46,57359,9000,6.92
41,62000,7500,11.36
38,64800,7500,9.63
38,65000,7500,12.29
41,67500,7500,9.88
37,57552,15000,9.63
38,57600,9000,10.99
50,68608,7500,10.33
36,80000,7500,11.49
44,57700,3600,6.99
37,95000,7500,7.51
41,57996,15000,9.62
39,57996,8000,7.88
39,117996,7500,13.24
48,128000,7500,17.49
37,178008,7500,11.14
41,210000,7500,6.03
41,58000,1800,7.51
37,780000,7500,12.18
36,21324,7550,14.61
44,58000,6400,16.29
41,34560,7550,16.89
40,52000,7000,14.65
40,58000,8000,18.79
36,80000,7600,13.49
39,30000,7675,16.0
40,63000,7700,15.23
36,58000,21600,6.54
36,52000,1500,11.36
43,58000,9000,13.22
41,58000,5200,12.87
46,58000,6300,11.03
37,52200,16000,15.25
39,102000,7800,11.99
42,18000,8000,6.91
45,59000,9000,7.9
36,53000,10000,13.98
37,59000,9000,10.25
36,24000,8000,13.61
43,25000,8000,11.99
36,25000,8000,15.65
36,59004,10000,7.51
40,59484,5500,7.14
44,28000,8000,7.49
36,59617,21000,15.62
36,59800,18200,18.25
42,30000,8000,14.96
41,31000,8000,10.38
39,60000,17000,14.65
48,32000,8000,6.62
45,32000,8000,10.99
36,60000,17050,12.69
39,35000,8000,13.22
47,30000,8000,12.18
39,60000,12800,6.62
36,30500,8000,11.11
36,31000,8000,14.11
37,54000,3500,16.89
42,60000,8000,5.42
40,60000,14400,5.42
46,60000,4100,13.49
38,60000,2700,11.99
40,32000,8000,14.96
39,33100,8000,14.26
39,39996,8000,7.14
50,60000,2000,7.49
41,60000,16800,17.99
38,60000,8000,10.99
36,34000,8000,17.74
37,42000,8000,12.69
39,60000,4000,10.59
46,60000,3600,6.99
40,60000,3500,12.99
37,43000,8000,11.49
43,60000,18000,10.99
39,44000,8000,12.53
39,60000,6800,17.49
48,60000,8000,10.37
37,45000,8000,10.74
41,39000,8000,14.84
37,45000,8000,9.63
36,60000,10225,17.51
42,60000,8850,10.37
41,48000,8000,5.99
48,60000,2500,7.29
41,60000,4900,14.09
36,50000,8000,17.49
37,50000,8000,10.99
37,54000,25000,15.57
43,60000,9250,5.79
43,50000,8000,12.84
41,60000,12000,6.91
42,50000,8000,10.14
36,50700,8000,10.99
41,60000,3850,13.35
36,51000,8000,13.47
39,60000,15000,6.91
41,54000,5000,13.23
36,60000,15000,7.88
38,60000,10000,7.51
36,49000,8000,15.31
36,60000,13750,7.51
41,57600,8000,6.03
37,60000,12000,12.73
45,54000,7750,16.07
43,60000,8000,10.37
40,60000,4800,14.59
39,60000,8000,9.88
40,61500,8000,11.48
38,60000,6000,14.96
43,60000,10000,9.88
44,68000,5150,7.9
38,60000,16000,16.35
36,20000,5075,11.48
43,22800,5075,10.59
39,54000,6000,11.83
36,60000,8000,13.92
36,15000,5000,10.59
40,60000,12000,8.94
40,16800,5000,8.94
37,60000,5000,9.32
39,60000,7000,7.68
37,60000,6000,9.32
40,60000,12000,9.63
47,21000,5000,15.99
37,21000,5000,15.21
36,54000,10000,14.93
37,24000,5000,14.65
44,60000,11800,8.63
46,60000,5000,11.72
36,24000,5000,10.36
43,60000,4800,9.64
39,24000,5000,11.14
36,24960,5000,6.62
36,60996,15000,9.63
40,54996,6000,9.76
44,26400,5000,10.0
39,61000,14000,16.29
37,27036,5000,11.49
38,27600,5000,14.59
42,61000,14400,7.51
40,62000,8000,8.49
42,62000,8000,9.63
36,61000,10000,10.25
36,62000,8000,11.12
45,61000,11600,13.48
37,61000,10000,13.57
45,61000,20000,13.22
39,61250,5200,8.49
37,61260,6350,7.51
38,65004,8000,11.83
38,61450,12500,7.49
37,68500,8000,7.51
36,68848,8000,9.63
39,61766,5500,7.14
49,61776,12000,12.21
45,56000,7000,16.29
49,72000,8000,7.49
36,62000,6000,12.99
39,62000,7200,7.49
39,75000,8000,6.54
40,62000,2600,7.66
37,74000,8000,16.89
43,62000,5000,7.88
38,62000,15000,7.88
43,62000,20000,10.25
36,87000,8000,14.65
36,62000,7500,8.59
45,87000,8000,13.11
44,88000,8000,10.38
36,62000,4800,8.0
38,86105,8000,6.54
37,108000,8000,10.46
36,126252,8000,7.14
39,116000,8000,15.27
36,62400,2400,7.49
36,62400,12000,16.89
36,62400,14100,12.98
37,62400,10000,14.61
40,62400,7000,19.13
48,40000,8050,12.98
41,62500,5000,8.49
45,140000,8175,5.99
48,56500,15000,11.14
38,62691,6000,13.49
45,63000,12000,9.91
37,33280,8400,13.92
38,36000,8400,13.22
37,42000,8400,13.49
36,57000,1500,9.62
42,36000,8400,16.32
38,42552,8400,13.49
39,48000,8400,12.53
42,44000,8400,13.57
36,63000,4200,7.14
46,48000,8400,18.54
36,63177,6250,7.49
37,70000,8400,7.49
38,63500,2400,11.36
36,63599,5200,7.91
41,73000,8550,14.3
40,63996,12000,10.25
40,65000,8700,7.88
42,64000,2300,6.99
43,54000,8725,7.29
45,64000,6000,7.29
36,45600,8775,12.36
43,64000,15000,7.88
42,22000,9000,7.66
49,58000,16000,15.33
45,24600,9000,10.65
42,27000,9000,11.11
36,30000,9000,12.18
49,64800,6625,18.25
39,30000,9000,16.89
43,36000,9000,5.79
50,58800,22000,17.74
36,64973,9000,10.59
36,36000,9000,12.73
38,36000,9000,11.83
42,65000,22750,8.9
37,65000,11000,9.91
36,65000,23325,15.27
38,65000,10000,13.49
39,65000,15000,7.9
43,65000,15000,11.71
43,65000,7200,16.29
37,44700,9000,8.59
43,65000,6000,7.49
40,44940,9000,8.94
37,59000,15000,17.99
38,45600,9000,16.29
41,45600,9000,10.0
36,48960,9000,10.99
37,59000,12000,15.62
37,45000,9000,11.71
39,65000,6000,15.62
36,65000,6500,5.79
41,40000,9200,7.49
37,44004,9200,12.84
42,65000,10000,10.74
38,65000,15000,10.36
38,65000,3600,8.88
47,65000,7000,14.35
41,31000,9250,16.49
36,58000,9275,14.72
37,65000,4000,10.75
36,65000,7000,11.49
38,65000,8000,10.62
43,65000,24000,10.99
36,65000,4000,13.48
49,65000,12000,10.62
41,33000,9400,8.9
36,23004,9450,10.37
38,65000,11500,13.92
39,38604,9500,10.62
38,34000,9500,14.46
43,50000,9500,9.88
41,65000,20000,12.21
37,58000,9500,9.96
36,60000,9500,7.14
42,65000,6000,9.32
36,55000,9500,15.62
38,58000,9500,16.35
47,65000,9500,11.89
44,70000,9500,14.22
41,28800,9600,13.49
40,32000,9600,9.88
44,65004,25000,11.86
37,65004,17000,11.26
38,40000,9600,11.11
37,65379,10000,10.39
36,65458,8000,7.29
42,42000,9600,13.23
47,59827,6000,15.58
45,65993,9000,14.59
41,66000,10000,6.62
37,54696,9600,9.99
40,66000,6125,14.65
48,66000,12475,6.62
44,55000,9600,11.26
36,62000,9600,9.32
37,78000,9600,12.99
44,66000,5000,13.48
36,60000,13000,14.11
36,85000,9600,7.51
37,66150,17000,12.73
39,66200,13750,9.88
38,66420,5550,5.99
37,60000,9700,13.61
44,24300,9750,16.77
48,66948,24000,10.62
37,19896,10000,17.14
42,22800,10000,10.99
38,23000,10000,13.48
39,67000,15000,10.37
36,24000,10000,11.86
37,24000,10000,9.76
37,25000,10000,16.29
39,61020,9975,13.99
38,67200,8000,7.9
42,25320,10000,14.84
45,26000,10000,8.49
36,26000,10000,15.31
37,26400,10000,19.03
37,67600,33000,9.99
45,52569,10400,19.47
46,30000,10000,13.49
39,68000,16000,13.49
50,68000,10000,11.49
37,30000,10000,9.25
43,68000,5000,6.99
37,68000,7000,7.29
38,30000,10000,7.51
43,68000,7000,12.61
42,68000,5000,7.51
39,30400,10000,15.7
38,30500,10000,14.22
40,68000,9200,8.94
36,31200,10000,6.91
36,68000,7200,9.63
42,32000,10000,11.71
42,32000,10000,10.38
37,32000,10000,13.79
40,32400,10000,10.0
37,33000,10000,5.99
44,68500,14300,15.31
45,35000,10000,8.49
47,69000,20000,6.54
37,69000,12000,9.32
41,36000,10000,6.03
45,36000,10000,11.11
45,69600,6000,7.9
43,36000,10000,8.94
36,69736,2500,17.04
42,69996,10000,7.66
40,69996,6000,12.53
50,69996,8000,9.32
38,38000,10000,8.59
50,39204,10000,5.99
45,64000,4800,8.9
48,70000,21600,7.51
39,70000,12500,7.9
37,39870,10000,10.65
37,70000,30000,10.65
40,70000,18000,7.9
38,70000,17000,6.03
39,70000,19500,7.9
38,40000,10000,16.29
41,70000,5000,12.69
36,64000,6800,18.39
42,70000,10500,6.99
36,70000,6000,5.42
47,41000,10000,13.79
48,70000,9000,14.54
46,70000,8000,7.29
40,70000,12000,5.79
37,43000,10000,7.9
39,70000,10000,6.17
40,70000,11600,6.91
36,70000,16000,6.91
37,70000,15000,15.2
37,44000,10000,6.91
36,45000,10000,15.99
38,70000,9250,7.51
36,70000,10000,9.88
39,70000,8400,7.88
49,45000,10000,14.22
36,70000,11000,7.51
45,36000,4300,10.91
39,60000,4300,7.49
45,70000,10000,8.59
40,54400,25000,18.09
39,45500,10000,16.29
41,70000,20000,14.26
41,70000,14000,16.7
36,70000,6000,13.79
42,40000,10000,16.0
36,46000,10000,12.53
41,70000,20800,12.21
42,30000,4200,7.49
36,70000,25000,12.84
37,70000,25000,9.76
42,70000,2825,9.64
40,70032,14000,9.99
42,42000,4200,13.35
37,43000,4200,13.49
37,48000,4200,10.59
41,70800,12000,6.62
42,50426,4200,7.49
41,55000,4200,12.69
37,71000,11200,12.42
40,71000,7000,15.38
36,65028,10000,15.95
41,47508,10000,10.74
41,72000,10000,13.49
42,72000,8400,6.62
38,72000,15000,13.49
49,72000,14825,6.03
45,48000,10000,11.86
39,48000,10000,13.22
36,72000,3500,6.99
37,72000,5600,5.42
43,72000,5050,6.99
36,48450,10000,13.61
41,42600,10000,15.62
39,66000,2000,18.39
38,43000,10000,16.89
37,49500,10000,7.66
38,56100,6100,14.79
38,72000,6000,5.99
36,72000,8000,6.92
39,72000,15000,11.86
50,72000,8000,11.49
36,72000,2500,7.51
48,50000,10000,9.63
42,72000,10000,7.14
36,72000,6000,11.36
39,56100,8000,16.07
40,72000,14500,7.88
37,51000,10000,12.69
48,72000,7000,14.96
37,72000,1600,13.92
38,72000,8000,12.21
37,52000,10000,11.71
38,72000,5000,12.92
44,72061,4200,14.17
41,54000,10000,13.23
43,72800,20000,12.84
37,72800,23000,11.58
36,54996,10000,13.47
37,73000,5000,5.99
39,55000,10000,10.99
48,73000,10000,7.29
39,73000,10000,7.51
42,55000,10000,13.79
39,56000,10000,13.06
41,56448,10000,9.99
44,73500,20000,12.18
43,74000,11000,9.91
37,74000,12000,7.51
46,54000,10000,11.71
46,74000,20000,12.68
50,60000,10000,13.49
36,74000,1500,10.62
37,60000,10000,7.51
42,74000,16000,12.73
42,74000,5300,8.38
40,74004,7125,6.62
38,74237,18000,14.35
40,60000,10000,15.95
43,68400,9600,13.49
50,74400,7000,7.49
36,68400,7000,13.48
37,74400,7500,7.05
46,74500,10500,12.09
46,60350,10000,8.94
44,61000,10000,15.96
36,75000,24000,7.51
45,75000,10000,14.27
37,39000,4000,14.65
40,75000,10000,6.62
44,75000,6000,8.9
38,75000,9100,6.03
42,62000,10000,8.49
45,62200,10000,10.39
46,63000,10000,10.51
38,75000,25000,10.59
44,59000,10000,15.62
36,75000,10000,6.99
37,65000,10000,5.42
41,75000,5500,12.87
42,75000,9600,11.99
36,66000,10000,6.62
37,60000,10000,15.99
43,60000,10000,13.24
36,66847,10000,16.0
44,67000,10000,13.49
44,61000,10000,14.11
44,67000,10000,11.66
49,69000,10000,13.48
42,69228,10000,7.49
36,64000,10000,15.28
40,75000,7500,12.23
38,54400,10000,15.33
41,70000,10000,7.88
46,70000,10000,8.59
41,70800,10000,11.36
41,71500,10000,7.14
38,66000,10000,15.99
36,72000,10000,11.49
39,75000,16000,7.88
36,72500,10000,7.9
36,75000,14400,10.25
38,75000,20000,11.36
36,75000,10000,11.99
41,58650,12000,11.14
36,75000,15000,12.18
46,62047,10000,9.63
47,75000,12000,12.84
43,80000,10000,11.49
37,75000,17000,11.78
36,80000,10000,13.61
40,69000,13200,13.24
37,75600,28000,7.49
40,75600,14000,7.51
38,75971,18125,14.84
38,75996,3500,7.29
40,75996,3600,12.87
39,76000,5000,6.03
43,76000,9150,16.29
44,76000,3600,14.79
37,85000,10000,14.27
41,76000,4800,5.42
38,76000,9000,5.99
38,85000,10000,11.12
39,85000,10000,9.32
38,85900,10000,12.53
37,90000,10000,8.94
46,76800,13000,15.96
36,76800,6200,5.99
49,70872,15000,14.84
36,92000,10000,11.71
43,77000,12000,5.99
36,77000,6000,6.99
41,95000,10000,16.49
38,50400,10100,11.49
36,77000,10000,16.35
37,77000,15000,12.29
37,42000,10200,13.16
48,55000,10200,13.92
37,78000,10200,13.06
48,83500,10200,5.79
38,77250,3000,8.59
39,77256,10000,11.86
36,132000,10200,7.51
39,26000,11000,8.59
47,77533,25000,10.99
42,36000,11000,11.97
39,60000,11025,10.59
38,35000,11100,6.62
42,78000,20000,10.99
38,78000,3225,5.79
37,40000,3000,9.91
38,78000,6250,6.76
36,78000,15000,7.88
36,62200,11200,10.59
38,78000,4575,7.74
42,66000,11200,5.79
39,78000,12000,13.57
37,78000,12000,9.83
42,78000,8000,10.78
42,78456,25000,10.36
40,132000,11200,12.68
50,150000,11200,11.14
36,40000,11250,14.27
45,33600,11300,12.17
39,78840,15000,11.71
42,60000,11300,13.61
43,79000,4000,8.88
36,79200,10000,6.03
47,79500,16000,7.51
41,33150,11500,12.98
40,62540,7500,19.04
37,39600,11500,13.48
39,41725,11500,14.09
39,55600,11500,13.22
44,80000,10000,6.03
37,73000,11500,12.21
40,40000,13750,8.88
37,74000,10000,16.29
43,30000,11525,13.57
36,80000,10000,6.62
37,80000,13000,6.62
36,80000,12025,10.65
43,55000,11750,10.99
48,20400,12000,7.49
42,80000,10000,11.49
43,80000,9800,5.99
47,27000,12000,13.3
36,80000,20000,10.99
43,80000,10000,6.99
37,30000,12000,12.42
44,30000,12000,11.11
42,80000,5000,11.99
44,30000,12000,11.83
49,74000,12000,17.99
36,80000,5000,7.29
46,80000,20000,14.54
37,32000,12000,7.49
38,80000,10000,7.29
39,80000,5600,13.43
37,80000,10000,9.99
36,33600,12000,11.36
37,40000,15000,11.48
46,80000,10000,6.17
47,80000,10000,6.54
38,80000,4000,12.98
36,74000,25000,17.8
39,80000,19800,13.23
46,80000,5000,11.86
38,36500,12000,7.51
38,80000,5000,13.85
44,80000,15000,13.11
44,80000,25000,15.33
37,38200,12000,8.94
37,38304,12000,7.88
37,80000,20000,11.83
36,74000,10250,11.48
48,80000,7700,9.63
36,74000,10000,11.03
36,80000,15000,10.71
39,39996,12000,10.74
39,80000,5000,11.22
37,40000,12000,9.91
41,62903,9600,10.0
38,40000,12000,10.59
40,80004,9500,7.51
44,80100,8000,10.38
44,80160,5500,13.92
42,42000,12000,10.37
38,81000,10000,14.27
36,81000,6000,12.99
38,81000,11000,10.36
38,81000,7000,9.99
40,81000,20000,6.17
40,81120,24000,9.25
38,81120,8000,11.12
43,45000,12000,6.91
42,64464,30000,19.03
44,39000,12000,11.14
39,82000,8000,19.42
41,82000,12000,7.51
38,46000,12000,9.91
49,82000,10000,16.49
38,82000,10000,11.99
37,59448,12000,6.54
46,82359,6600,7.66
36,82500,11000,10.65
39,54000,12000,14.22
43,83000,3000,9.91
41,83000,3000,11.83
36,83000,13000,11.97
37,24000,3000,19.03
39,24000,3000,14.12
36,83625,13200,7.51
36,84000,6000,12.69
40,27599,3000,10.25
37,84000,8225,12.99
38,84000,15000,9.63
48,29120,3000,12.49
43,84000,12000,5.42
39,84000,9875,7.51
36,84000,1000,7.51
40,84000,17925,14.26
39,84000,4000,9.63
49,84240,14000,11.89
36,84996,3500,12.69
47,65000,12000,5.42
37,65000,12000,16.49
37,65000,12000,13.98
39,68640,12000,9.33
40,85000,5000,14.27
38,85000,15000,6.03
37,85000,5500,12.69
37,85000,10000,9.99
37,85000,8000,11.99
38,85000,6000,10.99
36,73000,8000,17.49
36,72800,12000,7.66
37,85000,5600,5.42
42,85000,8500,15.58
37,37000,6075,11.86
39,85000,5000,11.86
48,85000,10000,7.51
37,42000,3000,7.51
47,85000,5500,6.76
41,37000,10000,13.79
40,85000,10000,12.87
36,85000,8000,14.96
43,75000,12000,7.9
37,85000,10000,18.43
45,36700,2000,7.51
39,85000,12000,9.32
46,85000,1000,7.68
47,85000,10000,8.07
46,85000,5000,7.43
44,85280,7000,10.62
39,86000,8500,6.03
36,62900,6250,13.49
42,75744,12000,14.91
42,82000,12000,13.24
48,83000,12000,10.99
43,86004,10000,9.99
44,36000,4000,16.29
36,36000,10000,16.29
43,86044,6500,7.74
36,84695,12000,7.29
37,86500,6500,7.14
40,86500,10000,10.25
39,85000,12000,6.03
46,86807,10000,8.94
39,85000,12000,10.74
49,75000,15600,17.27
41,75000,4800,15.58
49,88000,12000,6.62
41,87000,9000,16.0
46,87000,20000,12.41
37,90000,12000,7.51
40,87048,17600,7.9
37,87950,14250,11.89
36,93000,12000,13.48
41,88000,4000,7.14
37,88000,12000,7.51
36,95000,12000,10.99
37,88000,1000,13.48
42,73100,12000,16.77
37,88296,15000,10.14
49,88400,20000,13.92
41,100000,12000,10.74
37,88824,3600,6.62
38,89000,6000,5.42
49,77000,16000,14.09
37,89000,5000,6.91
40,36000,2000,13.57
50,120000,12000,9.62
41,90000,15000,13.49
41,125000,12000,13.49
38,125000,12000,7.66
36,90000,3800,6.03
36,90000,12000,6.62
41,113000,12000,16.0
40,90000,2800,10.65
41,90000,13200,6.62
37,90000,4000,6.62
38,78000,15000,15.27
39,275000,12000,8.49
36,48000,12150,5.79
38,90000,7000,6.99
45,90000,2500,11.99
39,90000,18000,10.99
38,90000,21000,10.59
39,90000,10500,7.66
37,78000,5600,10.74
39,90000,4600,11.11
36,36000,12375,14.27
36,41000,12400,10.65
37,44196,12400,11.26
37,35000,13250,11.71
37,90000,22000,8.88
43,90000,15000,14.46
46,90000,20000,6.91
41,90000,8000,7.51
36,78000,9600,13.98
41,90000,3000,7.14
45,47000,2800,9.62
46,48956,2800,10.59
50,90000,24000,11.36
38,90000,14000,12.73
36,35000,6000,11.49
39,35000,6800,8.49
38,90000,9600,13.92
40,90000,2800,11.11
37,78000,20000,16.35
36,90000,20000,14.61
37,25000,2775,15.65
38,35000,1800,16.49
38,90000,9300,11.83
40,24000,2700,14.27
45,29676,2700,12.84
39,90000,22000,12.67
40,90996,22000,6.17
41,91000,2400,10.74
44,91000,7900,8.59
38,91200,9000,12.68
39,91992,3350,5.42
42,82500,2575,6.76
39,92000,20000,14.79
36,92000,4000,7.29
41,92000,12000,7.66
41,92000,8000,9.63
37,92000,12000,11.14
47,92000,12000,14.11
38,92904,5375,10.51
43,93000,7000,7.14
37,93000,18000,12.18
46,81000,7000,9.45
39,182500,12500,5.42
36,94000,4200,5.99
44,82000,8400,12.84
44,94128,4400,7.29
36,94185,10000,9.32
41,56004,12800,11.48
44,94800,7400,7.88
36,95000,13000,10.65
40,95000,5000,10.65
47,95000,5000,6.03
39,95000,8000,12.69
49,95000,7500,6.03
44,95000,21200,9.91
44,50000,13000,13.16
43,46000,13000,15.7
45,52680,13000,6.92
38,83000,24000,14.91
49,95000,3000,5.42
45,33600,4000,6.39
37,95000,3250,13.35
37,65000,13000,12.99
39,95000,20000,14.84
38,95000,14000,17.74
39,70000,13000,11.99
41,95000,21600,13.92
40,83000,2800,12.18
44,83000,12000,16.0
38,95000,4000,9.63
44,95000,10000,10.95
40,110000,13000,9.91
40,95892,15000,12.18
37,130000,13000,9.88
38,96000,6000,6.03
46,96000,10000,12.69
36,43000,13600,15.58
37,71400,3100,20.69
42,96000,5100,5.42
40,45760,13650,10.25
45,66000,13650,12.42
43,27036,13750,15.31
41,33000,13750,13.79
40,32878,13775,12.98
42,67300,13800,13.99
38,32560,6000,8.94
38,96000,1500,14.26
42,97000,1500,15.96
37,45000,14000,11.36
43,97000,14000,11.71
39,40800,14000,16.0
38,48300,14000,13.22
36,32000,3600,13.49
39,52000,14000,11.71
37,32000,12150,6.62
37,52000,14000,13.16
39,98000,8000,13.49
41,98000,5000,10.99
39,98000,35000,15.99
40,98000,5200,9.63
38,98000,12000,10.37
42,98000,18000,11.58
38,55000,14000,11.48
36,32000,1200,7.14
43,98004,6000,5.42
41,98004,12000,13.57
36,98240,20000,16.35
44,99000,10000,12.68
44,99000,8000,9.25
36,99500,4000,7.74
44,99996,14400,12.23
48,62000,14000,12.69
41,62004,14000,8.9
38,99996,25000,14.96
41,62500,14000,10.25
36,100000,9350,7.51
45,100000,16000,6.62
38,59000,14000,13.8
37,31200,6600,5.42
46,70000,14000,11.26
37,100000,18400,5.99
41,100000,6000,8.49
42,75000,14000,6.03
37,88000,6000,11.99
40,82000,14000,10.37
37,73000,14000,16.02
38,100000,5500,10.37
47,100000,2500,9.99
38,100000,14000,13.23
36,88000,7750,13.23
37,105000,14000,6.03
36,100000,8000,6.76
36,100000,6000,7.14
45,125004,14000,12.61
36,126251,14000,7.66
36,130000,14000,10.37
48,100000,15000,9.88
39,100000,3000,7.14
50,150000,14000,6.91
41,180000,14000,6.03
37,100000,9600,13.22
42,100000,5000,14.26
39,100000,6000,14.11
42,100000,4800,13.47
47,119000,14250,7.66
40,100010,8000,9.99
36,100111,20000,13.49
38,100280,17850,11.99
49,74880,14300,7.51
38,30120,14400,12.8
39,101000,2500,13.47
36,101004,12000,5.79
46,101500,15000,11.14
45,48000,14400,8.49
41,102000,7500,11.49
41,102000,7000,6.92
37,60000,14400,10.62
50,102031,12000,14.96
41,102300,8800,11.58
39,75000,14400,12.53
49,103000,12600,9.32
38,85000,14400,11.99
38,103970,15000,14.35
39,96500,14400,15.2
38,104800,14000,6.03
38,105000,12350,6.62
42,105000,2400,13.06
42,42000,14500,15.57
41,105000,21000,10.25
37,80004,14500,11.26
37,105000,25000,12.18
49,105000,11000,9.32
39,105000,9000,9.32
41,46152,14525,11.11
43,93000,7500,12.86
46,80409,14550,8.94
39,105201,15000,6.91
46,105398,20700,17.43
36,105859,12000,11.99
36,106000,4025,7.49
38,106000,5000,12.99
50,106000,10200,9.32
48,94050,23000,14.96
46,107000,4000,13.49
38,107004,15000,10.0
36,107004,13000,11.83
44,30000,7500,10.39
36,108000,14000,8.9
44,108000,10000,11.11
40,35416,2000,6.91
38,108000,4000,7.74
36,108000,7000,7.74
43,108639,18000,10.75
47,109000,16000,7.05
44,109000,12800,13.79
41,109920,20000,13.35
36,39996,2000,11.49
42,110000,10800,14.27
41,110000,30000,9.91
36,110000,16000,6.03
38,42000,2000,10.38
38,110000,3000,8.49
41,42000,2000,13.23
36,42000,2000,11.14
40,110000,5000,11.49
38,110000,12000,12.99
38,110000,16000,11.99
45,110000,20000,11.11
49,110000,3000,7.51
38,28800,13000,8.32
37,110000,24000,11.36
40,50000,2000,11.49
37,110000,12000,7.88
48,110000,6000,8.94
36,44004,2000,13.61
36,110000,15000,9.63
38,30000,15000,14.61
41,110004,25000,12.73
40,28000,1600,9.99
41,28000,2000,7.74
40,28000,12000,16.0
43,112000,25000,14.96
45,100000,10000,16.0
38,112224,25000,6.99
42,101000,25000,16.15
38,114000,19000,9.99
40,114000,6000,5.42
42,114000,19200,11.36
40,114054,35000,8.9
46,114440,3000,8.59
39,114996,12500,6.54
39,44531,15000,12.53
36,115000,10000,5.42
49,45000,15000,13.49
46,39000,15000,10.99
39,115000,25000,15.58
45,115000,8000,8.94
41,115000,20000,14.61
37,39000,15000,10.96
46,116000,10000,6.03
46,104000,30000,18.39
39,88400,25000,18.3
45,47000,15000,16.4
50,116000,5000,10.25
38,117000,10700,14.27
36,117000,20400,13.06
37,117000,8000,13.06
37,117000,10000,8.94
38,117400,16000,10.75
37,39996,1800,9.63
38,118000,11400,10.59
42,41000,15000,16.95
45,118000,25000,12.18
43,47840,15000,12.42
41,118075,28000,11.71
36,48000,15000,13.98
45,119004,5000,11.49
36,120000,30000,6.62
40,108000,6000,17.27
36,50000,15000,8.9
39,108000,12000,6.99
36,120000,14500,5.42
37,120000,5400,5.99
39,108000,30000,16.49
37,50000,15000,13.22
40,120000,9600,10.59
47,120000,15000,10.99
37,25000,5000,9.91
39,108000,20000,14.54
50,120000,5575,15.2
40,25000,8500,7.51
39,120000,12000,5.79
37,91800,20000,14.84
43,91800,8400,14.84
42,120000,9250,11.86
42,120000,6000,10.38
41,120000,20000,10.25
49,120000,12000,10.99
36,120000,25000,10.99
38,120000,23600,14.96
37,91800,5000,19.47
39,25000,8000,7.51
47,25000,10750,14.22
40,120000,17000,10.51
42,108000,14400,13.67
36,120000,10000,13.3
36,53550,1600,12.21
37,120996,4000,7.66
39,121200,1450,6.76
43,122000,12000,11.83
43,122500,9150,6.03
37,123000,35000,14.27
41,17000,1500,15.23
46,17496,1500,11.14
38,123600,12000,6.92
42,123735,6400,6.99
37,124000,30000,17.99
36,124000,2000,12.99
37,124000,19000,13.92
41,24000,4500,12.99
42,125000,35000,7.9
45,125000,12000,6.03
40,22800,1500,7.29
39,125000,4500,6.62
39,25140,1500,14.22
40,125000,10200,7.49
40,54000,15000,14.26
41,125000,20000,13.11
50,56000,15000,13.47
42,113000,24000,15.31
37,125000,8000,9.32
42,57000,15000,13.43
40,52000,15000,18.62
45,126000,6000,10.65
44,58000,15000,13.48
39,126000,14000,9.99
39,24000,3000,7.74
40,115000,10000,11.11
43,98600,7750,15.31
42,98603,24250,14.22
46,60000,15000,13.49
38,130000,30000,9.91
46,60000,15000,16.32
36,60000,15000,13.57
45,118000,9600,13.99
38,130000,11000,10.74
40,100300,25000,14.83
40,130000,24250,6.17
39,130000,25000,16.07
37,22800,7000,6.03
36,65000,15000,10.59
41,132000,8000,13.49
40,132000,7500,7.29
36,65000,15000,13.72
36,123000,2500,14.91
41,135000,20000,9.25
41,68000,15000,13.47
36,62962,15000,11.71
40,136000,21000,9.99
36,136000,4800,14.72
42,136173,8000,6.62
50,137000,23000,7.9
37,138000,4000,15.62
43,138000,9900,6.99
36,138000,10000,13.98
38,71000,15000,8.88
45,139380,9000,7.51
45,140000,7500,6.62
38,140000,10000,15.62
48,140000,18000,9.99
36,140000,8000,6.99
38,72900,15000,12.68
45,140000,7000,7.29
41,108800,15000,17.88
41,140000,25000,13.8
37,74000,15000,11.71
38,140000,25000,9.99
38,140000,10000,14.09
37,140000,14000,7.51
37,74784,15000,14.5
40,75000,15000,7.29
39,128000,20000,13.11
36,140000,20800,11.48
44,140000,21500,11.83
38,140000,24000,12.18
38,140000,8000,10.95
36,140004,10000,6.92
42,140400,14000,10.99
43,141000,6000,10.99
43,141000,15000,12.53
36,141600,6000,11.49
40,142000,15000,10.99
47,75000,15000,13.48
40,142000,25000,15.31
43,142500,20000,11.49
39,69000,15000,14.42
36,144000,21000,7.9
36,144000,7600,15.23
37,144000,10000,14.17
41,144000,25000,10.08
37,145000,21000,11.99
36,145000,5000,9.62
43,145000,20000,6.91
40,145000,15000,7.88
37,146000,10000,13.99
36,19200,4500,13.49
40,148350,5000,6.03
36,81996,15000,14.09
39,150000,30000,8.9
40,150000,24000,6.62
42,150000,16000,8.49
40,150000,20000,12.99
36,150000,7200,6.92
36,150000,7000,7.29
40,150000,12000,10.37
44,150000,25000,13.43
38,150000,7500,10.0
36,150000,3000,7.29
45,88000,15000,14.83
38,18720,2500,11.86
37,150000,10000,13.48
38,150000,12000,11.14
41,150000,24500,11.83
38,150000,24000,11.83
39,138000,20000,11.14
49,150000,20000,16.95
37,92500,15000,7.49
40,150000,7500,8.07
42,150750,8150,6.99
38,151000,35000,8.9
41,141000,25000,14.96
39,49000,15175,19.13
36,155000,30000,7.9
36,155000,25000,10.74
37,155000,20000,6.54
42,37000,15200,14.26
40,36100,15250,12.53
47,156000,18000,11.99
37,156000,4000,8.49
39,156000,15000,11.89
37,145124,11375,10.99
40,160000,12000,14.27
40,66000,15575,14.27
38,160000,14000,6.62
42,160000,22000,6.99
36,69000,15600,10.99
37,160000,10000,7.51
36,160000,10000,12.73
36,160000,24000,14.96
44,45000,15775,10.99
40,56472,15775,10.59
39,164000,35000,13.99
42,153000,25000,20.53
40,165000,9000,7.51
36,75996,16000,8.94
47,168000,8775,8.49
36,170000,25000,7.51
41,170000,20000,11.11
46,82000,16000,10.99
41,88712,16000,10.95
42,175000,7000,12.99
44,175000,15000,7.66
41,138550,23000,14.96
38,175000,10000,11.26
44,140787,35000,16.49
47,178000,9000,10.99
46,180000,18000,9.91
41,180000,14000,5.99
37,181000,20000,13.85
40,182004,25000,16.07
48,185000,10000,20.62
36,185000,6000,10.0
37,185000,4000,10.0
47,187000,14000,8.9
40,187000,10000,7.9
37,108996,16000,13.11
38,98000,16000,16.4
43,195000,10000,12.73
40,14400,8000,7.14
36,120000,16000,13.06
37,200000,10000,13.8
38,200000,3000,7.68
47,204000,10000,13.06
37,205000,18000,10.39
36,171870,9400,15.62
42,300000,16000,9.63
42,224000,25000,11.86
40,250000,28000,7.9
39,250000,4000,15.23
37,250000,34000,14.79
37,74000,19200,12.87
36,238000,25000,15.95
40,275004,24500,10.99
36,290000,25000,15.65
37,244800,35000,18.39
40,300000,16000,14.17
40,33600,19275,14.5
36,261800,24000,10.62
39,310400,15000,15.65
39,325000,18000,14.96
42,360000,25000,9.99
45,54000,19425,11.99
41,381450,35000,13.49
41,444000,2500,15.31
40,550000,18000,11.12
40,550000,8000,10.75
37,600000,16000,10.25
42,499800,24000,18.43
42,600000,25000,14.74
43,780000,1000,8.94
38,37440,19750,13.92
37,800000,15000,11.36
42,39000,19750,10.65
37,900000,25000,12.87
47,1362000,6600,7.74
36,9600,3250,11.49
44,1440000,6400,7.4
36,45000,19750,13.35
46,8088,1600,14.42
37,7200,1000,11.14
37,6000,1300,6.03
41,4000,2000,13.22
36,28800,6000,15.96
47,79500,16000,7.51
44,36000,1000,7.51
47,48000,2500,14.65
43,46000,5000,10.38
39,70000,12500,7.9
37,25000,7500,10.99
44,94128,4400,7.29
42,85000,5750,12.99
38,37500,1375,6.91
37,74784,15000,14.5
40,35820,3275,8.88
46,47000,6000,7.14
36,43680,15000,13.11
37,32400,8000,15.99
44,88000,8000,10.38
40,38000,7000,15.99
38,160000,14000,6.62
38,55000,11700,7.66
36,20004,4375,10.74
41,110000,30000,9.91
37,52000,14000,13.16
38,130000,30000,9.91
36,155000,30000,7.9
39,84000,9875,7.51
38,81000,11000,10.36
37,74568,6000,14.26
37,33280,8400,13.92
47,65000,3100,13.49
41,35000,1500,13.06
37,60000,3000,12.53
38,110000,12000,12.99
50,58800,22000,17.74
38,18720,2500,11.86
43,97500,24000,10.99
46,90000,20000,6.91
37,48000,7500,16.29
42,360000,25000,9.99
37,60000,10000,15.99
50,41496,5000,15.31
50,68000,10000,11.49
41,140000,15000,17.88
36,45600,10000,13.49
36,50000,7200,13.98
36,52000,7000,13.85
48,41500,5000,7.29
36,38568,2400,18.39
36,33600,12000,11.36
37,79900,25000,13.11
37,108000,20000,16.32
36,62000,8000,11.12
38,17108,4375,7.51
36,26880,4500,7.66
44,140000,21500,11.83
41,69000,4000,16.29
37,45000,9000,11.71
37,100000,6000,11.99
41,40000,9200,7.49
47,37000,7400,8.0
39,31200,6400,11.49
38,200000,20000,11.48
40,63996,12000,10.25
36,48000,1500,13.92
39,40000,6000,14.54
42,39996,2500,5.42
36,25000,3000,8.7
38,65000,11500,13.92
41,95000,21600,13.92
40,50000,6000,14.96
38,104800,14000,6.03
36,120000,14500,5.42
39,55059,24000,12.53
41,21600,3500,13.61
37,72000,1600,13.92
45,45000,14000,6.62
38,74237,18000,14.35
39,182500,12500,5.42
47,65000,7000,14.35
37,22800,7000,6.03
36,214200,9400,15.62
39,27040,4800,8.59
46,50000,4350,10.99
40,74004,7125,6.62
41,38500,7500,8.49
36,62400,2400,7.49
40,42996,15000,16.0
47,18000,2000,7.29
38,80000,2500,10.99
42,114000,19200,11.36
38,81000,10000,14.27
42,65000,22750,8.9
44,37000,3500,12.87
48,28000,7500,7.74
38,60000,6000,14.96
36,250000,20000,7.88
43,36000,9000,5.79
37,55900,17000,8.7
38,74000,9000,12.84
46,60000,3600,6.99
39,201000,13500,11.49
37,74400,7500,7.05
39,37800,7000,11.49
45,69600,6000,7.9
40,80000,6000,8.94
40,71599,6000,9.63
48,30000,2100,12.42
36,65000,6500,5.79
38,118000,11400,10.59
40,40000,13750,8.88
43,78000,15000,14.46
36,29000,1200,12.42
37,145124,11375,10.99
42,125000,35000,7.9
40,32878,13775,12.98
37,780000,7500,12.18
37,88000,25000,19.66
40,70000,18000,7.9
40,233000,15000,11.83
49,76872,15000,14.84
43,400000,28000,9.91
40,125000,10200,7.49
41,42000,5000,7.49
36,51000,4775,11.14
47,52000,12000,7.29
43,55000,10000,6.03
42,78000,20000,10.99
42,100000,5000,14.26
37,73000,11500,12.21
37,63000,14900,9.63
41,54000,5000,13.23
38,66000,5000,12.92
43,55000,11750,10.99
42,48000,3500,14.35
40,95000,17000,10.0
40,45996,20000,14.61
38,61000,1000,9.45
47,52000,6000,10.99
41,100000,12000,10.74
45,119004,5000,11.49
43,46000,13000,15.7
41,38200,8875,19.03
42,31000,7200,11.99
48,60000,2500,7.29
41,103000,20000,14.61
40,136000,21000,9.99
36,42000,2000,15.62
40,68000,7000,7.51
38,18720,6000,15.99
36,29500,1250,11.83
37,12360,4000,9.99
36,72800,24000,14.09
37,50000,5000,11.89
42,30000,8000,14.96
40,95000,5000,10.65
39,24000,3000,14.12
37,186000,3000,6.39
37,45000,7200,9.63
39,35000,8000,13.22
37,65000,9000,6.91
37,40000,12000,9.91
41,30000,8875,5.42
41,381450,35000,13.49
45,42320,7475,13.49
37,25000,2775,15.65
37,130000,13000,9.88
37,90000,12000,7.51
36,34000,5000,10.65
50,120000,5575,15.2
44,51850,10000,14.11
37,58000,18200,10.99
42,52400,21000,10.38
37,24000,5000,14.65
46,336000,9000,11.49
44,83000,12000,16.0
36,36000,2500,9.76
41,102300,8800,11.58
38,78000,6250,6.76
39,50000,8000,7.68
44,80000,25000,15.33
36,84996,3500,12.69
41,24000,4000,16.07
36,31000,8000,14.11
37,50000,15000,13.22
38,30000,10000,11.22
42,32000,10000,11.71
36,15000,5000,13.92
36,145000,5000,9.62
36,72000,8000,6.92
36,16800,1200,13.06
36,69000,15600,10.99
47,53808,15000,11.71
37,85000,35000,8.9
36,32004,5000,10.62
41,56004,12800,11.48
40,73000,9975,16.29
37,26500,2000,13.16
46,60000,5000,11.72
44,61000,11000,16.02
37,42000,8400,13.49
46,72194,17000,8.88
36,24000,1500,9.63
39,75000,14400,12.53
41,52106,5000,12.84
38,18000,3000,13.23
49,120000,12000,10.99
36,24168,9925,13.06
40,55000,18000,7.88
40,148350,5000,6.03
39,97000,3000,9.25
40,59484,5500,7.14
46,48956,2800,10.59
36,58000,5000,6.62
48,140000,18000,9.99
37,30000,10000,9.25
36,98240,20000,16.35
46,88400,30000,18.39
40,64200,3000,7.74
36,24000,4000,14.72
38,65000,7000,7.88
49,15000,2400,9.91
49,64600,10000,16.49
36,31000,2500,8.9
36,60000,8000,13.92
41,45840,4600,10.99
38,55000,14000,11.48
38,20640,3500,12.61
39,64000,4800,12.73
39,73000,10000,7.51
38,17280,1000,16.29
36,180000,20000,11.48
36,59617,21000,15.62
47,100000,2500,9.99
40,150000,12000,10.37
40,54000,12000,10.62
40,24000,2700,14.27
37,45000,8000,9.63
41,113000,12000,16.0
40,66000,6125,14.65
38,91200,9000,12.68
37,60000,12000,12.73
40,100010,8000,9.99
38,95000,14000,17.74
44,48000,17500,12.18
40,132000,11200,12.68
40,86000,20000,14.54
39,24000,8500,7.49
43,54000,9000,15.65
37,120000,20000,14.84
43,138000,9900,6.99
42,75000,17000,7.9
37,80000,13000,6.62
41,92000,12000,7.66
36,136000,4800,14.72
41,70000,10000,7.88
36,430000,25000,13.8
44,48000,5000,13.43
44,95000,10000,10.95
40,65000,5000,9.63
41,37000,6000,12.99
37,65000,12000,13.98
38,140000,25000,9.99
43,43000,15000,8.88
43,350000,18000,11.49
40,46000,10000,7.9
39,45000,12000,14.72
36,65000,7000,11.49
36,138000,10000,13.98
40,86500,10000,10.25
47,47000,7500,6.62
44,38400,6825,8.9
37,40000,15000,11.48
37,68480,3600,15.23
39,18300,1200,14.74
36,93000,12000,13.48
40,52479,6600,14.54
36,135000,2500,14.91
38,36000,6000,13.99
36,160000,24000,14.96
39,73000,5000,11.86
36,61000,10000,10.25
42,45000,18200,10.83
39,325000,18000,14.96
38,35000,5600,11.11
38,59475,18125,14.84
37,21600,3000,12.18
39,40000,1000,10.37
39,80000,5600,13.43
37,46680,8000,15.21
46,180000,18000,9.91
42,64464,30000,19.03
37,32000,10000,13.79
39,150000,30000,8.9
41,90000,3000,7.14
45,60000,25000,9.99
40,43000,2500,12.84
42,50426,4200,7.49
48,66000,6000,11.89
38,40000,10000,5.99
46,60000,15000,16.32
36,53800,18200,18.25
41,24000,4500,12.99
45,64000,6000,7.29
43,112000,25000,14.96
36,48686,12000,13.99
36,44000,8000,17.49
38,99996,25000,14.96
37,90000,4000,6.62
42,600000,25000,14.74
38,200000,3000,7.68
38,110000,16000,11.99
36,92000,4000,7.29
42,101000,25000,16.15
40,52000,15000,18.62
144,6000000,5000,12.73
58,900000,19600,13.98
65,76000,35000,10.99
51,667680,10000,13.98
53,85000,35000,15.65
58,108350,35000,14.91
51,500000,20000,10.37
53,304800,5000,8.88
66,300000,28000,6.62
51,260000,14000,7.66
57,15000,3000,12.68
59,175000,12000,10.59
51,153000,25000,15.58
62,68375,24250,12.73
51,16800,1000,11.11
53,70000,24000,16.77
54,77000,24000,13.49
66,43000,22250,14.59
60,45600,20000,10.0
54,50000,20000,7.9
55,50000,20000,7.51
52,54833,20000,7.49
61,51000,20000,14.09
52,59004,20000,15.58
55,75000,20000,11.83
62,76500,20000,16.77
64,105000,20000,18.64
52,22500,6000,13.49
52,50000,18000,14.59
51,80000,18000,18.78
52,84000,18000,8.49
51,45000,16000,7.9
54,33600,1000,10.65
70,30000,1000,17.49
55,54000,1000,13.99
52,85000,1000,8.9
58,33600,1500,14.79
52,54000,1500,8.49
51,58000,1500,19.03
58,43500,1800,14.96
54,29000,2500,11.71
60,98000,15000,16.29
53,138000,15000,12.69
58,51252,13500,11.58
51,38000,13000,12.42
55,39000,13000,11.48
57,26400,2500,13.48
60,29000,2500,15.33
58,39996,2500,10.37
57,15840,3000,10.38
51,37200,3000,10.62
57,45600,3000,9.91
78,48000,3000,7.51
51,50000,12000,10.37
53,34000,10000,10.39
58,27000,3500,16.0
66,38400,11000,5.42
52,48000,11000,12.73
52,85000,11000,12.42
69,37000,10750,14.59
65,46000,10500,16.32
58,20000,4000,9.99
55,24543,4000,13.92
53,40000,4000,12.99
54,39000,20000,10.71
53,24000,4400,12.42
59,40000,3600,7.49
53,60000,4425,8.9
52,50000,4500,11.89
52,90750,4500,14.72
60,31500,4650,13.23
64,46000,4800,11.09
69,80000,4800,14.79
54,107000,10000,9.91
56,150000,10000,13.49
73,42000,5000,7.49
52,30000,5000,12.73
70,30000,5000,10.96
60,37200,10000,6.54
70,44000,7000,11.66
51,99000,9000,11.49
51,60000,8500,5.79
57,56650,5000,15.96
58,45000,3500,6.76
52,64500,5000,11.26
53,88000,5000,8.49
58,45600,6000,12.99
53,46000,4925,11.71
63,37000,5450,15.96
51,46560,11600,8.94
55,48000,5500,10.62
53,45000,5600,13.79
51,42000,15000,13.99
55,54000,5800,6.76
69,24000,6000,6.62
54,48000,6000,8.0
60,49008,12000,13.79
51,98000,6000,15.96
53,110000,6000,7.9
56,19200,6025,11.71
52,75400,6125,7.74
52,71520,7000,16.82
52,52000,9600,8.49
54,52000,1000,10.0
52,150000,7000,6.99
57,170000,6300,13.11
57,70000,6600,10.99
61,53000,7000,7.49
57,77385,6625,7.66
57,53000,5800,13.16
80,64000,6800,11.71
66,42000,6475,9.99
53,28000,7000,6.0
59,55000,1000,10.59
66,40000,7000,15.68
51,55000,16750,15.2
58,49000,7500,13.55
54,22880,7500,11.89
56,65000,7700,5.42
52,52000,17000,7.88
51,28000,8000,11.86
52,33996,8000,9.25
62,60000,16000,8.9
70,42000,8000,9.63
60,60000,9000,13.8
55,51000,8000,5.79
66,54000,8000,16.02
51,60000,8000,13.48
53,24000,5000,14.42
52,25000,5000,12.61
55,60900,8500,6.76
57,64000,8000,8.9
52,83200,8000,15.96
53,85000,8000,7.74
57,62004,2000,13.72
51,45000,8400,13.11
62,51600,8525,6.54
54,65000,9600,15.99
51,52250,9200,13.61
53,55000,9500,5.42
59,42000,9600,7.66
51,67619,15000,13.11
58,68000,8000,10.99
51,36000,10000,15.65
52,69996,12000,11.11
56,70000,2500,5.99
53,43200,10000,9.88
56,70000,15000,10.38
61,10636,4000,12.21
56,71884,7425,9.99
60,72000,10000,10.59
51,72800,5700,7.66
56,59200,10000,13.61
51,74628,3000,13.49
64,56000,10000,16.82
55,75000,7700,14.84
55,75000,10000,7.51
53,75000,10000,8.94
61,90000,10000,5.79
51,76960,15000,9.99
52,36000,11200,12.18
62,62050,25000,13.43
54,79864,1800,9.88
53,80000,15000,6.62
55,34000,12000,6.92
66,82000,28000,7.9
64,24000,3000,6.99
59,83768,12000,11.86
51,68000,12000,16.77
61,85000,9000,9.99
58,85000,8000,11.49
51,80000,12000,12.69
51,84000,12000,7.49
64,87000,15000,7.51
58,100000,12000,8.9
53,105000,12000,6.91
63,1782000,12025,14.27
61,78000,8525,14.54
56,90000,7200,6.17
55,91154,10000,6.62
53,92000,15000,11.12
62,16800,2500,6.91
65,93000,25000,9.99
55,94000,4000,6.62
84,94800,10000,7.51
54,95000,6500,10.65
53,95000,6000,5.42
56,95004,12000,11.58
54,97800,10000,13.23
58,100000,6000,5.42
52,100000,10000,9.88
63,106000,11500,12.98
53,106000,20000,9.88
52,29000,7000,7.49
55,28800,5000,15.33
57,40000,15000,8.9
51,115900,12000,7.88
52,116000,12800,9.99
73,39240,1800,12.53
70,48000,15000,6.99
64,119000,5000,8.0
51,120000,30000,7.9
54,120000,17625,7.49
64,120000,20000,11.11
69,120000,20000,14.84
65,120000,12000,11.48
55,123000,10000,10.99
54,125000,12000,6.62
55,125000,8400,9.63
54,129000,9000,11.49
76,75000,15000,8.94
60,150000,10000,5.79
56,150000,15000,11.48
54,154000,12000,12.69
61,148000,24000,10.38
54,170000,11000,6.62
52,163000,25000,14.11
67,200000,3000,10.28
52,720000,7925,8.94
58,780000,4500,6.91
60,9600,2800,10.99
54,29000,2500,11.71
53,46000,4925,11.71
56,71884,7425,9.99
58,780000,4500,6.91
60,98000,15000,16.29
51,80000,18000,18.78
55,50000,20000,7.51
69,24000,6000,6.62
56,70000,15000,10.38
51,58000,1500,19.03
57,77385,6625,7.66
54,129000,9000,11.49
61,160000,24000,10.38
52,71520,7000,16.82
53,45000,5600,13.79
57,40000,15000,8.9
52,30000,5000,12.73
53,85000,8000,7.74
60,49008,12000,13.79
60,45600,20000,10.0
52,52000,9600,8.49
56,90000,7200,6.17
52,65004,20000,15.58
52,64500,5000,11.26
57,53000,5800,13.16
54,120000,17625,7.49
65,76000,35000,10.99
56,150000,15000,11.48
66,42000,6475,9.99
